-0.5649893933170501,-1.0177518942337227,1.8543585865419356,0.39221348585396554,1.0
-0.48006908161913425,-0.7595685230417499,0.6902500614478679,-1.8720927961117524,1.0
-0.4545683338257181,-0.5796166324948991,1.504527948249022,-0.20263056577237468,1.0
-0.4543315309493705,-1.017259529736773,0.7899843598901595,0.659269214875661,1.0
-0.4891150732451631,-0.8043967391129632,1.042357943811038,-2.4041134599498286,1.0
-0.9317663678926656,-1.159684864943771,2.238751693522239,0.5758627703493614,1.0
-0.46516693659859676,-1.0590005156537081,0.9454882459968812,-1.65555699559419,1.0
-0.3810014721157734,-0.6198229077990017,0.9474384017592743,-0.558269420010671,1.0
-0.9501806222057475,-0.9080656553217696,0.9925621518121626,-0.9678093680688377,1.0
-0.565056355570002,-0.8810589388720624,-1.5552895412375374,0.6889176199224545,1.0
2.3078495327295934,-0.9508447970184433,0.5716440462972902,-2.164621367868198,1.0
-0.9005280507672409,-1.07814825666487,1.2373182491383121,-0.1747795101301505,1.0
-0.822084876047798,-0.8251986153170686,-0.9289793644506601,0.3956693223913215,1.0
-0.38168935707791424,-1.0694418904995528,-0.8647166174580916,-1.0096918012638716,1.0
-0.5557851272749535,-0.6979360114480484,-1.5928650995705027,0.7342522215948349,1.0
-0.8681000883433527,-0.9983495903017977,1.3810609801247125,-0.5199133025060292,1.0
-0.860359982399434,-0.8400397383559748,-1.8479943921733926,-0.4431290163179914,1.0
-0.4683263374424117,-0.8909795596935801,-1.2566018203072844,-1.8138031304950124,1.0
-0.48375809300902217,-1.062961430894063,0.7733263669502245,-2.049049181111564,1.0
-0.4048948214644702,-0.9025133551722316,-1.0453935167160098,-1.187871222272506,1.0
-0.49265189769652434,-1.0830300087487643,1.180164413855737,-2.1960689563495643,1.0
-0.4739876915556061,-0.8683622203549775,1.3159609200615734,0.5250575191773608,1.0
-0.46208667296281564,-0.7177823862528606,0.4729042118023609,-1.7361552781790655,1.0
-0.9532245375131309,-1.0684298195623123,-1.4282361508725323,-1.6765702633704613,1.0
-0.8295725342980886,-0.9846430007739477,1.5324975045620262,-0.3058969352062993,1.0
-0.9462298797189814,-0.6589564570501757,0.6094835851057061,-1.5345157313636537,1.0
-0.9752456192255576,-0.9703770013708402,0.9260535084307975,-2.0822241638530357,1.0
-0.9436062682109436,-1.0406898990457645,0.6147516454689224,-1.4669427298718876,1.0
-0.4861017718623339,-0.7723720951305136,1.9657183376413876,-2.295017757148229,1.0
-0.945989424356109,-0.8309383282506584,0.8788249265556815,-1.5710008762592538,1.0
-0.4292748646425754,-0.5479899656877499,0.32304002107195123,-1.3415836350018044,1.0
-0.9456423468241051,-0.7927821749051313,-1.1105900946404856,-1.3695051697970648,1.0
-0.4475074686258319,-0.6850245382035705,0.505665838683784,-1.5509232257896461,1.0
-0.4057473726940969,-0.9176302023294296,2.068277227171003,1.0891003468968357,1.0
-0.9369555163729991,-0.9043896829392242,-1.3936551210579626,-0.41851790568114583,1.0
-0.37433568420830254,-0.3455131327142769,0.11724199732504208,-1.0202702243264754,1.0
-0.426778998850737,-0.9982626408268044,1.1643210481642636,0.3563765395628707,1.0
-0.9433443240523514,-1.0271455802851008,0.5370638414217064,-1.532788599107835,1.0
-0.38777074714144244,-0.7558139818564998,0.6409092232996523,-0.8660539773544679,1.0
-0.6463238763693993,-0.9362874644949065,0.6426675807478507,0.0033991248656251665,1.0
1.45298810537601,-0.9555892003593696,0.4802589553301176,0.4609372101715144,1.0
-0.9698553526622221,-1.036127565810306,0.3221709478504278,-1.8663357759271184,1.0
-0.9661907094449311,-0.7908095741652245,1.4897231807406506,-1.7171570853693447,1.0
-0.8361316695990398,-0.9504404295805229,-1.080064877349523,0.40746999544988954,1.0
-0.9667696316028255,-0.6046120923537689,-1.833784818143264,-1.9406014149101827,1.0
-0.49064637822061913,-0.9493540849351254,1.2661812143729205,0.5434790405527586,1.0
-0.9594092229393146,-1.0076353751974612,1.102104974795425,-0.16384083117377354,1.0
-0.8466019483453527,-1.157725767562089,0.38084597062278874,-1.5964755530240087,1.0
-0.8362170160341656,-0.9251056572523725,0.7187488161202525,0.7039566659606823,1.0
2.7069293416282405,-0.9995104181721592,0.8955266412618629,0.7185660249692472,1.0
-0.03094381548148008,-1.0049492649705918,-1.2970704396633939,-0.10454402108018786,1.0
-0.4907891295689572,-0.8411774146191393,2.1005694637695154,-2.2835757679577156,1.0
-0.5649893933170501,-1.0177518942337227,1.8543585865419356,0.39221348585396554,1.0
-0.9617894662264768,-0.6785431357724478,0.4221613898478055,-1.8067507611185145,1.0
-0.9756201878061371,-0.8898775012876418,0.05489413995322463,-1.4940727497179933,1.0
-0.9547005194926935,-0.8887345871042969,0.6676215725983218,-1.6887319783356611,1.0
-0.4055035692185771,-0.9930351964868495,1.2468644430818039,1.054990008852986,1.0
-0.3550992551785237,-1.2082927642170997,1.4001913152050416,0.5629092784307206,1.0
-0.9766277840449961,-0.8771650690100158,-1.3069527962435925,0.8011052353076275,1.0
-0.386601951453557,-0.8961860523528138,2.171392950516023,1.0639138748470982,1.0
-0.9520950243178181,-0.9365609886867227,1.1752440652750287,0.35781494309509854,1.0
-0.44609791320119735,-1.0691956034926744,0.5682028133180924,-1.285812616590038,1.0
-0.970330474196825,-0.6990517932048592,-0.7183608922342211,-2.0538708459938206,1.0
-0.9566028562242777,-0.9838792072532542,-1.4320180836528587,-1.7119759506061747,1.0
-0.9481410432930001,0.1290111128596389,-1.0148864480827344,-1.5958999296068312,1.0
-0.8928060855063945,-0.8789219721968973,1.3989939162671763,-0.7774679700907166,1.0
-0.2912111783850021,-0.8465723676464608,1.9012501808413589,1.1480382111180798,1.0
-0.4618736112488783,-1.0914494835499653,0.6714327907126434,-0.8510138832990938,1.0
-0.5649893933170501,-0.8307822382292849,-1.572873115719522,0.6748113091437393,1.0
-0.4639890096943998,-1.050415564478171,0.28114961937384314,-1.7275198789042578,1.0
-0.7790618111506173,-1.0846359341243685,1.0604529804642084,0.272972715079435,1.0
-0.9268107959255827,-0.9648562335007876,1.9288930613159927,0.7403700216818143,1.0
-0.9774521624285628,-0.9742101113587952,0.16742971783606353,-2.217082224125836,1.0
-0.3940591114413669,-0.9076674686296621,1.6146086314510157,-0.043735446254187633,1.0
-0.3655179729900638,-1.0213566309018158,1.2730438817956569,-0.6560667119706939,1.0
-0.9516721455154726,-0.9613773116754255,0.30240747209850927,-1.6959999772398502,1.0
-0.863224049270344,-0.8226917467187694,-0.606582360858636,-0.21731066593826193,1.0
-0.8847525049064985,-0.9861997106515376,0.6329823845852544,-1.0625123894067094,1.0
-0.9419017744994441,-0.3648618003435556,0.4724542075856158,-1.201472126782793,1.0
-0.3024425744482749,-0.8764180368338991,1.7898269094400017,1.4075351164777041,1.0
-0.5016126646369783,-1.039663161932019,0.41822395606865875,-1.5128550509957366,1.0
-0.938218789712322,-0.527949787836266,0.0962536109200822,-1.4694613770768612,1.0
-0.976785924536558,-1.0956428681637627,0.10533771529068703,-1.7655880536981672,1.0
-0.7260093226306481,-1.0352947365016356,0.6876461415392409,-1.6560608298368993,1.0
-0.3820153415002385,-0.7063407781693829,0.14553212492792195,-0.24552066745282672,1.0
-0.6032035335811122,-0.9504634764293164,1.6048566152305708,0.3284547427633241,1.0
-0.5328535993777457,-0.9394827005633027,2.0471257915755032,-0.06906602066143361,1.0
-0.9786394975292995,-0.7074103614702033,-1.5742656127275252,-2.3055243910363648,1.0
-0.3901570383375415,-0.9594569853789183,0.2697262767682001,0.7618150725220405,1.0
-0.47026519903924224,-1.0087384811874356,0.8768359986609565,-0.12785978252516922,1.0
-0.46720319783608444,-0.8336328191498162,1.0136418177158992,-1.7603348677562425,1.0
-0.7858035707778008,-0.9968557354663716,-1.7021546662851297,0.1792773622269819,1.0
-0.9253438660251235,-1.0058366734075408,0.5422597196236664,-0.9277258563040908,1.0
-0.45574960884256266,-0.7921766713322869,0.543891448937547,0.4743963703628696,1.0
-0.4903934435287876,-1.072305880495746,1.3738934977467285,-2.4354172080779724,1.0
-0.37363592866495665,-0.9978854058154181,0.7880086310192069,-0.6823331656888901,1.0
-0.9647901969681837,-0.940509228160241,0.5332344746496974,-1.8730284134184167,1.0
-0.9328375813155675,-0.7644345508892634,1.3295674636930934,-1.3253920321077894,1.0
-0.7895351031983131,-0.8161412037412669,1.892933970925671,1.0692404219892098,1.0
-0.880844253012969,-0.9086973484955156,0.5973326463146018,0.5969488753172466,1.0
-0.44425036376748284,-0.973675843500403,-1.1167919859356092,-1.4450661579719932,1.0
-0.4975249234681503,-0.7804310543615435,-1.6038268888135996,-2.5688360788056857,1.0
-0.8750854383843419,-0.7914213632422854,-1.3238809567013718,0.9473350676221912,1.0
-0.3503875475617362,-0.9745160058973257,1.0227408947290961,0.18467465052641582,1.0
-0.7758778473349242,-1.0921219591702351,1.6016133676079614,0.4505749406451742,1.0
-0.38384736786622325,-0.6475021731998616,0.9128817076447854,-0.1347688355570173,1.0
-0.966768934586647,-1.0258874318577889,1.4863005088886332,0.7777187327053237,1.0
-0.6520467140057585,-0.6270408665658802,1.3862378847299994,0.8470188664529082,1.0
-0.46357201748283655,-0.9261239089354257,-0.9651851115977311,-1.6044635397071707,1.0
-0.40836437928900254,-0.9917989425658914,-0.6859032966160085,-1.190030399596566,1.0
-0.911281853780029,-1.1073790359265006,0.5016500357009879,-1.1833377621052683,1.0
-0.9464672000309199,-0.8683832767941023,1.1277053063412579,-1.136633664027978,1.0
-0.9562682306275839,-0.6171306168263195,-0.8305579564042433,-1.7109685441250426,1.0
-0.9731791032246909,-0.7332762589046379,0.967293033269122,-2.083159519155413,1.0
-0.8378788974028776,-0.8125532284177507,0.9498963074674175,-0.8238838634529884,1.0
-0.9547462668864147,-0.828962689517047,-1.0117091955789876,-1.6872925267862882,1.0
-0.512883629304268,-0.9570663986086221,2.1053871074464934,0.36378864082456924,1.0
-0.8728087826587574,-0.8686869714061569,1.8100956603207128,0.619329281459851,1.0
-0.9145201483327763,-0.839478233312645,2.12468531761043,1.2064730271094746,1.0
-0.9569377161888568,-0.6947670697389574,0.7957259352312156,-1.72888701727059,1.0
-0.9627513150716146,-0.8609966569974176,0.6161321808616319,-1.8454666105083566,1.0
-0.9653809623136342,-0.9402044859641501,1.1569386691804833,-1.882671481178643,1.0
-0.48492993243567806,-1.0194112673468467,1.088608560518507,-2.1903839873436852,1.0
-0.45694305881448927,-1.1398750612976576,1.6450773404214523,0.32564867685619114,1.0
-0.5648280751622119,-0.9752576953948583,1.3238139267367433,0.7233869038386442,1.0
-0.7406799608802987,-0.8360128253213481,2.16948692898937,1.1724334302229484,1.0
-0.3288683144540564,-0.8024189004528761,1.450980333742801,0.5878809069656256,1.0
-0.9543505656275514,-1.071431147825633,0.3344815123352815,0.4780670504150571,1.0
-0.853968161418699,-0.7767928997626999,1.1559033707533244,0.5637005313755893,1.0
-0.4712118017968785,-0.7793783371637036,0.7261600679685354,-1.841508773758296,1.0
-0.3868150131674945,-0.8221217562447476,1.996126826065862,0.9759747561664205,1.0
-0.903754261677069,-1.0326735764850021,0.866468165487624,-1.829922682210273,1.0
-0.44106356927473306,-1.1041262770186842,1.938997326483367,1.3891135951023064,1.0
-0.41128058540505175,-0.8838874157694329,0.5362149792053346,0.41049352491471863,1.0
-0.43929820078782295,-0.9666821724756456,-1.4632267628935434,0.6510632406262307,1.0
-0.9358139317097225,-0.8087964873060247,0.39412088878202384,-1.3949801085661062,1.0
-0.46629616368246507,-0.3943681570617131,0.24076143156884752,-1.4578034963543705,1.0
-0.48873764963761684,-0.8835165710206666,1.9111977076014346,1.0751407585184938,1.0
-0.6520467140057585,-0.6270408665658802,1.3862378847299994,0.8470188664529082,1.0
-0.928819724388911,-0.9239176969554768,1.7903165107280645,-0.557477905061516,1.0
-0.41368818277254465,-1.0655961047447617,0.8136489721058503,-0.06503639473690474,1.0
-0.773939046612869,-0.7531541659889356,-1.0967876279998419,0.5760068727068709,1.0
-0.9084081686946042,-0.8765113765715125,0.7660603043634397,-1.13728133862391,1.0
-0.8604967680197818,-0.8803486768956116,-0.9757579421090309,-0.051076806358563376,1.0
-0.9558725293687206,-0.8455352594507584,-1.3017255703601727,-1.6695896831684316,1.0
-0.37056144813283964,-0.914634111986289,1.168045647685078,0.6029199530038535,1.0
-0.45253237696210746,-0.7606601056073278,-2.0276067076701563,-1.49997361025585,1.0
-0.9487164621075695,-1.0545430455802596,-1.3768218285835485,-1.153257311990234,1.0
-0.5374496449212528,-0.8129785475363922,-0.9845328181008146,-2.046026961668167,1.0
-0.9661907094449311,-0.7908095741652245,1.4897231807406506,-1.7171570853693447,1.0
-0.9342617771236884,-0.7128903783212531,-0.6036289555486817,-1.356263997171978,1.0
-0.40315958599138835,-1.1039427717230872,1.0064339133276123,-0.9707597983377658,1.0
-0.4476897885781869,-0.996796023176316,-1.613278627243219,0.8065025236070618,1.0
1.9848023183189007,-0.8456620171191218,1.8328565518774773,0.02721793454045661,1.0
-0.48199272452211206,-1.1842821360153648,1.3789346998888543,-2.0999987966453606,1.0
-0.9358139317097225,-0.8087964873060247,0.39412088878202384,-1.3949801085661062,1.0
-0.9038427431631284,-1.181022102684002,-0.742433436778382,-0.5095507709754026,1.0
-0.8241087797058773,-0.985974480083784,1.0602624195584924,-0.4303198887611458,1.0
-0.933318492041312,-1.0020967983987954,0.811710777958751,0.1817952234190966,1.0
-0.4525290288494599,-0.7624829018300776,-1.533379574244609,-1.5481166358739407,1.0
-0.9717395791481216,-1.0153508316230662,-0.9350183302960913,-1.976654776741828,1.0
-0.864194849751206,-0.9870451109686406,0.41974390614996565,-1.3653314415150268,1.0
-0.47734797915827626,-0.7657094606611521,0.7452277076859454,-2.003568905055956,1.0
-0.4759356843687482,-0.8067434321121482,-0.6199422064864576,-1.9870893594512091,1.0
-0.6207260333092031,-0.7345857389497168,1.0137523595399944,-0.8463360587700602,1.0
-0.9060160639574533,-0.9261155282631373,0.7627312630863087,-0.39325964445694106,1.0
-0.9199258588266335,-0.8769105060892524,-1.5246640938598017,-0.38750079024230266,1.0
-0.9778478606436874,-0.6058376609175591,1.1541417135491827,-2.217801949900523,1.0
-0.41405343142500883,-1.1083605907407708,1.500151646929438,0.6190410767448328,1.0
-0.9451707195016107,-0.9829144871144437,0.9942140921311948,-1.6370626370271786,1.0
-0.9724608508808364,-1.1905362137582458,2.076150857320818,-2.032138114447149,1.0
-0.955771979458436,-1.0528627207864143,-1.2726930801639857,-1.6102926110705593,1.0
1.2967621255007795,-0.9549754208726402,0.6089622236666907,-1.672684215794869,1.0
-0.3859901599606796,-1.0943826245683788,-0.5939737046712693,-1.104610452129434,1.0
-0.9254657982002712,-0.6931747420041416,0.5501514984311684,-1.2896986641656303,1.0
-0.47164370832841734,-0.7480889924161667,0.5882624421659075,-1.6977273714999557,1.0
-0.9770507724219373,-0.7557249372134345,1.3002487196688397,-2.037031568503873,1.0
-0.6325059110989262,-0.9178711466577241,1.981763813384378,1.1446557357809106,1.0
-0.9431860800736712,-0.8617425368310946,1.5287419698292448,0.4428772547113214,1.0
-0.49108741596846955,-1.0123432178555287,1.6919359371614442,1.0980975740911345,1.0
-0.8374100398826644,-1.0302977606496146,0.3117428941311331,-0.24775032392992324,1.0
-0.9412016537074458,-0.9319086679825662,0.6032577705799947,-0.4786067547324592,1.0
-0.8312982733062063,-0.754073944772599,2.4205913442806195,1.0715434396664922,1.0
-0.46395583294180104,-0.833570906933285,-1.028448445009022,-1.6921141916685445,1.0
-0.43192017800804705,-0.9051900371427763,0.7051682580667846,-0.14541930979837564,1.0
-0.9562069236412678,-0.7784166550185978,0.41971792057191337,-1.6887319783356611,1.0
-0.2627643958355854,-0.9431534350256678,-0.8177627402652418,-0.4979646794273803,1.0
-0.9246680038311264,-0.9648049018830205,-0.717436960570143,-1.5200512607254575,1.0
-0.4670236172486229,-1.0414471975454345,-1.7830580824989315,-1.882383538467911,1.0
-0.45094658906265894,-0.862631935677712,-1.0458954920888595,-1.57618227302671,1.0
-0.4895990277096781,-0.8548253394409697,1.6649270222973853,-2.3995076865995495,1.0
-0.9358870727523784,-0.8604498181305926,0.11898649579827936,-1.4906184852063555,1.0
-0.8984582779658896,-0.8839973073348157,0.38099280976225824,-0.8903056181103995,1.0
-0.7082645386601452,-0.863333921740278,-1.846671190040195,-1.6652721145331708,1.0
-0.41111622351144295,-0.9849520380645864,2.404867594742085,1.0881649915944573,1.0
-0.9388945301567683,-0.7645079865301913,1.2675679368080233,-1.3387773070903854,1.0
-0.3544448513428588,-0.9251150855086969,-0.804048129626584,-0.9674496361836373,1.0
-0.7825620498619568,-0.9912963117453883,-1.870445931610488,-0.04085863918973231,1.0
-0.3622523456631572,-1.084531228099964,1.2610599931491737,0.5154131413957026,1.0
-0.7520336239299839,-1.1759748805112753,1.7514095008720438,0.5252016215348703,1.0
-0.9626296324830461,-0.8252436614306193,0.8523856320613064,-0.027975888428413913,1.0
-0.9579239514690243,-0.9745610520108764,-1.414939371830174,-1.690962682829903,1.0
-0.4480550372306511,-0.585357393012525,0.6891137079949505,-1.511847382510318,1.0
-0.47919552859199077,-0.6947293567136592,0.6285442128417369,-2.055957710134839,1.0
-0.9573975094550115,-0.8256857418938379,1.6426041733420722,-1.629506433407971,1.0
-0.9153814655300622,-0.9529012044812352,0.6332834873150655,0.1048681448949813,1.0
-0.9372111904297241,-1.07214245738612,0.7494229348981493,-0.32129492711686886,1.0
-0.4750526957514162,-1.1186718661251769,1.3217887015266438,0.23382403460849324,1.0
-0.5290790589284057,-0.7237536152584204,1.0844236450436253,-0.4930712253706555,1.0
-0.565010699488444,-1.0753333983599682,0.724657029136437,1.0724054337686837,1.0
-0.4647195069993281,-0.9837169364860681,0.222906864630033,-1.390950220637291,1.0
-0.7312444620038044,-1.0615890958068201,2.412996131038507,0.5489496900523789,1.0
-0.7988150365862453,-0.713749082955614,0.955808645178531,-0.5549592578565422,1.0
-0.9592540987928744,-0.8498199829166602,0.16411387558270502,-1.6970794348997371,1.0
-0.9688751592035142,-0.8037116191533779,1.4068502226982895,-1.8443153636740013,1.0
-0.9114337363446787,-0.8793890899185778,1.108886385728062,-1.0332234542408303,1.0
-0.316614222163884,-1.0321100810320039,0.4367005270027544,0.21151698966607593,1.0
-0.9655850815230639,-0.8750793291942142,1.8553171656434166,-1.8933219554200014,1.0
-0.8412908676898715,-1.004344913740187,-2.113543076636226,-0.7040658972355617,1.0
-0.9214476977745131,-1.0562568930632588,1.0478281142257713,-0.5771237724671688,1.0
-0.8451412885467608,-0.8951709434218686,0.9897957189233361,-0.2697717842001858,1.0
-0.5339067329923506,-0.8008203919722473,1.1100833721964345,-0.4950142491584519,1.0
-0.9032461703641037,-0.8259561233335457,1.0767447004944555,-0.44780657884273883,1.0
-0.9574278159619496,-0.9906833703258877,-0.8772284670554765,0.22670013806181327,1.0
-0.3823681108237434,-0.6756791457762549,1.190366021823434,-0.6694519869532898,1.0
-0.66644329401651,-0.9260002940191703,0.43459940740596276,-0.0815164643502247,1.0
-0.7883150205121442,-0.5036878463194477,0.23812368916180346,-0.3669203535471314,1.0
-0.9696240650405268,-0.742819749473173,-0.8274000899666626,-1.9968762675646583,1.0
-0.37320950086320476,-0.8707758539740668,0.42590372555681427,0.12098664859309638,1.0
-0.46101527691558747,-1.0544110499917156,1.1610369660618578,0.7114421284225668,1.0
-0.9421451518515361,-0.8160353977536244,1.1617113536827361,-1.881735863871979,1.0
-0.9161456874605679,-0.9899521566687158,2.0358661993585385,-0.7588297711704822,1.0
-0.9510054449751747,-1.074507797381147,1.140716656494535,0.10889777081951016,1.0
-0.9704550605121806,-1.0319571337627387,-0.8357942566165071,-2.011196897849632,1.0
-0.8766743004599488,-0.9507756564720631,1.4513032973557354,0.455901487787285,1.0
-0.4248313104114719,-0.7992635773362539,0.5977649143431525,-1.2168004255531852,1.0
2.8259730086826194,-0.934674289837773,0.7691909478144898,-1.667574870206167,1.0
-0.9191526883041422,-0.8964437580256854,0.3817748519207815,-1.103243313763102,1.0
-0.45412425233909715,-0.9712391630325201,-1.3248007636705208,-1.5689140121182348,1.0
-0.946756324776733,-1.0643211949728728,1.34434872044037,0.9204927284825314,1.0
-0.42945809771656157,-0.38201064625550524,-0.9759398411553962,-1.3859126642230575,1.0
-0.9653809623136342,-0.9402044859641501,1.1569386691804833,-1.882671481178643,1.0
-0.9469237304091125,-0.7845763443922452,-1.224249775632303,-1.5545933818332613,1.0
-0.87637914911137,-1.0355618704308318,0.6536615426113931,0.38178047517030334,1.0
-0.9663551200383602,-0.8709686094367025,1.4021575572776577,0.5651415549506803,1.0
-0.7621474504288794,-0.9988910864900387,1.2110113573511556,-2.063297760217783,1.0
-0.8337878994335651,-0.9852202195778185,-1.3865721949260217,0.38300403518769893,1.0
-0.9157588282628331,-0.80905953565748,-1.0939259146581573,0.8040580236151338,1.0
-0.4929501840960367,-1.189331515163622,1.4420643931844483,-0.506600078702188,1.0
-0.495963485478866,-1.057650179831223,1.131725646488476,-0.4134803492669123,1.0
-0.8543636343971546,-0.7496917959913433,-1.3378475862001868,0.6092525966056651,1.0
-0.96435850045462,-0.7454419570738424,-1.062249495012533,-1.819991933743601,1.0
-0.4085476123629888,-0.9313745048825778,-1.0556932924230154,-0.4748645475100899,1.0
-0.8100767178502848,-0.9054360098744441,0.8826947153379939,-0.6151919472610786,1.0
-0.8890745530858822,-0.7979520021231029,0.9439163247594697,1.3450732946046442,1.0
-0.9323657104939715,-0.8169824137222256,0.12040250356737743,-1.3200667949871099,1.0
-0.8280537086515918,-0.7943985970727767,1.8438558758444274,1.4712231184110236,1.0
-0.9191921655959961,-0.8765794695338565,0.916819553893425,0.8770262173720426,1.0
-0.21450926574140672,-0.5917057522710676,-0.9680855970717472,0.5816190045211367,1.0
-0.9465888887069659,-0.6866273417787471,1.1884703120341025,0.07629657746521161,1.0
-0.940471308589456,-1.135181832436893,-1.1582315584779865,-1.483926109719344,1.0
-0.37180907665488183,-0.8902043475068935,-0.8828104167027836,-0.8531727986188675,1.0
-0.4084955644300126,-1.0224639272279348,-2.0257600817504793,-0.07906934431543278,1.0
-0.9499671952431576,-0.6821854807074358,-1.012692110380549,-1.514078349008846,1.0
-0.9358870727523784,-0.8604498181305926,0.11898649579827936,-1.4906184852063555,1.0
-0.4886527293259189,-0.8205557228692368,1.2237525399865885,-2.3831001921735573,1.0
-0.4338986082088946,-0.25233577062664264,-1.049959141532831,0.549885045354757,1.0
-0.49022299415763776,-0.8897685525478911,-1.4690916666129743,-2.396916988215821,1.0
-0.5649924370558207,-0.8117329701175131,-1.2671305165828448,0.9171102531453621,1.0
-0.9126208553399626,-0.369754122550374,0.984294200827143,-1.2835819120957965,1.0
-0.7129486395662841,-0.8418132981290297,2.3332443296488594,0.6343683274980788,1.0
-0.9798570195180406,-0.6462534530288743,1.1705278890933017,-2.2980402385959118,1.0
-0.9789135131558556,-0.9370208780785543,0.618750949672003,-2.332006736286538,1.0
-0.8919840325392485,-0.7942037464420689,0.3438008480576826,-1.1492271620571326,1.0
-0.4544773260364791,-1.0335346905626461,0.6145140630410166,-1.641668148373171,1.0
-0.9771786064065611,-0.4364330559625989,0.37042575382385906,-2.241621545588213,1.0
-0.4664693524185085,-0.8442467310864007,0.4232457721446184,-1.8145946454441675,1.0
-0.9692435733442997,-0.5617616101842393,1.5129303642887242,-0.25602703933667637,1.0
-0.34955965061615074,-0.6437182996616015,2.1604109502677744,0.6197589684895147,1.0
-0.4890998545513105,-0.8017976831194906,0.7243790246982279,-2.1384990165075113,1.0
-0.9687170187119523,-0.805014918452644,0.7713374390554995,-2.4798180264736933,1.0
-0.9275049205522031,-0.8931795909277163,-1.0455395309164937,-1.2952397928182873,1.0
-0.43852813487887776,-0.8140449880851045,-0.930250595427753,-1.4578034963543705,1.0
-0.45972168793811025,-0.7386964587072283,0.39545234030507903,-1.6806722024780314,1.0
-0.9799910097687015,-1.0300672921616807,0.7633012959254852,-2.4268535979776327,1.0
-0.9549287907692674,-0.7841468349374594,-1.1640774886007443,-1.6367746943164465,1.0
-0.9148794008198624,-1.0200062950793307,-1.1027684356467755,-0.8093473416360373,1.0
-0.47417031588183817,-1.1490309562486896,0.547037766229327,-1.9440556794218204,1.0
-0.945989424356109,-0.8309383282506584,0.8788249265556815,-1.5710008762592538,1.0
-0.8192479593267212,-0.770206738927971,1.2817746235517014,1.1714273337632484,1.0
-0.6451675600104732,-0.7430815407237851,-1.6490310704176017,0.582915925738719,1.0
-0.34825114731869794,-1.0283492543425372,1.5740892783472804,0.6213440944221152,1.0
-0.9310353227147585,-0.7643684483365876,0.6349601758036714,-1.148003864044023,1.0
-0.8574075557920153,-0.977698670957289,-1.43501343711024,-0.6535480647657201,1.0
-0.9387057574782197,-1.079974195639728,0.7781939194358427,0.4556132830722668,1.0
-0.9458007429897236,-1.0878341872347885,1.7914788497590342,0.5402406675730981,1.0
-0.9611715294250216,-0.9728859651372114,0.9777148999460232,-1.7894079113901447,1.0
-0.9700410115960084,-0.9723213173417734,0.22166739380389267,-1.986801416740477,1.0
-0.4008466488996591,-0.5618074943650189,0.5628114245765016,-1.138001326402883,1.0
-0.5974724778500727,-0.8014111246101833,-0.6083490501905908,-0.9500344732722265,1.0
-0.9493894327497348,-0.7325953292811967,-1.2953038328253375,-1.5314214607415026,1.0
-0.3677368585537835,-0.6210925796507102,0.4237650712361694,-1.0083244008932526,1.0
-0.9715784192676993,-0.9959370042667444,0.730701357085276,-1.6952805134694502,1.0
-0.9774068776831347,-0.8552380875511786,0.5943851393183959,-2.2332017758410965,1.0
-0.9479281033286134,-0.7845030135097207,0.6291880777201413,-1.4013127521679176,1.0
-0.9684611133310809,-0.8565454724281854,0.3233510230695918,-1.8636732883689222,1.0
-0.9352663631049033,-0.7349315464400211,-1.2571664910430536,-1.4403165442684913,1.0
-0.9413537493338094,-0.16724575729741556,-1.096060856753366,-1.494504532781948,1.0
-0.6159233179031766,-1.0998269921346813,0.571461322311939,0.43906247230162443,1.0
-0.9547462668864147,-1.0248609042608507,-1.2974000027882147,-1.8055274631054052,1.0
-0.8457195076009993,-0.7976712496014379,0.7314858740607564,-0.9924204787056833,1.0
-0.4710961397235981,-0.69453649649262,0.09273854590165687,-1.8774180332324317,1.0
-0.9598841101060323,-1.1678130904312654,0.8801699895720022,-1.7801245755151183,1.0
-0.93745478084353,-0.8527825505706467,1.0270507884603242,-0.7142845884129656,1.0
-0.47072784733236356,-0.8464614284970416,1.8550519477594871,-1.7783974432592993,1.0
-0.8857749576342964,-0.706122775931478,0.98138134126834,-1.0888506322993736,1.0
-0.4443325447142873,-0.9771014432983294,-2.20279322550819,-0.4074366963929782,1.0
-0.4019119574693462,-0.8154277990127078,1.4115321639121063,-0.8009998850719617,1.0
-0.4328670851395604,-1.0003159055374882,0.6255331855436256,-1.3843296343247478,1.0
-0.9661785162274162,-0.8385155035835029,-1.0576236496497495,-1.8392060180852992,1.0
-0.9228784071836028,-0.932987784298115,-0.8947254229439539,-1.2626406954982794,1.0
-0.48202011817104695,-0.8003593502379758,1.224746591464458,-2.1002867393560924,1.0
-0.4887528683314695,-0.8369786978025984,-1.8321885612057724,-2.374680684430727,1.0
-0.3783838567731136,-1.0312405862820715,0.2345851133822833,-1.2440742857525133,1.0
-0.41658277834332313,-0.7743414483599085,1.0252829442137892,0.3936545094290573,1.0
-0.8579675428510184,-0.7201898391261374,0.7319956863539708,-0.7923642237928676,1.0
-0.4345317058731657,-1.0595567827768577,-0.779513619250384,-1.3695051697970648,1.0
-0.9595796692667258,-0.9739105023244811,1.523071339240966,-0.036323344992489466,1.0
-0.886106907784611,-0.686376969194128,1.5004667736220076,0.49519427061573656,1.0
-0.926043773755408,-0.9199557341310861,0.8702769087849883,-1.0682691475870567,1.0
-0.5145729043219147,-0.954938755431378,1.2916982270811892,-0.34346048974464055,1.0
-0.6755440729404087,-0.837783242342295,0.568788519997999,-1.6591553624633366,1.0
-0.9083292141108965,-1.0585720537829584,1.0705098116399006,-0.5411421998099919,1.0
-0.47477875926206803,-0.8967517477322879,0.8811219691615968,-1.9451351370817074,1.0
-0.9590381363958886,-0.7815803588075083,0.47751603320238606,-1.762349680718507,1.0
-0.9266830806467711,-0.8745743936888317,0.24908094124047855,-1.2991258403938797,1.0
-0.4003292133086682,-0.8715679322637342,0.19416764024329233,-1.0982778085276228,1.0
-0.43440082510603284,-0.7645393092928695,1.8508129987810364,1.0405273722447945,1.0
-0.9544174456995563,-0.8372982109335977,1.9539947172449188,-0.35281666281128055,1.0
-0.4369362595018881,-0.8435941909903371,1.273474912415729,0.6134263248877031,1.0
-0.9391625313555139,-0.8273912087045485,1.2645903195388362,-0.6213807505096673,1.0
-0.47147691144379206,-0.9216162595866497,1.0784943960833033,-1.8866293179287035,1.0
-0.39526747573326915,-1.0837151287083497,0.3636769279811607,-0.9853683713334715,1.0
-0.9766461286585661,-0.8464593333289695,1.6283207672727162,-2.110433379354742,1.0
1.3053944730278926,-0.9429983925883306,-2.2613927663633513,-2.1384269653287564,1.0
-0.4832863134995893,-0.8491757187344813,1.1571498535608438,-2.1925429026634586,1.0
-0.49682790728969783,-0.8639351302185746,0.695598140892705,0.06910193976120885,1.0
-0.9201389205405708,-1.0377251314653022,0.8715741253401337,-0.2892020220781478,1.0
-0.4752477994066074,-0.8370647044519592,-0.8617872591195729,-1.9862257933233,1.0
-0.2854280747209863,-0.7804280163678389,2.1151160253753365,0.9205634696398542,1.0
-0.903973471743323,-1.13032946508521,-1.179037344638443,-0.5347375050294259,1.0
-0.9769048221041515,-1.0764124099171133,0.15064262194485337,-2.227157074950017,1.0
-0.9532245375131309,-1.0684298195623123,-1.4282361508725323,-1.6765702633704613,1.0
-0.3287069962992181,-0.6202094663083091,-1.931273632666252,-1.0800711306670567,1.0
-0.48294845849606,-0.7801996430479772,0.7533170593805423,-2.1714578457127187,1.0
-0.8364696767895077,-0.9903607144427803,0.8576417308092287,0.6180323602422687,1.0
-0.781992748962316,-0.8733979568163328,1.5709421361165148,0.42797969098773836,1.0
-0.45006694855797447,-0.061498329602656235,-0.8711989880083817,-1.1436142442300077,1.0
-0.8686783073975912,-0.951637818133743,2.0139628318774965,0.9041567612267205,1.0
-0.8237133067274217,-0.26524713911271697,0.34748791285464387,-1.4962316650377667,1.0
-0.34551147805133975,-0.6546761334372254,1.328209201653,-0.19456869388045306,1.0
-0.9240655261788867,-1.0873388161716553,-1.3318849272109403,0.7087775448300795,1.0
-0.42985317500897696,-1.1139996518001756,1.6609512288553998,-0.9133334368446492,1.0
-0.9083292141108965,-1.0585720537829584,1.0705098116399006,-0.5411421998099919,1.0
-0.46287804504315466,-0.8199115634454616,0.3359911506792661,-1.7160058385349901,1.0
-0.6497334725401522,-0.6244114306353619,0.8141319738820268,1.0163469966547583,1.0
-0.9275049205522031,-0.8931795909277163,-1.0455395309164937,-1.2952397928182873,1.0
-0.46750757171313784,-0.943736939333755,0.5375674666725273,-1.8232303067232616,1.0
-0.4309035692586885,-0.7852699497825227,-1.1429730745274338,-0.23810856619112855,1.0
-0.47654412774897814,-0.9688254246550271,-1.4796752213310893,-1.9778060235761832,1.0
-0.47651399473514977,-0.8188951974136732,0.3071290103836436,-1.7830032166095786,1.0
-0.9662789504756276,-0.9275936693380223,1.1114152361889826,0.2070550566690194,1.0
-0.5590754088859015,-0.7277984419800638,0.8346065470396911,-2.1358362669450286,1.0
-0.39604058538098497,-0.8395651827876383,0.9637878675185262,-1.049558897488068,1.0
-0.49203736683875343,-0.5218948568662247,0.6147256598908701,-2.589129358802984,1.0
-0.9325756371569752,-1.0825794742823747,2.227638115505757,0.9646063901803794,1.0
-0.9613206147937412,-0.628308338491113,0.4771377986774041,-1.7895517517433672,1.0
-0.9800578889275849,-0.8423444232353137,1.1017176659415997,-2.3950460156067797,1.0
-0.923070223600922,-1.0044004356940983,1.48003880951704,-0.016749004757018775,1.0
-0.8950586043835287,-0.7844716907470427,1.0406734184020674,-0.38318295960275556,1.0
-0.9568493564523483,-0.8782346523108362,0.9235155836410331,-0.5622995699437725,1.0
-0.8342446733108593,-0.946711135170542,0.7922801650875962,-0.42182806783527466,1.0
-0.45822416846300723,-0.9337199407809194,0.08564836030664116,-1.8399254818556996,1.0
-0.30323394652861385,-0.8118451663677755,2.1237510742090295,1.1060834647400055,1.0
-0.46707536080772194,-0.9142411632143618,0.15975201069537245,-1.7925739711867636,1.0
-0.4923106945803475,-0.6778486923149417,2.3105189104684833,-2.418002045166561,1.0
-0.5442368780056681,-0.8355676021060214,-1.3554666330585599,-0.6037499580705651,1.0
-0.9739526237771406,-1.022849438153206,0.8411969845971191,-2.1387149080394887,1.0
-0.47048769634336823,-0.9119731437762851,0.33069298004306885,-1.737378838196461,1.0
-0.9330412378767039,-0.9007325670693278,0.8038742700632965,-0.7240714965264146,1.0
-0.8777671244281214,-0.9261668598809044,-1.53828177416763,-0.33943086382011206,1.0
-0.33872394059304756,-0.852721790696555,-1.136275807371347,0.18740735523336205,1.0
-0.9809526278984407,-1.0989532546694027,-1.6323227561995342,-2.784220449085893,1.0
-0.9551326786545504,-0.8928243551810874,1.5999639021058865,-1.6340401555794954,1.0
0.5028330002206517,-0.7692000106693143,0.9320141050725792,0.4463304712058135,1.0
-0.5650046120109029,-0.9734589936049379,1.954128357360616,-0.4325505932553878,1.0
-0.8994018978595307,-0.6235449738791341,-1.3350568176112796,-1.2229171776230192,1.0
-0.9548066455324058,-0.9550080007361617,0.4861968661497903,-1.1648434035382567,1.0
1.1505591773969197,-1.0192405111489684,0.33925955894094206,1.0142588224923073,1.0
-0.8954998247557054,-1.070783740891346,1.192767831680544,-1.2857405654112837,1.0
-0.47627049563350704,-0.39017164017164785,-1.4280022806700623,-1.9634136041167414,1.0
-0.9413721030785959,-0.9755237817400184,-2.6037251217449824,0.5010212459448339,1.0
-0.3709875715607145,-0.8134479699429522,1.1103201296853547,-0.8318715881318639,1.0
-0.4522949653380058,-0.6501955117565799,1.2200328900996886,-1.4028960440705136,1.0
-0.8426147418681155,-0.9914114412309516,1.3920297813491884,-0.20644272813920778,1.0
-0.807520464281239,-0.8513180280882303,-1.2097386864028707,-1.0039345190749511,1.0
-0.9449141323232546,-0.45459795363112626,0.5413572363732186,-1.5766858452651331,1.0
-0.9687200350570738,-0.9633833303460828,-1.4223102016681533,-1.951035997619564,1.0
-0.43569715344840343,-0.8202361049798339,0.8151383994446831,0.3186688826670203,1.0
-0.8878721240845825,-0.9947228543689473,0.3531325578648704,0.8982564246974365,1.0
-0.9376433404603647,-0.984429293630591,0.5376969820932954,-1.4244128840852082,1.0
-0.39336818274045554,-0.8975280075030108,0.34630165059308654,-0.0938228056815067,1.0
-0.9686865965429409,-0.8095162822972035,0.4536860207200455,-1.7697620439844917,1.0
-0.9504850569575765,-1.0865236596056733,-0.8308557593781115,-1.596043769960054,1.0
-0.9110108697172884,-0.9047784413750072,-1.7158845382950245,-0.21918137654301706,1.0
-0.9202394856695493,-0.9484898281053734,1.5363536818510732,-0.34137493562505355,1.0
-0.9372755046299456,-1.0065909339135062,1.033760429701198,0.1517145112997759,1.0
-0.9092515887079193,-1.0660036149347902,0.8012076547917499,-1.1482918067547547,1.0
-0.3077389842828821,-0.883541713037532,-0.8628992768724097,-0.07763094078320494,1.0
-0.9153814655300622,-0.9529012044812352,0.6332834873150655,0.1048681448949813,1.0
-0.8681000883433527,-0.9983495903017977,1.3810609801247125,-0.5199133025060292,1.0
-0.39311524804862413,-0.852292281241769,0.530440406304847,0.17100064682022875,1.0
-0.5649893933170501,-0.826800371308209,1.1590364890213316,0.4181938308914346,1.0
-0.814140778731478,-1.0267380700950721,-1.0947863260203299,-0.6369967299865048,1.0
-0.3309319693404789,-0.8485001317896242,0.874641660958771,0.0050549919555484225,1.0
-0.466250507600907,-0.888704207167251,0.3991262060782679,-1.744215316040982,1.0
-0.4548425746889433,-1.0326232924512713,0.5822762724155662,-1.351442594294008,1.0
-0.5013509031027122,-1.0298263478333862,0.7058657439792648,0.434744641662077,1.0
-0.4268097406123194,-0.22551217186643924,0.5773843842298676,-1.1999608860589515,1.0
-0.815981571065122,-0.695510644887755,0.6639852415489862,0.33816986170230506,1.0
-0.923070223600922,-1.0044004356940983,1.48003880951704,-0.016749004757018775,1.0
-0.7172646611429021,-1.0545483882588436,0.6057297002508965,0.28146427400102003,1.0
-0.9053159431654549,-0.6369519543726698,0.4588752994101194,-1.4333362260707478,1.0
-0.9528896775485517,-0.9139174597472183,0.6987980792185611,-1.547181280571563,1.0
-0.38451699039574083,-0.8905395743984336,-1.9068929734109008,0.9795746950612852,1.0
-0.8152821198956531,-0.9431281882503988,-1.8880901391079277,0.6673992078820415,1.0
-0.41764808691301025,-0.8402555406674038,-0.7100669556711493,-0.4914161442935913,1.0
-0.487657122374077,-0.7984621755486656,1.1134280873142954,-2.0968324748444545,1.0
-0.978234738103855,-0.8974127732590438,0.985108003136619,-2.310129902382357,1.0
-0.8221913460299913,-0.9883420200052866,-1.6819465484198737,-0.51458806538535,1.0
-0.35193346248329066,-0.9786309159909815,-2.1838798493811216,-0.3451870979918866,1.0
-0.8278530653918381,-0.8668851268641283,1.141610477885632,0.8108203542466085,1.0
-0.8241092362666929,-0.9652638484492196,-1.0901163464218073,0.8660167972583432,1.0
-0.9484670581527119,-0.7850551950551297,1.176716993834146,-1.0153047190909963,1.0
-0.44005913548045666,-0.6315852861143221,0.29545282397885786,-1.4715485032221667,1.0
-0.9766277840449961,-0.8771650690100158,-1.3069527962435925,0.8011052353076275,1.0
-0.43731368310943436,-0.9567091724523247,0.9334016524466678,-0.6367808384545275,1.0
-0.9423156012226861,-0.9130479649972858,0.41775910295016944,-1.48781189529065,1.0
-0.974287018049688,-0.8793829091727651,1.1442618317859414,-2.1076988406177906,1.0
-0.6755440729404087,-0.837783242342295,0.568788519997999,-1.6591553624633366,1.0
-0.9406844920529442,-0.5227537710173928,-0.879727207243416,-1.5236493655903178,1.0
-0.4712026705805669,-0.7711003281107329,0.8446547163560323,0.2555572901637376,1.0
-0.4881015082345751,-1.1298894797900636,-1.2504956219345118,-2.1649810997533985,1.0
-0.8686510050608195,-0.8135882414453809,-1.0937411283253418,-0.44442462751414213,1.0
-0.9555985106984256,-1.0426803087142844,0.9756080057763311,-1.4801118513182197,1.0
-0.36919146131222197,-0.681965383301459,1.1554529540670864,-0.28812256441826095,1.0
-0.9632961016991975,-0.9681426093803212,1.4287086310046064,-1.83510407897773,1.0
-0.4508857142872483,-0.9553431228692983,-1.0627795183108992,-1.555025164897216,1.0
-0.4540542463473748,-0.9446682415418151,1.612435329692968,-1.0597057994910035,1.0
2.1054013358850243,-0.952084088933106,1.6638434649395581,0.7343255827950208,1.0
-0.32444911013311717,-0.8185495994401759,0.8750219578312176,0.3498997936035503,1.0
-0.3520068165876606,-1.0197423039022426,1.2336749061075976,0.2997416930189088,1.0
-0.3238704953928385,-0.8835940922393352,-1.8422037329626821,-0.7343622388825732,1.0
-0.9379601023542142,-0.9055535488032902,0.21926434653830407,-1.6344719386434503,1.0
-0.48476557054206915,-0.5411607653566545,0.47138632406851844,-2.234209444326515,1.0
-0.9754923507777747,-0.9705351865602857,1.7866913163550369,-2.114031484219602,1.0
-0.8852273890294773,-0.9507024303479424,1.5696626557495639,0.7595120548447574,1.0
-0.9583679538184373,-0.7482986139817831,1.1039606750439461,-1.9333331540017071,1.0
-0.44452430025683093,-0.8768687074862136,0.140457925226365,-1.4580914390651025,1.0
-0.3224186319992935,-0.660255461254894,1.6866361166472754,0.5438406064679635,1.0
-0.7774817759174452,-0.9192685190034287,0.25883048264396596,1.0814000409201188,1.0
-0.9352967700552209,-0.4749001322500294,0.5929600572204541,-1.3774931564802269,1.0
-0.5603020356104268,-0.8833878229426343,0.29428347296650914,-0.4570899147177651,1.0
-0.40806944100213777,-0.9309375575811358,1.0616755400411404,-0.6965817447951091,1.0
-0.8779222333558679,-0.9563592793842796,1.8585921734169788,1.4789234243877405,1.0
-0.023545095278064553,0.06981213898171194,0.15449219972201408,1.0873029974922668,-1.0
-0.1715618073152861,0.16151764549867767,0.7413748301528412,0.6793466033409822,-1.0
1.4691838393740246,-0.44717477315158294,0.39157388966341594,1.0603165559950976,-1.0
-0.18986046042986318,-0.540215949314529,-0.7022407595130172,0.33162237458566185,-1.0
-0.14298110025996602,-0.08045331515118231,0.425084148674438,0.5059862271717406,-1.0
-0.19631653473604413,-0.4959398100303213,-1.8073710967574486,0.035568011147396425,-1.0
1.7697947421854747,2.7965371989293293,-0.963669698680846,1.2166204531209832,-1.0
-0.30052501902283796,0.04263780908623448,-0.8806981604296837,-0.26941021828498135,-1.0
-0.4199004536032058,0.7100431226216887,0.7216773495197855,1.317295600162607,-1.0
0.7474948100737657,1.0367007767468912,-0.7720182236255511,0.2934824106172838,-1.0
-0.0127708687781261,0.11939429140857938,0.013144019129649097,-0.5321468066456975,-1.0
-0.1836460589820626,1.103945196021783,-0.8450711079811403,-0.26120686407841454,-1.0
-0.07450336977435515,-0.6043249495694839,-1.1395598894737529,0.19539586592509697,-1.0
1.7637681394198164,1.7535834843056064,-0.9781102556269936,1.0173530931144583,-1.0
-0.2275422507829588,-0.41240964933079216,0.6452133424579798,1.3134100765955874,-1.0
1.2169613824149026,1.1508664849970505,0.11910561698782653,0.26779027029483293,-1.0
0.42041464179211524,2.1851776313232523,-1.0096365363772053,1.0534075029632495,-1.0
-0.206853958359635,-0.5467455406113104,-1.048248630545808,0.30953017315807607,-1.0
0.18571194519619066,2.4013675488455983,0.39564702590572404,0.9594973065959641,-1.0
0.2974177668225654,1.1561777360598902,-0.6799862979996254,0.0949355623983049,-1.0
-0.25266527059495164,-0.08347664267926051,0.5178802977767939,1.1969727516853257,-1.0
1.2641396377320664,0.6058608902352113,0.4240059534200183,1.0371448969076253,-1.0
-0.18915431303509916,-0.1374418867130161,-1.1376703667268149,0.6507042947538897,-1.0
1.9591737334971226,1.0086454286770847,-1.0040302510298178,1.1730805808103077,-1.0
0.2806160244353371,1.2793317153394708,0.5932582726638148,1.220935663717666,-1.0
