-0.32,-1.6,1.12,1.48,0.58,0.77,0.54,1.15,0.16,2.9,1.11,0.47,0.73,3.05,5.49,4.19,2.96,1.12,1.31,1.04,-1.36,1.0
1.36,1.1,-0.3,0.43,2.36,1.61,1.35,3.67,2.42,1.26,2.22,1.47,1.32,1.41,5.6,3.61,3.37,2.86,0.37,0.08,-1.23,1.0
-0.92,0.57,0.47,-0.06,0.41,1.57,1.45,0.84,-1.44,1.54,2.95,2.78,3.25,3.38,3.57,2.81,2.83,2.38,0.3,-0.27,-0.1,1.0
2.01,-0.58,-0.85,0.32,-0.22,0.92,2.12,-0.37,1.92,0.29,1.57,0.29,2.66,3.37,6.36,2.02,3.53,2.52,2.49,1.2,-0.92,1.0
-0.8,0.75,1.73,1.09,0.71,3.2,1.87,-0.52,0.96,0.72,2.15,3.32,2.91,4.37,2.58,4.32,0.83,0.6,1.6,1.17,1.64,1.0
-1.48,-0.51,0.93,2.42,2.54,4.82,3.61,3.13,3.4,2.0,1.78,0.84,2.42,0.07,2.17,0.85,2.04,2.2,1.7,-0.03,1.27,1.0
0.51,1.82,0.35,0.33,0.35,-0.37,1.77,0.7,-0.63,0.0,2.92,1.65,4.75,3.97,6.96,6.22,2.73,0.55,2.62,2.05,-1.09,1.0
-1.0,0.63,1.59,1.23,2.81,4.22,4.99,3.59,3.15,3.2,2.56,1.74,-0.24,0.14,1.29,0.54,-0.38,0.67,0.95,0.52,0.55,1.0
1.84,1.11,-0.14,-0.21,4.18,3.31,2.03,0.48,1.44,-0.21,2.27,1.98,2.63,2.28,2.97,2.22,2.7,0.84,1.21,1.09,0.03,1.0
-0.26,-1.0,0.06,1.04,1.22,0.52,-0.03,2.01,0.78,1.79,3.17,0.51,3.35,6.95,5.11,3.25,1.17,2.04,0.75,-0.64,-0.87,1.0
1.48,0.39,1.24,0.41,-0.39,0.95,2.56,0.79,1.67,2.69,1.7,0.57,4.15,2.28,4.5,4.21,3.33,1.51,2.14,0.93,-1.14,1.0
0.67,1.23,1.98,3.56,2.49,2.72,4.66,4.51,2.05,1.91,1.55,1.85,1.1,-0.31,1.38,0.91,1.89,1.21,0.69,0.54,-1.29,1.0
-0.29,-1.69,2.18,1.98,2.78,3.96,4.4,1.86,2.43,2.15,2.64,1.92,1.71,0.91,1.99,1.49,1.25,1.21,1.44,0.27,-0.25,1.0
-0.52,-1.24,0.33,0.63,4.3,3.43,4.24,1.56,2.0,1.95,2.92,0.97,3.71,0.43,1.04,2.09,3.26,0.42,1.15,0.74,-0.07,1.0
-0.16,1.25,-0.82,0.14,0.65,0.95,-1.29,1.73,1.56,2.1,1.31,3.04,1.62,3.31,4.65,4.53,1.6,2.82,3.4,1.05,0.44,1.0
-1.28,1.03,0.38,0.67,2.87,0.4,2.42,1.55,2.24,1.13,0.56,4.12,2.13,3.23,3.27,2.22,2.82,-0.13,1.23,-0.82,-0.33,1.0
0.71,1.68,-0.84,2.6,-1.38,2.5,0.39,2.19,1.57,1.14,1.18,3.9,2.34,5.15,2.1,4.35,2.28,0.48,1.99,0.99,1.08,1.0
1.56,0.59,2.25,1.16,2.22,2.78,4.57,3.08,4.82,2.91,1.63,1.23,1.78,0.9,1.53,2.67,0.37,1.31,0.72,1.99,-0.99,1.0
-1.59,2.05,0.81,3.72,4.76,5.38,4.59,5.44,3.11,2.88,3.15,1.22,0.07,-1.46,-0.25,0.74,0.08,0.6,0.55,0.77,-0.04,1.0
0.56,0.62,-1.4,0.57,2.15,0.36,0.75,0.8,-0.55,1.39,2.47,2.01,3.42,3.6,4.36,3.43,3.69,2.39,1.43,-0.27,0.5,1.0
0.54,0.61,2.37,3.76,1.74,3.78,4.32,3.92,3.13,1.88,0.68,0.46,-0.17,2.01,1.28,1.93,2.08,-1.35,0.68,0.3,-0.62,1.0
-1.32,0.19,1.29,0.2,2.26,2.05,2.58,-0.21,2.68,2.8,2.72,1.52,4.24,2.81,4.57,3.62,3.98,3.2,0.7,-1.46,0.09,1.0
0.35,0.48,-0.77,0.61,0.33,0.11,0.64,3.17,0.97,1.64,1.07,3.25,4.19,4.1,3.45,4.75,1.01,4.51,1.49,1.79,-0.27,1.0
-2.08,-0.65,0.94,-0.21,-0.56,0.8,-0.01,1.77,1.02,-0.83,1.76,2.18,3.11,4.18,5.62,3.68,3.25,0.45,1.52,-0.17,-0.82,1.0
0.49,0.36,1.28,0.73,2.04,3.8,4.05,4.41,1.8,3.9,4.54,1.12,0.66,0.16,2.23,1.42,1.56,-0.49,0.84,-0.87,1.3,1.0
0.19,-0.86,-1.16,1.51,1.55,2.81,2.82,2.03,2.38,0.28,1.44,1.5,2.6,2.57,4.35,2.96,4.38,0.85,2.43,0.95,0.79,1.0
0.36,0.4,0.73,1.91,1.44,3.17,2.72,3.6,1.02,3.27,1.06,1.54,3.44,2.45,2.58,-0.48,1.02,-0.01,2.42,0.71,-0.81,1.0
0.85,0.43,1.92,4.88,2.01,2.39,4.94,3.77,2.35,2.72,0.76,1.18,3.84,3.01,1.17,2.39,2.94,0.11,1.03,1.57,0.38,1.0
0.11,-0.92,-0.81,0.52,0.15,1.83,1.12,2.23,-0.64,1.17,3.53,3.7,4.69,4.38,5.29,4.59,2.13,1.23,2.29,2.7,0.75,1.0
0.53,-0.99,1.27,0.11,1.29,1.08,1.26,2.05,1.92,2.57,2.88,2.68,2.95,4.98,6.0,3.45,2.5,1.61,2.19,1.99,0.79,1.0
-0.24,0.9,0.44,3.29,4.28,4.92,5.48,5.36,4.36,2.6,2.16,0.46,0.47,0.55,-0.73,-1.42,0.01,-0.28,-0.12,-0.07,1.61,1.0
1.17,1.92,2.42,0.9,2.78,0.23,2.66,1.69,2.09,1.72,2.89,1.05,2.19,3.4,4.04,3.58,4.82,2.27,1.62,0.7,0.49,1.0
1.11,0.09,1.49,0.76,1.7,4.86,3.36,4.11,1.83,1.75,1.85,1.8,1.33,2.99,0.07,1.99,0.69,2.47,0.97,1.3,1.57,1.0
-1.68,-0.48,1.52,-0.22,2.21,-0.4,1.62,-0.63,0.16,1.11,1.58,2.48,2.99,4.99,6.12,4.82,4.12,1.84,1.19,1.44,-1.98,1.0
1.08,2.0,-1.35,1.63,0.54,-0.35,0.18,-0.01,-0.16,1.74,0.85,4.4,2.51,3.76,5.79,6.03,3.93,2.88,0.27,1.7,0.77,1.0
-0.18,0.84,0.33,0.84,1.21,1.21,-0.01,1.25,1.5,1.13,2.08,3.74,3.11,4.17,5.08,4.86,2.39,-0.95,0.89,0.42,-0.18,1.0
-0.73,1.59,0.28,1.63,3.14,1.86,3.65,3.16,1.24,2.81,1.0,3.48,2.34,2.04,4.79,2.64,2.6,2.0,-0.29,1.46,1.42,1.0
0.08,0.3,-0.59,0.22,2.38,2.76,2.68,2.08,1.26,0.72,2.64,1.95,0.47,3.57,1.8,1.72,2.48,0.91,0.51,-0.74,1.43,1.0
-1.96,-0.41,0.68,1.99,1.63,2.69,2.27,2.78,4.5,2.03,1.66,1.8,2.44,2.09,2.57,0.78,1.42,2.25,1.07,1.68,-0.53,1.0
-1.39,0.15,-0.07,1.7,3.07,4.58,5.06,5.32,3.89,3.49,1.37,-0.16,1.48,0.58,1.35,1.45,1.55,-0.22,0.5,0.05,-0.12,1.0
-2.19,1.16,0.54,1.37,0.57,-0.57,-0.36,0.27,1.78,1.3,2.29,2.91,4.42,6.21,7.72,4.58,3.5,3.5,3.44,1.74,0.4,1.0
-1.09,-0.81,1.34,1.99,0.88,1.99,3.24,3.59,0.92,1.63,1.57,2.98,2.92,3.19,2.29,3.83,3.73,1.75,2.28,-3.05,0.97,1.0
0.37,-0.71,-2.12,-1.25,0.82,3.37,0.63,-0.75,-0.72,0.2,0.45,3.45,2.38,4.63,4.9,3.54,4.07,2.36,0.59,0.87,0.22,1.0
0.55,1.21,0.06,0.1,2.71,0.42,3.64,4.16,0.56,3.01,1.9,1.36,1.65,4.09,3.83,2.81,2.04,2.09,-1.26,2.7,-1.12,1.0
-0.24,2.72,1.85,3.0,3.18,2.7,3.56,3.19,2.53,2.59,1.78,-0.81,0.47,1.54,-0.39,1.69,2.02,0.99,1.68,0.38,-0.73,1.0
-0.01,-0.12,0.4,1.16,3.27,0.86,2.82,0.61,-0.13,1.01,2.28,0.97,3.6,4.88,3.24,3.82,2.17,1.32,1.98,2.47,1.02,1.0
-0.56,0.62,1.81,2.52,0.39,2.98,1.6,2.01,1.2,2.55,2.3,2.58,2.35,3.9,5.62,1.13,2.74,1.88,2.08,1.58,2.27,1.0
0.45,0.21,-0.02,0.46,0.06,3.49,2.3,2.38,2.17,0.99,1.16,1.1,1.05,3.15,4.32,3.47,3.08,0.88,0.78,0.79,1.06,1.0
1.04,0.62,2.56,2.58,5.92,5.29,4.94,4.11,3.12,2.68,1.2,1.75,1.03,-0.32,0.39,1.63,-1.96,1.17,1.86,0.67,0.56,1.0
-0.39,-0.03,1.69,1.24,3.8,4.65,5.6,4.26,4.02,2.95,3.44,2.53,1.43,0.27,0.75,-0.24,0.2,2.0,0.81,-1.51,0.18,1.0
0.25,0.98,1.0,4.55,4.39,4.39,8.03,3.91,3.11,2.9,0.53,0.89,1.3,1.3,-0.03,0.85,0.95,1.1,-0.27,0.41,0.39,1.0
0.5,0.86,2.55,1.25,3.06,4.53,4.19,2.98,2.33,3.58,2.2,1.85,1.69,1.55,1.14,2.93,2.85,1.2,1.18,-1.05,0.47,1.0
1.26,-1.23,-1.88,1.96,0.33,-0.54,0.64,1.07,1.15,1.35,2.4,3.96,4.02,5.87,6.16,4.86,3.64,0.38,0.72,0.99,-1.48,1.0
-2.65,-0.09,-0.38,1.11,0.12,1.11,1.57,2.59,-1.27,-0.96,3.52,3.29,3.69,5.96,4.08,6.31,3.31,1.91,1.11,3.01,1.92,1.0
-0.88,-1.07,1.24,1.17,2.37,0.61,2.68,1.89,0.31,2.07,1.4,4.02,1.53,3.57,3.52,1.46,2.46,0.86,1.96,0.42,0.02,1.0
-1.45,0.49,0.18,-0.36,0.99,0.9,2.41,2.15,-0.87,1.54,3.69,1.42,2.47,4.22,4.25,6.29,4.32,3.13,1.8,-0.52,-0.5,1.0
0.42,2.38,1.73,3.62,2.04,4.83,4.98,3.47,3.43,2.46,3.62,1.11,1.23,-1.48,0.23,1.57,1.83,2.1,1.67,0.61,-1.19,1.0
-0.4,-0.42,1.18,1.49,3.07,2.79,4.44,3.65,3.59,2.15,1.81,3.56,0.33,2.77,1.15,1.71,1.55,1.45,0.42,-0.15,0.34,1.0
-1.7,-0.05,1.49,1.13,-0.59,0.32,2.01,1.72,1.13,2.42,2.52,3.3,3.61,3.6,4.16,3.34,4.08,3.15,1.9,-0.99,-0.54,1.0
-1.61,-0.29,1.24,2.58,3.28,2.94,4.13,4.52,2.56,1.88,2.84,1.94,1.79,-0.14,1.86,0.46,-0.36,0.23,-0.09,0.05,2.4,1.0
0.68,2.87,1.84,2.08,3.0,4.45,4.64,4.72,4.39,2.14,2.03,0.27,0.95,0.5,-0.43,0.1,0.34,1.18,0.82,0.55,-1.32,1.0
0.71,0.58,2.03,0.48,1.89,4.7,2.66,1.97,1.98,1.55,0.95,1.82,1.58,2.13,2.44,4.98,0.51,1.74,2.14,0.51,1.16,1.0
-1.56,-0.42,3.03,3.3,3.75,2.27,6.28,5.11,4.71,1.86,2.72,-1.15,1.63,-0.36,0.5,0.17,-1.45,-1.24,0.49,-0.27,0.41,1.0
-0.72,-1.21,-2.31,1.7,-1.68,1.81,1.38,1.16,0.83,2.13,2.55,2.68,2.26,5.27,4.52,5.62,1.75,0.9,1.72,0.05,0.03,1.0
-0.85,0.19,-1.02,1.18,-1.03,1.2,0.88,-1.24,-0.24,-0.52,1.59,3.13,3.03,4.58,5.76,3.96,3.42,1.56,3.28,3.41,-2.06,1.0
-1.11,-0.06,-0.28,0.03,2.1,0.65,2.08,0.95,0.41,1.02,0.9,2.37,1.0,3.42,5.81,4.38,3.55,3.83,2.65,1.87,-0.25,1.0
-0.44,-0.29,1.5,-0.01,-1.33,-1.11,2.05,-0.06,1.65,0.79,2.02,3.67,2.82,3.72,5.4,5.27,4.93,4.33,3.05,1.41,1.04,1.0
0.15,0.38,1.05,4.52,3.92,4.41,7.63,3.06,4.29,3.08,0.68,1.8,0.2,1.33,0.8,0.58,0.09,1.32,0.58,0.1,-0.11,1.0
2.17,1.6,0.64,2.17,1.94,3.16,3.66,2.28,0.83,1.41,1.83,2.66,1.41,2.7,3.53,3.83,0.64,-0.54,2.23,0.27,0.67,1.0
-1.72,1.04,1.77,3.57,4.21,3.52,3.44,4.13,2.21,2.71,3.78,2.24,-1.33,0.16,-0.5,-0.26,-0.49,-1.13,1.26,-0.4,1.54,1.0
0.34,0.61,1.9,2.57,2.4,5.04,6.49,4.3,3.01,2.2,1.21,1.18,-1.03,-0.97,3.24,1.02,1.66,1.54,-0.51,-0.29,0.38,1.0
-1.31,1.39,0.01,1.3,1.98,1.71,1.5,2.64,2.27,1.84,1.04,2.24,2.75,3.13,4.3,2.2,3.52,0.52,2.75,0.17,-1.11,1.0
-1.08,1.59,0.91,2.95,5.01,5.42,4.79,5.32,3.07,1.35,1.89,1.85,-0.61,2.12,-1.07,2.2,1.31,1.24,0.66,0.86,0.47,1.0
-1.06,1.37,0.03,1.36,0.71,2.87,4.11,3.29,3.98,1.1,1.73,2.57,0.87,1.39,1.21,0.46,1.71,0.03,1.11,-0.09,-0.42,1.0
-0.42,-0.15,2.51,2.73,2.92,4.62,4.15,5.17,2.11,2.08,1.37,1.93,0.72,-2.05,-0.25,-0.9,2.14,0.39,1.18,1.95,-1.32,1.0
1.32,0.3,0.32,1.56,1.39,1.04,2.12,1.62,2.09,2.59,2.5,2.52,2.22,5.29,3.81,1.75,1.92,2.34,0.55,0.24,-0.71,1.0
-0.71,1.11,0.54,0.99,2.2,0.3,1.26,0.74,0.26,0.56,2.06,3.35,2.87,2.9,4.39,2.9,1.99,0.25,0.54,0.95,0.93,1.0
0.7,-0.53,3.67,2.78,2.62,3.76,5.97,5.56,3.61,3.91,1.98,2.5,1.02,1.31,1.52,-0.79,0.65,0.12,-1.01,1.13,-0.53,1.0
-2.1,-0.47,-1.8,0.89,2.05,3.91,3.89,3.78,3.0,2.65,0.65,1.71,4.46,2.05,1.59,1.22,1.94,-0.14,0.03,-2.5,0.04,1.0
-0.48,1.25,1.14,0.5,1.86,1.69,2.5,4.17,1.49,2.03,2.24,1.97,3.24,3.14,4.41,-0.08,-0.06,2.1,1.52,-0.3,-0.24,1.0
-0.11,2.16,0.5,-0.8,0.3,1.14,1.63,2.37,1.43,-0.45,2.84,1.71,3.2,4.11,4.18,3.28,2.24,1.55,1.75,1.28,-0.42,1.0
-1.26,1.9,-0.53,0.49,-0.57,1.14,-0.36,0.69,0.19,1.11,3.21,2.14,3.69,5.83,4.63,3.71,3.76,2.35,0.72,0.91,1.06,1.0
-0.73,0.29,0.32,3.84,0.84,3.33,5.01,5.65,3.69,2.5,3.62,2.25,-0.18,1.18,2.79,1.66,1.66,0.36,0.42,1.86,-0.2,1.0
-0.38,0.56,0.03,-0.89,1.84,-0.73,-0.55,-0.26,2.09,-1.76,0.85,0.96,4.87,2.61,7.24,4.5,3.71,2.82,0.89,2.95,0.34,1.0
-0.22,-1.15,0.16,-1.85,1.24,0.36,-0.08,-0.08,0.4,0.85,2.52,3.67,3.67,4.08,3.76,3.5,1.75,1.04,1.55,0.06,0.6,1.0
-1.18,1.4,-2.03,-0.1,-2.03,0.6,0.1,-0.45,1.12,-0.23,3.02,3.88,3.22,4.2,6.73,4.16,1.82,5.36,2.3,1.55,-0.15,1.0
-0.13,0.35,3.14,3.06,1.95,4.23,4.85,4.81,2.23,2.58,2.17,2.08,1.84,2.95,2.01,-0.05,2.02,0.86,-0.09,1.23,-0.44,1.0
-0.59,0.71,1.48,2.02,1.65,3.87,4.9,1.24,4.47,3.93,3.85,1.34,1.78,1.46,2.93,2.09,0.57,-0.53,1.31,0.08,0.21,1.0
0.1,0.12,-0.51,1.19,-1.63,-2.23,-1.51,0.53,1.49,-0.03,3.08,2.48,3.33,4.74,5.25,2.77,3.79,3.09,1.09,2.05,-0.04,1.0
-0.82,1.58,0.69,1.02,1.59,0.57,3.2,3.37,0.53,1.84,1.52,2.99,1.79,1.89,1.76,1.27,1.22,1.08,0.5,-0.17,0.18,1.0
1.37,0.42,-1.03,0.19,1.22,2.46,1.18,-0.39,1.23,1.33,-0.25,1.23,2.21,4.34,5.31,2.53,2.26,2.88,1.72,0.22,1.16,1.0
0.68,-1.3,0.98,0.06,1.23,1.26,0.47,2.43,0.59,2.33,1.05,3.58,1.4,3.95,2.2,1.18,3.08,3.28,-0.29,0.15,-0.25,1.0
-0.84,0.53,-0.27,2.05,-0.25,2.05,0.72,-0.32,0.66,2.54,2.44,2.84,4.69,4.47,5.37,4.9,3.05,2.73,2.38,1.7,0.17,1.0
-1.11,1.4,1.18,1.48,2.18,1.56,2.73,3.71,1.14,1.89,1.94,0.47,-0.15,4.38,2.18,1.71,2.45,1.55,2.15,1.01,1.85,1.0
-0.84,0.45,4.3,4.16,4.17,4.38,5.37,5.28,4.68,1.51,1.8,1.28,-1.94,1.13,0.77,0.81,-0.15,1.0,1.18,-1.07,1.25,1.0
0.14,1.48,0.68,0.66,2.38,3.68,2.84,2.03,4.61,0.57,3.09,3.0,1.55,3.24,3.14,2.7,0.53,-0.33,1.48,0.12,-0.63,1.0
0.45,-0.64,1.77,1.59,3.25,1.86,4.36,2.67,2.29,2.46,-0.08,2.35,2.47,2.51,-0.28,0.37,1.51,0.24,1.78,0.27,0.2,1.0
-0.25,0.43,-0.1,1.8,2.19,2.42,2.21,4.1,4.22,-0.41,0.81,3.22,0.87,1.74,2.22,1.64,2.57,-0.64,1.39,-0.1,-1.58,1.0
-0.81,0.18,1.32,0.75,0.24,1.11,0.69,0.05,1.39,2.82,2.94,2.75,4.63,3.26,5.49,1.55,4.3,1.94,1.38,-0.45,1.12,1.0
0.78,1.44,2.07,1.74,1.67,2.61,4.76,1.92,2.28,2.54,2.2,4.58,2.97,1.71,3.14,4.55,3.53,1.69,0.14,0.55,0.54,1.0
1.02,0.06,0.3,0.84,-0.25,-0.26,2.53,1.15,0.95,1.22,1.11,2.94,3.05,3.2,4.35,5.02,5.09,2.43,2.44,-0.14,-0.1,1.0
0.07,-0.85,2.42,2.6,2.23,4.12,3.68,0.59,2.88,3.19,1.99,1.71,1.81,2.78,2.06,0.93,1.55,-0.11,1.41,1.55,-1.15,1.0
0.15,0.61,0.7,0.92,1.6,3.4,2.63,3.69,3.24,1.26,2.51,1.66,0.96,2.12,2.32,2.07,-0.93,1.8,1.88,0.66,0.37,1.0
2.25,1.17,0.09,1.88,3.17,3.31,5.3,3.91,4.1,2.33,2.14,2.66,-0.26,0.4,-0.67,-0.88,-0.59,-0.86,-1.07,0.14,1.13,1.0
1.15,1.94,0.17,0.81,3.04,4.53,2.94,3.94,3.23,2.3,0.12,-0.49,-0.02,1.37,2.29,0.55,0.97,1.74,0.7,0.01,-0.67,1.0
0.04,0.46,-0.93,-0.26,0.12,0.5,0.37,1.64,1.51,-0.61,0.69,3.01,2.5,4.51,5.78,3.45,3.87,2.56,-0.32,0.18,0.49,1.0
2.48,0.49,-0.19,-0.56,-0.25,-1.18,-0.27,1.34,0.11,1.68,2.88,3.2,5.76,6.06,5.66,4.66,3.23,2.4,2.0,-0.15,-0.86,1.0
-1.88,2.38,3.27,2.43,3.23,4.21,5.85,5.37,5.6,2.65,3.27,1.42,-0.82,0.85,1.51,1.05,1.41,1.31,-2.1,0.5,-1.06,1.0
-0.21,0.11,0.66,0.08,-1.51,0.32,0.82,0.6,-0.55,0.87,1.89,2.12,2.72,4.96,5.37,5.86,4.39,3.72,0.87,1.61,-0.85,1.0
1.26,0.33,1.46,1.14,3.89,3.51,2.18,1.89,3.55,2.14,2.92,3.52,1.22,1.41,2.6,4.82,1.0,1.45,1.72,0.04,-0.26,1.0
-0.37,0.07,0.32,0.19,2.3,0.95,0.97,2.72,1.13,0.57,1.78,1.08,3.22,3.19,3.41,3.5,2.71,2.38,0.38,1.01,0.75,1.0
1.94,-0.37,1.13,2.37,3.63,5.42,5.39,5.16,4.12,2.2,1.41,2.64,0.91,1.11,-0.37,0.06,-0.16,-0.08,0.95,0.7,0.02,1.0
0.67,-0.11,1.43,0.49,0.3,2.33,2.24,1.35,0.38,3.37,2.43,1.19,4.11,3.39,5.28,3.32,2.42,0.54,0.24,-0.52,-1.8,1.0
1.17,-0.39,2.93,3.78,3.07,2.58,4.12,4.4,5.86,3.3,2.76,2.52,0.09,1.8,-0.47,0.78,2.54,2.52,-0.12,-1.56,1.55,1.0
1.68,-0.38,0.32,0.9,-1.13,2.88,1.52,0.02,2.01,0.8,2.53,1.79,3.48,4.95,5.64,5.96,2.56,3.8,1.59,1.18,-0.79,1.0
-1.11,1.13,1.26,0.07,1.23,0.51,1.98,0.9,2.28,1.08,1.24,1.89,2.62,2.55,6.9,3.43,3.79,4.19,0.73,1.21,-0.24,1.0
1.05,2.56,2.77,1.84,2.87,2.76,2.55,3.64,2.91,0.85,1.85,2.56,2.85,1.31,2.84,1.29,1.81,1.55,-0.71,-0.11,0.25,1.0
0.96,2.38,1.69,2.03,5.8,5.58,4.84,5.34,3.64,2.42,2.25,0.95,1.95,1.78,-0.6,1.14,1.33,1.75,1.23,2.44,1.29,1.0
0.23,1.2,2.24,2.01,2.97,4.46,3.86,3.32,2.11,3.12,1.33,0.06,1.48,2.67,2.79,-0.19,0.71,1.65,1.57,2.06,0.7,1.0
0.86,0.1,-0.82,2.92,3.27,4.86,2.92,3.63,1.07,1.58,1.96,1.4,0.8,2.46,2.15,2.29,1.71,1.28,2.8,-0.61,0.44,1.0
-0.05,0.59,1.44,0.1,4.25,4.25,4.13,4.05,2.52,2.94,2.05,2.24,0.37,1.32,0.16,1.6,1.41,1.18,1.56,-0.37,0.08,1.0
-0.13,-0.36,2.0,2.33,5.48,2.57,3.24,4.77,4.9,2.15,1.12,3.49,1.72,1.84,0.42,0.25,1.96,2.6,-0.26,-0.44,1.13,1.0
-1.0,2.37,1.72,0.08,2.63,2.1,2.69,3.09,2.36,0.25,1.63,1.33,-0.41,1.25,1.69,2.05,1.78,2.04,-1.21,-0.37,0.58,1.0
1.06,0.48,2.72,1.35,2.92,3.21,3.79,1.1,0.07,0.72,1.36,2.05,2.79,2.27,4.94,2.48,2.46,0.09,1.77,0.89,-0.59,1.0
-1.24,1.55,0.37,1.34,1.9,3.63,3.0,1.56,0.43,1.5,1.01,2.46,2.43,2.53,3.48,1.96,2.3,2.26,-0.23,0.53,0.44,1.0
-0.85,-0.71,0.26,1.61,3.16,1.78,2.37,3.7,3.01,1.11,4.99,3.81,2.33,1.06,3.63,2.54,3.34,1.86,0.05,2.38,-1.65,1.0
1.52,-0.17,2.97,3.25,2.82,2.17,3.02,3.19,1.38,2.95,3.27,4.25,-1.2,2.31,-0.33,1.47,2.83,0.63,-0.38,1.15,-0.22,1.0
1.01,1.44,0.33,1.88,3.22,2.73,5.7,2.77,2.47,3.01,2.68,1.02,-0.2,2.87,3.86,2.34,2.23,2.51,0.14,0.72,-0.6,1.0
0.8,1.31,1.01,2.91,3.01,5.81,7.09,4.86,5.23,2.89,1.78,2.17,1.74,-0.95,0.35,-1.58,0.72,-1.93,0.83,-1.14,1.12,1.0
-1.01,0.31,2.02,2.87,1.21,1.08,3.26,1.33,1.91,1.13,0.81,0.96,2.34,1.54,3.12,3.53,3.86,0.56,0.08,-0.16,-0.1,1.0
0.95,1.02,0.73,1.3,-0.06,2.36,0.79,2.29,2.03,1.68,0.94,2.43,1.91,4.64,5.11,3.28,2.0,2.26,1.49,-1.03,-0.61,1.0
0.8,0.51,1.67,1.79,1.08,0.44,3.61,1.53,0.73,2.27,2.57,2.2,3.52,2.92,2.8,3.32,2.85,0.13,1.24,0.08,0.86,1.0
0.48,1.03,-0.62,1.04,3.63,4.93,5.42,3.26,4.35,3.18,2.04,2.12,1.65,0.24,2.36,1.54,0.05,-0.92,0.29,0.69,0.86,1.0
-0.82,0.42,-0.59,0.94,0.58,-0.89,0.05,0.0,0.7,0.06,2.35,1.41,4.68,3.55,5.57,4.96,2.82,3.89,3.38,2.12,-0.98,1.0
-0.34,2.88,2.78,2.27,5.14,5.11,5.66,5.12,4.86,3.62,1.9,0.54,1.58,0.26,1.68,-0.38,0.22,1.6,0.8,0.49,0.68,1.0
-0.85,0.98,3.43,2.68,3.99,4.72,4.88,3.46,3.08,2.43,1.24,2.95,1.42,0.82,1.72,0.88,-0.07,0.39,-1.67,0.07,-0.62,1.0
-1.63,0.85,2.24,1.17,3.06,2.36,4.81,2.08,0.56,2.68,2.71,4.39,-0.63,4.85,2.18,0.87,2.78,3.02,0.12,0.64,-1.43,1.0
0.39,1.16,2.18,2.83,2.65,2.84,5.35,4.0,2.34,2.22,1.38,2.5,1.59,1.26,1.21,2.82,0.94,1.26,3.5,0.09,2.28,1.0
0.51,0.79,0.12,3.28,2.23,3.24,5.01,3.74,2.39,1.86,1.46,1.65,2.71,1.89,2.1,2.39,0.75,0.81,1.09,-0.99,0.23,1.0
0.61,-0.04,0.6,1.45,4.46,4.33,6.63,3.05,3.63,3.04,-0.07,2.78,-0.47,1.2,0.63,2.38,0.52,-0.06,1.35,1.06,-0.92,1.0
1.28,0.98,-0.79,0.96,0.78,2.04,2.77,5.42,2.28,3.09,1.06,0.69,2.77,1.78,2.79,2.84,3.36,3.17,0.55,1.2,-2.11,1.0
1.24,-0.54,1.29,1.82,2.7,2.69,4.35,2.08,3.88,1.9,1.85,2.79,2.07,1.48,2.57,1.49,1.59,2.12,1.31,0.16,-0.88,1.0
0.97,2.11,-0.09,0.95,-0.53,1.43,-0.42,0.47,2.37,-0.67,2.42,3.18,2.65,4.27,4.1,1.84,2.7,1.55,2.62,1.6,-0.33,1.0
0.16,-0.83,-0.11,2.51,3.7,6.17,5.12,3.7,2.56,1.91,1.92,2.71,-0.27,2.52,3.08,1.33,2.2,1.08,0.51,0.32,-1.08,1.0
0.47,-1.33,1.79,1.61,2.17,3.97,3.7,3.8,2.2,1.12,1.49,1.7,0.99,2.57,2.79,1.34,2.15,2.56,1.68,0.04,0.17,1.0
0.18,-0.01,-0.05,0.49,2.58,1.59,2.62,1.16,2.58,3.26,1.91,1.87,2.06,0.93,2.1,3.28,0.24,0.43,1.75,0.94,-0.51,1.0
1.27,0.77,0.73,0.54,1.38,1.76,1.87,1.74,0.94,2.88,2.78,3.09,3.56,1.68,4.13,3.52,2.99,1.52,0.2,-0.18,-1.85,1.0
-1.1,0.18,-0.29,1.79,3.12,2.4,3.95,3.83,2.57,2.34,0.74,2.43,1.4,2.2,2.96,3.43,1.71,0.25,0.87,0.41,1.0,1.0
0.27,1.41,0.94,1.45,3.26,2.62,4.68,4.14,4.06,2.35,0.45,2.04,-1.18,2.23,0.49,0.68,2.05,1.46,0.7,0.82,-0.85,1.0
-0.18,1.38,0.91,2.57,2.25,3.61,2.78,3.7,3.15,3.79,0.95,0.68,0.75,0.08,3.71,1.01,1.53,-0.07,1.11,0.27,0.82,1.0
-1.5,0.41,-0.06,-0.55,2.86,1.96,1.48,0.69,2.66,2.44,1.56,2.75,4.3,4.27,4.49,2.39,2.89,2.08,-0.38,-0.13,-1.13,1.0
1.17,1.29,1.52,0.16,-0.88,2.08,0.61,0.52,1.42,1.17,2.06,2.53,5.77,4.93,5.42,3.85,3.62,3.92,1.37,-0.6,0.08,1.0
1.72,-0.37,1.52,0.18,0.02,1.0,-0.32,0.97,0.25,0.99,1.03,3.43,3.04,4.55,5.25,5.18,2.86,3.93,2.51,0.13,-0.43,1.0
0.28,-0.16,1.42,1.35,2.14,3.7,4.56,3.75,3.43,3.39,3.98,2.14,-0.33,-0.97,1.26,2.6,-0.07,1.31,0.42,-2.29,0.37,1.0
3.12,0.88,2.4,2.47,3.71,3.94,3.41,2.6,1.46,0.07,1.52,1.85,2.24,2.26,0.66,1.24,2.07,-1.03,0.57,-0.4,-0.72,1.0
-0.9,0.85,1.4,3.3,3.31,4.58,4.73,3.38,3.97,3.24,1.09,0.43,1.83,3.09,0.28,2.8,2.29,-2.59,-0.76,0.02,1.34,1.0
1.55,1.22,-0.31,-0.95,-0.92,-0.23,1.14,2.42,0.91,2.23,1.31,2.33,3.57,5.04,5.07,4.73,2.01,1.39,0.66,0.33,-0.76,1.0
-0.01,2.38,0.25,3.27,-0.2,1.55,2.54,2.06,2.68,0.64,3.26,1.82,2.34,3.36,2.64,1.71,2.59,1.36,1.35,-0.81,1.93,1.0
-0.32,1.17,0.9,-1.01,-0.42,0.11,0.78,0.94,2.69,1.27,3.5,1.6,2.9,3.68,4.36,2.94,3.53,2.84,1.22,1.19,-1.71,1.0
0.89,1.18,0.42,-0.33,-0.17,2.15,-0.44,0.49,0.53,-0.15,1.32,1.51,3.61,3.36,6.92,7.11,5.15,1.22,3.02,0.69,-0.43,1.0
1.28,1.46,0.4,1.03,2.26,1.25,1.47,1.82,-0.3,0.2,2.4,1.91,3.48,4.43,6.99,4.34,2.95,2.88,0.84,1.17,-0.38,1.0
-0.68,1.23,0.76,1.58,1.7,0.89,4.0,1.78,1.41,1.16,2.63,2.27,3.87,3.78,3.89,3.04,3.08,2.23,2.2,1.98,-1.74,1.0
1.32,-0.4,-0.69,4.17,3.66,4.0,5.24,3.88,2.17,1.82,3.65,1.01,1.82,1.13,-0.07,0.26,0.5,1.38,1.25,-1.34,0.53,1.0
-0.68,1.71,1.78,0.29,1.48,0.4,1.62,2.03,2.23,1.22,0.23,2.77,2.01,3.65,5.47,2.15,3.28,1.55,-1.16,1.19,1.02,1.0
1.82,1.08,0.77,3.48,1.24,5.78,4.92,4.24,4.21,1.88,2.37,0.98,1.53,1.49,0.44,-0.05,0.11,0.44,-1.54,-1.35,-0.64,1.0
-1.61,0.87,-0.54,-0.3,1.77,-2.65,-2.11,0.29,0.52,0.82,3.09,1.93,3.91,4.63,5.88,3.9,4.15,3.59,1.98,-1.5,-1.15,1.0
-0.42,1.97,2.31,2.22,5.26,4.06,4.24,5.93,2.66,3.06,1.55,0.25,0.82,1.59,0.3,-0.16,1.23,0.5,1.49,-0.44,-0.93,1.0
0.89,0.32,1.33,2.06,2.59,2.54,2.53,4.19,2.23,2.38,0.52,0.85,0.63,1.25,3.18,2.52,1.8,-0.65,-0.24,-0.4,-1.4,1.0
0.56,0.65,1.17,0.8,1.52,-0.02,-0.32,-1.25,1.8,-0.07,1.83,4.37,3.79,2.84,6.07,3.79,2.48,1.72,2.06,0.77,-0.19,1.0
-1.36,0.39,-0.01,0.95,0.03,2.52,2.31,1.02,0.11,2.63,2.96,4.09,3.08,5.49,6.84,5.39,4.45,2.27,0.39,0.04,0.2,1.0
-0.55,-0.32,0.44,1.9,-1.08,2.8,3.9,2.53,1.57,1.89,4.06,1.48,2.55,4.62,3.47,3.78,3.36,3.47,0.99,1.11,-0.63,1.0
0.8,0.86,-0.11,1.46,1.82,3.12,5.01,2.31,2.6,1.99,2.25,1.38,1.62,3.0,1.07,2.16,1.16,1.43,1.02,-1.01,-2.31,1.0
-0.39,-1.7,0.85,2.35,-0.19,2.32,2.2,2.02,1.18,0.94,2.13,3.29,3.83,3.65,2.89,2.83,0.05,2.92,1.64,-0.16,-0.32,1.0
1.49,0.15,-0.65,2.12,1.26,4.88,4.11,2.92,1.96,2.0,2.35,1.71,1.68,1.62,-0.04,0.85,0.49,2.02,1.55,0.71,0.21,1.0
-0.7,0.98,0.75,1.63,1.35,3.37,2.49,3.39,1.73,2.29,1.0,1.78,2.88,0.11,2.06,1.1,1.81,1.55,0.84,-0.7,0.19,1.0
1.29,-0.58,1.91,1.24,2.52,1.51,1.23,0.76,1.1,1.09,2.31,2.71,3.61,2.98,3.88,4.41,3.58,1.95,1.26,1.26,0.67,1.0
0.41,-1.24,-0.68,0.76,3.25,2.7,5.1,2.61,1.89,1.74,-0.26,3.16,2.96,1.34,3.54,1.62,2.13,1.86,0.97,0.53,-0.77,1.0
-1.1,2.56,2.08,3.01,3.9,6.13,5.34,4.56,4.83,2.59,2.6,0.93,-1.05,-1.71,1.02,-0.42,-0.46,-0.28,-0.08,-0.81,0.77,1.0
-1.6,2.46,2.05,0.76,2.46,3.33,5.72,4.85,4.93,3.81,2.94,1.1,-0.07,-2.31,1.5,-0.8,1.34,0.13,0.56,0.23,-0.81,1.0
-0.06,0.61,0.84,0.3,2.22,2.58,2.19,3.14,0.54,3.05,1.38,3.2,2.12,2.64,4.52,3.59,2.71,2.04,1.11,0.52,0.34,1.0
-0.71,1.8,1.52,-1.11,1.38,1.64,0.89,0.21,0.64,1.32,2.15,3.88,3.32,4.08,5.48,2.87,2.36,3.64,1.76,0.63,0.3,1.0
1.4,0.98,2.03,2.35,2.35,0.39,2.62,2.6,2.11,0.99,2.27,1.42,0.08,2.61,3.19,3.81,2.26,0.9,2.38,0.23,-0.51,1.0
-0.96,0.13,0.13,-0.7,2.89,1.26,3.48,4.36,0.59,2.37,2.02,2.62,2.75,2.6,3.66,3.06,1.41,1.09,1.25,-0.29,-0.41,1.0
-0.48,-1.94,0.63,1.35,0.01,-1.43,0.74,-0.77,1.65,1.55,2.05,2.43,3.9,6.71,5.3,4.12,4.43,2.75,1.06,0.34,-0.61,1.0
-0.28,2.35,-0.25,1.96,1.04,3.05,1.73,3.67,2.23,2.36,2.39,2.11,0.65,2.17,1.7,1.67,1.55,0.89,1.08,0.54,0.25,1.0
0.81,-0.58,2.02,3.89,4.02,2.93,4.79,5.41,4.69,2.42,2.6,1.97,-0.48,0.49,0.5,0.37,0.41,-0.72,0.91,0.36,0.27,1.0
1.73,-1.6,1.08,0.83,1.36,0.41,3.23,0.85,-0.58,0.73,2.86,1.09,2.53,1.84,5.88,3.94,4.32,1.28,0.98,2.28,0.48,1.0
-0.0,-0.59,1.35,2.86,0.83,2.34,4.61,2.43,2.71,1.12,2.19,2.68,0.85,0.08,1.02,1.18,2.06,1.64,1.49,0.53,0.79,1.0
-0.21,-0.39,0.32,2.97,1.59,2.43,2.99,1.94,1.83,2.66,2.49,3.21,3.69,2.98,4.91,2.4,2.54,4.09,1.11,1.73,0.6,1.0
-0.83,1.19,3.39,1.66,3.29,3.75,4.38,2.76,3.63,2.2,1.92,1.86,3.32,0.77,2.84,4.03,1.8,1.99,-0.59,1.13,0.45,1.0
-0.97,0.92,1.05,0.87,3.92,4.36,3.32,1.89,3.11,2.82,0.86,0.41,2.13,1.66,3.22,1.1,2.01,3.51,-0.45,2.05,-1.42,1.0
-1.98,0.24,3.63,2.2,1.72,4.81,5.48,3.55,3.55,1.84,1.89,1.9,0.66,2.05,3.07,1.88,1.9,1.3,0.24,1.33,1.91,1.0
-0.09,1.49,1.26,0.15,1.32,3.82,2.41,4.43,0.67,3.53,3.93,1.68,1.42,2.34,3.42,0.68,2.09,0.74,2.15,0.95,1.02,1.0
-1.01,1.23,-0.27,1.09,0.13,1.35,0.17,0.55,0.75,-0.94,1.35,1.74,3.51,3.87,5.4,3.01,3.14,3.96,2.56,0.4,-0.86,1.0
-1.18,-0.26,2.03,1.81,2.64,4.19,3.27,3.82,1.93,1.09,1.38,2.54,1.65,2.11,1.51,3.33,1.64,2.38,0.32,-0.65,-1.07,1.0
-1.65,-0.66,1.05,-0.91,-0.29,-0.11,1.3,1.68,1.24,1.52,2.09,3.09,2.15,4.55,5.59,2.94,1.69,4.74,2.03,2.46,1.25,1.0
-0.27,0.95,-0.69,1.23,2.35,0.45,-0.51,1.82,1.15,0.12,1.6,4.29,3.51,6.4,6.99,4.12,4.64,2.82,0.66,1.63,-1.33,1.0
-0.89,0.06,0.97,-0.86,2.56,1.89,1.23,0.57,3.61,2.67,1.81,1.49,1.8,4.34,4.46,5.17,2.72,2.21,2.13,0.12,0.18,1.0
-1.19,1.14,-0.0,1.74,1.83,2.31,4.76,3.29,3.51,0.31,2.93,2.67,2.5,2.98,1.82,2.31,3.97,3.09,1.59,3.43,0.04,1.0
0.99,2.17,1.7,3.04,3.7,5.11,6.64,4.13,3.56,3.68,2.89,0.81,0.75,0.67,0.37,0.45,-0.36,-0.4,1.56,1.86,0.77,1.0
-1.71,0.71,0.75,2.4,1.56,3.38,2.28,2.58,1.32,2.5,1.18,2.35,2.6,4.69,3.79,3.44,1.85,3.75,-0.56,0.47,-1.45,1.0
-1.14,0.85,1.73,0.23,2.38,2.54,3.02,1.45,0.63,2.46,1.89,4.21,2.3,1.08,3.84,3.48,3.18,1.22,0.72,0.13,1.16,1.0
1.51,1.93,1.43,3.37,3.54,5.71,5.5,5.24,5.45,3.48,0.89,0.67,1.87,1.8,1.35,1.05,0.65,-0.37,0.35,-0.54,-1.21,1.0
1.0,-1.11,-0.56,1.13,0.26,-0.47,0.92,0.62,1.49,2.5,1.37,2.6,2.22,4.11,6.47,4.11,2.58,2.08,0.92,1.07,0.82,1.0
-1.45,-0.82,0.35,-0.19,0.84,1.78,1.07,0.82,0.41,0.68,0.9,2.76,2.74,3.37,5.17,3.53,3.78,2.08,3.99,-1.14,0.39,1.0
-0.36,-0.01,-1.76,-1.19,0.87,0.82,1.76,1.41,1.76,1.4,3.76,1.59,3.0,4.1,5.23,5.03,4.26,2.72,3.76,0.46,-0.27,1.0
-0.35,0.94,-0.19,0.36,1.03,0.94,0.95,1.76,1.08,0.36,0.27,0.5,2.27,3.53,3.99,4.32,3.34,3.16,1.54,2.54,-1.08,1.0
0.76,2.0,2.09,2.38,2.96,3.91,4.46,5.08,4.29,3.0,1.41,2.33,0.97,0.32,1.7,-0.02,-1.52,0.3,-1.1,-0.66,0.54,1.0
0.4,0.09,-0.13,-0.07,2.09,2.28,2.21,1.75,1.95,0.82,-0.19,2.39,3.25,3.51,4.3,4.77,3.11,1.96,1.73,0.52,-1.31,1.0
0.9,0.98,-0.56,-1.07,2.87,1.88,5.25,1.46,1.59,1.85,1.78,3.66,3.09,2.07,2.53,1.58,2.02,-0.16,1.03,-0.74,-1.24,1.0
2.22,0.76,1.58,2.65,2.01,0.79,4.73,1.84,3.18,1.76,1.55,1.98,1.14,0.26,1.76,1.53,1.17,-0.11,-2.12,1.22,0.85,1.0
0.57,-1.25,2.14,0.95,2.1,3.03,3.17,2.85,3.26,4.06,1.97,1.75,1.83,3.8,2.82,2.15,2.57,1.15,1.61,0.25,0.38,1.0
-0.61,-0.26,1.49,-0.3,-0.38,2.01,1.62,1.71,2.7,3.24,1.57,1.74,3.6,2.47,4.01,2.66,-0.43,2.9,0.6,1.82,0.21,1.0
-1.07,1.54,1.6,1.05,1.26,1.4,2.39,1.94,1.41,2.48,1.01,4.88,3.49,1.62,2.33,0.92,2.35,1.35,2.16,-1.37,-0.22,1.0
1.32,1.23,0.33,-0.98,0.74,2.45,1.49,1.42,-0.56,1.45,2.38,3.39,3.94,4.18,4.38,3.71,1.92,2.02,0.29,-0.68,-1.44,1.0
0.7,-0.08,0.86,1.58,2.43,2.61,3.45,3.24,2.88,4.08,0.38,0.91,2.96,0.88,3.2,1.89,2.95,0.56,1.03,0.46,-1.36,1.0
0.25,0.56,2.37,1.03,0.21,-0.72,1.73,0.34,0.64,1.84,2.98,2.3,4.71,5.47,4.83,4.21,2.42,1.78,1.69,-0.18,0.65,1.0
0.6,-1.36,0.05,0.94,0.19,2.84,-1.34,-0.13,0.6,0.17,3.37,3.08,2.01,3.3,5.6,4.48,3.07,2.98,-0.04,-0.31,-0.1,1.0
-0.5,1.62,3.09,1.12,3.36,5.3,5.34,4.79,1.58,1.9,2.85,-0.55,-0.24,1.26,2.05,2.32,-0.83,-0.85,-0.85,-0.94,0.12,1.0
-0.69,0.61,3.51,0.21,0.61,1.76,2.02,1.35,1.35,1.42,2.42,1.18,2.44,4.46,4.83,4.64,3.72,2.79,0.76,2.27,-0.43,1.0
-0.92,-0.04,2.71,2.57,2.5,5.31,5.11,4.36,3.51,2.18,1.6,0.92,2.03,1.22,1.26,1.23,-0.56,0.5,0.57,0.16,-0.27,1.0
0.13,0.58,1.12,2.35,3.71,2.68,4.38,3.46,1.06,1.64,1.77,2.88,1.56,2.48,3.02,0.85,2.46,1.93,1.18,1.71,-1.61,1.0
-0.21,-0.08,-0.24,-0.42,-0.62,1.26,0.25,-0.05,-0.26,0.98,1.38,2.3,2.54,4.54,3.16,6.22,4.92,1.62,1.62,-0.16,-0.46,1.0
0.69,0.98,1.99,2.13,3.37,6.43,6.22,5.3,3.58,1.59,0.48,1.53,1.16,1.27,-0.07,0.24,0.25,-1.1,0.54,0.46,-0.03,1.0
-0.22,3.34,1.31,0.85,2.02,2.93,3.23,2.83,0.62,0.29,1.94,0.91,0.4,2.02,2.57,2.68,2.15,1.75,0.93,2.02,-0.87,1.0
-0.42,0.42,-0.43,0.6,-1.05,0.34,1.75,0.71,1.09,-0.79,1.17,5.27,3.49,3.54,4.5,4.08,3.38,2.72,0.21,2.36,0.83,1.0
1.11,-1.25,0.16,0.62,0.9,0.18,0.64,1.88,-0.02,1.57,2.95,4.32,3.3,4.65,5.54,4.4,1.25,4.69,1.7,1.8,0.31,1.0
-0.9,0.28,0.22,2.72,4.61,3.49,5.25,6.15,2.07,2.83,3.28,0.69,0.2,0.93,2.12,1.38,-1.29,0.43,-0.02,-0.92,-0.66,1.0
-0.94,0.44,4.5,2.9,4.76,5.26,4.35,3.92,2.56,2.38,1.41,2.43,-1.05,1.36,1.3,-0.33,0.4,-0.82,0.35,0.07,-0.12,1.0
0.54,0.59,0.72,1.84,1.16,-1.11,1.9,2.11,2.41,0.52,0.6,3.1,2.31,2.15,4.31,1.24,4.21,2.62,0.97,0.39,-1.18,1.0
-0.07,-0.56,0.84,2.88,0.65,3.97,3.27,3.84,2.57,1.01,2.81,2.85,1.1,2.39,1.44,3.66,0.91,0.26,1.71,0.17,-0.08,1.0
-0.54,-0.66,0.41,-0.92,-0.28,2.16,-0.43,2.92,1.5,1.0,1.85,2.38,3.18,3.24,6.13,3.49,2.32,2.4,1.76,0.54,0.37,1.0
-1.79,-1.85,1.45,2.03,-0.41,2.24,-0.19,0.12,0.81,2.55,1.38,3.23,4.32,5.58,5.81,2.68,4.35,0.93,1.07,0.73,-0.06,1.0
1.72,-1.31,0.1,1.31,1.47,1.35,2.16,0.11,2.38,0.58,1.61,3.14,1.52,4.55,4.7,3.31,3.0,2.26,0.53,0.41,0.36,1.0
-1.11,0.15,-0.2,-0.44,0.72,-1.15,1.12,-1.09,2.7,1.62,0.66,2.19,5.16,5.11,4.46,3.93,4.25,3.59,1.31,0.47,0.68,1.0
0.75,0.72,1.27,2.44,3.29,3.71,2.2,5.02,3.82,3.55,1.61,2.39,1.63,1.67,3.12,2.16,2.39,0.34,2.09,1.42,0.84,1.0
0.66,0.28,0.81,2.09,0.8,3.28,3.95,1.76,2.71,2.75,2.04,4.27,1.17,0.75,4.21,2.46,0.57,0.43,0.87,-0.55,-0.75,1.0
-1.6,-1.84,1.32,1.45,1.79,3.19,4.46,2.63,2.4,2.05,2.74,3.29,-0.95,3.68,1.93,2.24,0.76,0.43,2.26,1.49,-0.75,1.0
-0.78,0.91,0.8,1.7,1.76,2.21,3.08,3.29,1.62,1.03,2.93,2.63,1.69,1.54,3.85,4.56,2.81,2.49,1.33,0.03,-0.99,1.0
-0.38,0.72,0.46,1.0,1.97,2.1,1.85,1.34,0.97,2.56,3.78,2.62,2.8,4.25,3.02,1.95,1.46,1.78,1.42,0.04,-0.75,1.0
0.92,1.23,4.58,3.71,3.85,5.22,6.01,3.97,4.83,2.15,1.88,-0.05,1.22,0.99,1.33,-1.04,0.16,1.23,-1.16,1.05,0.78,1.0
-2.57,0.41,1.5,3.74,4.05,3.04,5.14,5.55,3.63,2.86,2.18,0.42,0.48,-0.46,0.7,-0.18,-0.76,-1.22,0.36,-1.27,-1.88,1.0
0.67,1.57,2.71,-1.44,0.3,2.24,1.37,2.49,0.4,0.88,1.79,1.52,4.79,4.74,3.21,3.11,2.09,3.29,2.74,1.33,-1.17,1.0
0.14,0.73,2.7,0.06,0.77,2.58,1.91,3.53,2.52,1.17,2.4,1.17,2.66,0.98,3.04,1.76,0.57,1.67,1.01,1.56,-1.08,1.0
1.22,-0.63,0.01,0.88,0.46,0.69,1.86,2.59,0.07,1.77,0.97,1.29,3.32,2.88,3.3,4.19,2.97,2.56,0.88,2.41,-1.93,1.0
1.46,3.18,-0.26,2.1,2.28,4.72,5.49,4.88,3.13,2.69,2.63,0.88,0.8,1.09,-0.17,0.06,2.0,1.08,-1.73,-0.25,0.29,1.0
0.16,0.5,1.65,1.1,2.61,3.18,4.76,3.85,2.88,1.13,1.89,1.1,1.62,1.38,-0.42,1.65,0.62,0.06,-0.77,0.55,0.37,1.0
0.18,0.88,2.58,0.67,0.92,2.6,2.28,2.68,1.44,1.02,2.65,1.96,1.77,2.09,5.01,4.41,3.43,0.92,1.48,1.23,-0.56,1.0
0.69,-1.02,-0.43,0.9,0.99,1.05,1.05,1.33,-0.75,1.87,1.89,2.3,2.19,3.19,5.49,3.93,5.47,3.43,2.37,1.01,-2.26,1.0
-0.55,-1.01,1.39,1.53,0.42,1.74,1.02,1.2,0.47,1.42,1.23,3.15,2.54,3.25,4.02,4.1,3.37,2.72,2.54,0.31,1.07,1.0
0.43,0.91,2.61,-1.67,2.35,0.1,1.55,1.63,-0.9,-1.15,1.68,2.55,4.35,4.4,5.93,5.22,3.08,2.98,1.15,0.05,0.52,1.0
-1.52,1.5,1.18,1.98,3.18,5.18,4.56,4.42,4.68,4.65,0.31,1.11,1.05,0.11,0.72,1.49,1.03,0.73,-0.14,0.65,-0.12,1.0
-0.89,-0.87,-0.01,1.04,1.02,-0.22,3.14,1.12,0.33,1.95,2.02,1.4,1.83,3.17,4.96,3.99,4.18,3.54,1.62,0.9,1.02,1.0
0.57,-0.51,-2.06,0.36,2.29,3.24,0.61,0.63,1.85,0.74,1.63,2.52,4.34,4.01,5.08,4.48,4.34,3.35,1.65,1.19,0.09,1.0
-1.21,-0.76,-0.79,1.72,-0.25,1.74,0.07,0.9,0.01,2.34,1.18,4.27,4.09,5.88,5.33,3.76,4.72,3.06,2.23,1.4,-0.51,1.0
1.3,0.67,0.88,1.35,0.86,2.29,0.66,-0.72,1.81,2.48,0.39,4.33,4.22,5.45,4.77,3.05,3.38,2.52,3.16,-0.27,-0.34,1.0
0.7,0.28,0.61,-0.24,0.84,2.79,1.49,1.22,-0.2,1.38,1.87,1.55,2.49,1.68,2.71,2.95,2.2,1.35,0.77,2.04,-0.88,1.0
-0.93,-0.23,-0.4,3.04,-1.71,1.8,1.58,0.97,-1.48,2.48,1.94,3.82,4.59,3.88,7.68,4.11,4.28,3.67,1.22,-0.03,1.06,1.0
-0.39,-0.39,0.66,1.78,1.78,3.35,5.55,4.2,2.83,3.84,2.56,0.55,1.63,2.15,1.19,1.74,-0.77,-1.26,-0.11,1.56,0.87,1.0
0.22,0.29,0.53,2.53,2.52,4.39,5.1,4.03,5.14,4.51,2.41,1.84,-0.65,0.27,0.51,2.15,-0.57,1.16,-0.09,-1.18,0.57,1.0
-0.94,1.51,1.41,2.49,1.54,2.29,4.48,4.1,2.39,1.51,1.09,1.32,0.72,4.28,2.25,0.06,0.76,0.53,-0.01,0.98,-1.48,1.0
0.69,-0.06,0.69,1.7,1.37,1.11,1.51,0.81,0.32,1.9,3.48,1.4,1.41,1.32,5.2,4.61,1.76,0.17,0.42,2.73,0.56,1.0
-0.98,1.44,0.36,3.4,4.9,6.92,3.71,5.28,4.72,3.15,3.15,1.28,-0.29,0.07,-1.11,0.91,1.4,1.7,0.68,0.1,-1.67,1.0
1.07,0.22,-0.63,1.76,1.73,0.85,3.62,3.02,1.72,1.68,4.74,2.62,0.73,1.72,3.55,1.3,0.08,0.48,0.99,-0.66,0.95,1.0
0.2,2.55,-0.28,0.23,0.54,-0.05,1.13,-1.04,1.75,1.41,1.5,2.67,4.99,5.85,6.58,4.65,3.86,3.18,1.44,1.61,0.1,1.0
-0.16,-0.79,0.07,0.01,0.26,1.01,1.24,0.98,-0.52,3.06,0.3,2.83,4.47,4.64,5.95,4.55,2.38,1.86,3.43,-0.41,-0.31,1.0
0.34,1.26,-0.89,-1.54,1.42,1.2,-0.97,0.91,-1.12,1.39,2.5,3.38,2.64,3.99,6.12,4.86,3.3,2.95,1.76,0.58,0.74,1.0
-0.69,1.01,1.27,1.93,1.78,4.69,4.49,4.24,1.62,2.77,2.33,1.4,1.53,2.18,1.16,2.17,1.13,0.61,0.07,-0.04,-0.4,1.0
1.34,-0.45,2.28,2.38,2.19,2.7,3.66,2.66,3.33,3.14,0.95,4.05,2.16,1.4,2.26,1.67,2.06,-0.41,-0.82,0.12,-0.23,1.0
0.5,1.51,1.32,0.51,0.0,1.29,3.32,1.71,1.99,0.2,1.07,1.1,4.51,3.92,4.61,4.58,2.96,2.27,1.14,-0.03,-0.86,1.0
-1.34,-0.73,-0.75,1.07,-0.72,-0.6,0.02,0.05,1.69,0.57,2.49,2.18,3.23,6.05,5.65,3.84,5.01,0.92,1.35,0.73,0.42,1.0
-0.52,2.73,0.79,2.65,1.31,5.21,4.52,5.03,3.56,2.57,1.46,1.37,1.8,0.29,2.87,0.65,0.92,0.8,0.3,-0.58,0.46,1.0
0.79,2.77,1.14,1.63,2.74,4.96,5.7,5.59,3.3,3.34,2.97,2.31,0.35,0.69,-0.98,0.98,2.93,1.33,0.82,-0.04,0.61,1.0
0.01,1.99,-0.11,-1.06,2.02,1.73,1.23,3.34,3.07,1.99,1.84,1.35,4.12,3.02,5.04,3.83,2.82,1.82,0.02,2.1,0.33,1.0
0.43,0.25,1.16,2.13,0.28,2.97,4.71,3.85,0.3,2.25,1.93,2.61,1.76,3.38,1.46,3.73,0.99,1.68,0.19,0.87,0.8,1.0
0.89,-0.17,0.55,1.79,0.03,0.6,1.88,3.17,-0.48,1.51,1.85,2.96,1.59,3.98,4.05,3.81,4.79,1.84,3.5,-0.86,0.54,1.0
0.1,0.24,2.92,2.41,3.57,2.99,4.64,4.26,3.46,3.82,3.11,2.81,-0.28,1.42,1.44,0.38,-0.04,2.13,-0.23,0.81,-1.63,1.0
0.34,1.33,-0.67,1.48,2.84,2.9,5.38,2.77,2.64,1.21,2.48,1.92,3.17,1.35,3.36,1.46,2.37,0.55,1.03,1.9,-0.22,1.0
-1.07,0.02,-0.99,2.19,1.97,2.25,4.05,4.26,2.53,2.51,1.49,1.4,2.96,2.34,1.85,1.81,2.46,2.14,0.61,0.99,-0.43,1.0
-0.31,1.49,0.86,0.36,3.01,2.81,3.42,1.63,2.3,0.89,0.62,1.72,2.32,3.16,3.85,2.83,1.75,1.71,0.21,1.28,0.78,1.0
-0.11,-1.19,1.64,1.32,1.35,0.22,0.21,-0.56,0.23,0.15,2.46,3.47,3.97,4.54,6.49,5.24,3.01,2.59,2.78,1.09,-1.16,1.0
1.32,-1.22,-0.62,-0.46,1.5,-0.89,-0.03,-0.28,-0.09,2.06,2.84,2.76,4.65,4.43,6.73,7.86,4.96,2.4,3.17,3.35,1.41,1.0
-0.94,1.57,1.09,2.05,3.88,3.98,3.59,5.75,1.79,1.17,2.32,0.94,1.94,0.55,1.47,0.77,1.75,1.38,0.1,0.9,0.04,1.0
-0.96,1.81,0.58,0.61,-1.44,1.16,0.31,0.65,0.02,0.68,2.01,1.13,3.16,5.86,4.82,5.4,5.0,2.95,1.06,0.36,2.76,1.0
0.54,0.11,-0.26,1.32,2.66,5.24,2.17,3.71,3.49,2.85,2.21,2.38,0.64,2.26,-0.34,0.96,0.89,0.03,2.45,1.34,-0.14,1.0
-1.06,0.09,2.16,1.01,-0.06,1.81,1.7,1.27,1.99,2.46,1.58,1.91,2.76,2.54,3.08,2.17,4.36,2.67,0.86,-1.55,-1.02,1.0
-0.64,0.43,1.59,-0.39,2.15,2.21,3.17,1.19,3.97,1.12,3.0,3.62,2.47,1.69,2.86,5.74,2.53,1.25,1.13,0.1,2.68,1.0
0.32,-0.5,2.53,4.49,2.9,5.51,5.1,2.86,1.66,2.35,1.55,2.46,1.88,1.21,0.15,-0.07,2.14,1.16,-0.89,-0.65,-0.91,1.0
-0.23,0.25,0.64,1.96,1.27,1.69,2.06,-0.36,1.47,1.72,0.83,2.47,2.61,2.94,4.12,2.56,2.85,1.36,1.13,-0.27,1.28,1.0
0.76,-0.12,-1.39,2.35,1.03,2.17,3.39,3.3,0.33,1.22,1.6,3.1,3.91,3.38,4.44,0.13,3.31,0.93,1.55,0.73,-0.07,1.0
0.56,0.18,1.0,0.49,2.49,-0.66,0.36,0.43,0.13,2.01,-0.08,1.67,3.56,3.97,5.59,3.33,2.8,2.36,2.35,-0.29,-0.95,1.0
-0.76,0.2,2.1,-0.62,0.52,1.52,0.11,1.17,2.6,0.99,2.93,1.09,1.1,4.23,5.37,4.56,3.04,4.12,0.83,0.47,-0.11,1.0
-0.27,-0.2,-1.41,-1.06,-0.66,2.28,2.42,2.4,2.32,0.96,3.08,1.29,0.21,2.36,4.13,4.47,4.09,0.92,3.35,1.08,0.72,1.0
0.37,3.88,-0.14,-0.77,-0.98,0.61,-1.46,0.08,0.44,0.58,3.27,4.37,2.64,4.29,5.84,5.47,3.06,2.67,1.98,1.77,0.77,1.0
0.97,0.72,-0.64,-0.87,0.66,0.8,-0.47,0.55,0.57,0.3,1.97,2.48,3.13,2.53,6.35,5.24,4.37,3.77,0.47,2.25,-0.3,1.0
-0.56,1.62,0.84,1.82,2.92,2.37,3.69,4.18,2.72,2.55,0.38,2.6,2.86,0.94,2.48,1.16,3.11,2.26,-0.1,1.2,-2.23,1.0
-0.33,-0.21,0.71,1.92,1.83,2.83,3.46,3.3,2.19,0.98,-0.22,2.06,1.84,2.62,3.15,0.33,-0.19,-1.29,0.87,-0.94,-0.72,1.0
-0.8,0.3,0.94,3.16,-0.17,2.55,1.92,2.88,1.95,3.23,3.34,2.21,0.81,1.97,2.35,1.66,4.34,0.46,-0.17,-0.01,1.16,1.0
-0.84,0.96,2.33,4.86,5.01,5.57,6.62,4.6,3.42,2.86,0.31,0.53,0.2,-1.77,-0.41,-0.36,0.56,-0.15,0.26,-0.89,0.86,1.0
-3.34,-0.36,2.71,3.07,4.4,4.45,4.92,3.57,3.26,1.57,2.11,-0.29,-0.69,0.62,-0.12,-1.19,-0.22,-0.14,-0.19,-0.78,0.81,1.0
0.46,-0.32,1.69,0.98,2.22,0.29,2.64,2.46,2.04,2.82,0.72,4.52,1.1,2.17,3.34,2.74,3.19,2.12,1.63,0.48,-0.26,1.0
1.77,-0.44,1.07,3.49,0.72,2.5,2.81,3.38,1.69,1.14,1.36,3.15,2.76,1.64,2.19,2.51,0.7,0.15,0.03,2.13,0.25,1.0
0.62,1.1,0.47,1.64,1.65,1.11,0.49,0.73,-0.51,0.81,1.47,2.15,2.54,3.29,4.46,4.28,2.78,1.4,1.49,-0.53,0.7,1.0
1.23,1.13,0.65,0.73,1.13,2.29,2.07,4.89,1.48,3.55,1.63,1.2,1.23,4.15,0.72,2.73,2.92,0.88,0.31,2.07,0.42,1.0
0.2,0.9,2.85,2.27,2.79,5.15,6.35,4.31,3.26,3.4,0.33,2.98,0.17,0.14,1.6,0.3,0.22,0.29,-0.13,-0.08,-0.03,1.0
0.43,0.62,0.45,0.98,2.51,4.62,6.21,3.13,1.54,3.68,4.03,0.99,-0.41,0.82,1.26,0.98,1.96,-1.15,-0.66,-0.28,-0.21,1.0
0.05,0.83,1.6,2.95,2.7,5.11,7.45,3.56,3.54,3.1,1.96,1.34,1.55,0.63,0.65,1.75,-1.33,1.44,-0.64,-0.92,-0.92,1.0
0.42,1.19,-0.27,1.47,2.93,3.74,2.64,3.37,1.91,2.57,1.27,-0.02,1.99,1.53,4.39,0.23,1.1,1.73,-0.66,-0.67,-2.36,1.0
1.31,-1.75,-0.22,0.96,0.75,1.94,3.03,2.43,1.77,2.29,1.14,2.47,1.45,2.66,3.37,1.17,1.73,2.7,0.6,0.79,-1.17,1.0
-0.38,2.07,0.36,4.67,2.98,5.34,4.59,3.74,2.43,1.55,2.95,0.28,0.83,0.46,0.26,1.15,-2.07,-1.61,0.77,1.15,-0.48,1.0
-1.13,1.37,1.79,1.61,4.15,4.0,5.42,3.47,3.51,4.6,2.8,0.6,-0.88,-1.09,-0.4,-1.52,-0.04,0.04,-0.62,-0.54,0.02,1.0
0.04,0.71,-1.35,-1.14,0.08,-2.32,-1.77,-0.64,-0.64,-0.27,2.22,2.61,2.47,4.52,6.5,3.03,5.32,4.7,2.1,0.06,-0.52,1.0
-0.84,1.6,2.42,0.25,1.64,2.93,4.26,3.68,3.05,1.88,1.93,1.08,-0.35,0.13,3.31,2.19,0.72,-1.33,-0.49,0.76,-2.33,1.0
0.38,0.65,2.83,1.74,2.58,3.79,4.67,4.82,4.89,4.1,2.15,2.19,1.6,2.19,2.54,0.44,-0.49,-0.26,0.36,-0.69,0.74,1.0
0.26,-0.67,0.26,0.94,0.4,3.12,2.03,0.99,1.95,0.85,1.03,0.83,3.27,3.5,3.05,3.37,3.25,1.11,0.76,-1.12,1.58,1.0
-0.25,2.5,0.06,2.75,4.73,4.61,7.09,3.72,2.32,2.15,3.56,2.5,0.43,0.2,0.94,2.23,-0.49,0.39,-1.35,0.94,-1.25,1.0
-0.45,1.06,-1.09,0.54,2.12,2.28,1.91,1.71,0.69,3.09,2.4,0.86,4.44,4.31,4.01,3.49,2.16,2.29,0.83,1.73,1.95,1.0
-0.55,0.05,-0.53,2.04,1.13,1.85,2.5,0.69,-0.53,3.19,2.16,3.51,3.76,3.64,5.05,3.44,1.7,1.54,3.44,1.71,-0.8,1.0
-0.4,0.41,-0.48,1.04,0.79,-0.66,1.18,0.52,2.2,0.59,0.85,4.85,3.64,3.62,5.97,2.63,3.83,1.72,2.08,1.31,1.37,1.0
-0.25,2.1,2.65,3.8,3.92,5.85,5.91,6.06,4.27,2.68,3.06,1.9,1.19,-1.13,1.37,0.58,-0.04,1.53,0.69,0.19,-1.16,1.0
0.78,1.18,2.21,2.42,4.08,4.9,3.43,4.33,1.47,3.4,1.63,1.65,1.33,2.5,0.55,1.47,1.13,-0.35,-1.15,0.37,0.34,1.0
2.51,0.0,0.85,2.12,1.42,2.59,3.14,2.38,3.23,2.58,2.59,1.93,2.35,1.9,2.2,3.97,2.13,3.49,2.31,1.86,0.26,1.0
-0.39,1.22,1.01,2.74,3.81,2.52,5.65,3.76,3.78,3.88,1.65,-0.34,0.51,0.88,0.76,-0.45,-1.05,-1.21,1.32,-0.89,0.66,1.0
0.59,0.89,2.19,2.91,3.55,1.99,4.39,2.4,3.04,2.21,1.67,4.91,1.12,1.5,3.47,1.45,1.52,1.03,0.63,-0.07,-1.63,1.0
1.33,-0.1,-0.45,1.55,-1.1,1.59,0.01,0.67,0.1,0.79,2.13,3.37,4.35,4.7,6.33,5.44,3.9,2.49,0.82,2.72,2.46,1.0
0.65,0.05,0.53,5.66,3.01,6.64,5.15,4.12,4.56,3.35,3.02,-0.53,1.26,-1.11,-1.57,-0.84,1.26,-0.22,-1.75,-0.14,0.39,1.0
-2.47,-1.18,1.3,1.56,-0.99,0.32,1.54,0.08,1.5,0.05,1.85,3.26,3.66,2.97,4.4,4.55,3.45,3.19,0.82,2.0,1.4,1.0
2.29,-0.95,3.49,0.52,3.69,4.83,7.13,5.08,4.45,4.56,3.84,0.65,1.15,-0.64,0.69,-1.73,2.48,-0.85,1.09,-1.48,-0.11,1.0
-1.9,1.48,2.08,3.02,2.17,1.3,2.47,1.78,4.1,2.26,2.46,1.86,2.53,3.75,2.27,1.87,3.95,1.2,3.76,0.11,-1.12,1.0
1.31,0.22,-0.12,-1.36,-0.51,0.86,1.15,1.47,-1.51,1.63,1.14,4.62,3.82,4.69,8.17,4.84,4.96,2.82,1.87,1.77,-1.04,1.0
1.2,1.26,-0.41,-0.4,0.38,-0.92,-0.66,-0.18,1.06,1.04,0.63,3.91,4.0,5.58,5.33,2.87,4.22,3.16,2.99,0.22,-1.53,1.0
1.5,0.25,0.02,1.12,4.07,4.47,4.17,4.65,3.84,2.57,2.08,2.17,0.34,-0.79,0.12,0.99,-0.05,1.74,2.35,-1.15,-0.36,1.0
1.29,0.41,1.5,2.03,4.17,5.5,6.15,5.78,3.46,4.47,2.57,2.52,-0.62,0.81,0.21,-2.4,-0.66,-1.26,1.14,0.05,0.78,1.0
0.67,2.01,1.51,2.15,1.58,3.48,4.96,5.29,1.31,0.17,1.4,3.5,1.84,3.96,1.57,2.77,1.67,3.2,0.48,1.11,-0.84,1.0
-0.99,-0.92,0.2,2.17,1.12,3.74,3.21,2.82,1.12,0.98,0.77,2.42,3.88,2.57,3.95,1.98,0.87,2.6,-0.26,0.43,-0.79,1.0
-0.27,0.34,1.67,0.08,2.15,2.96,4.08,4.08,3.13,1.48,2.15,3.11,3.85,2.3,2.65,3.03,1.1,1.42,2.17,-2.3,-0.27,1.0
-0.25,-1.21,0.52,2.0,0.73,0.66,2.02,0.78,1.62,1.32,1.93,2.73,2.48,6.86,5.88,4.31,3.62,2.72,2.66,1.9,-1.3,1.0
0.97,2.23,1.33,-0.86,0.69,-1.34,3.86,-0.01,1.02,0.61,2.94,1.67,2.22,2.69,3.31,3.23,4.02,2.96,1.22,0.7,0.1,1.0
0.09,1.21,-0.42,2.72,2.33,0.88,1.5,1.23,0.42,1.08,0.73,2.42,4.51,3.05,1.64,3.01,3.67,3.26,1.82,0.11,-0.32,1.0
-1.16,1.08,0.81,1.6,0.93,2.51,0.8,0.1,1.15,0.33,0.44,1.91,3.66,3.33,3.26,3.35,3.79,1.59,2.0,1.45,-1.18,1.0
-0.86,1.03,1.3,1.14,2.72,3.14,3.41,1.74,1.14,0.95,2.21,3.49,3.58,3.65,4.22,2.17,1.01,0.95,1.02,0.33,1.28,1.0
2.33,1.05,-0.47,1.45,-0.35,1.69,1.2,-0.13,1.91,1.53,2.19,4.3,3.9,3.73,5.79,3.66,3.28,3.01,3.66,1.23,1.5,1.0
-0.41,-0.86,3.42,3.08,1.83,4.69,3.18,4.82,2.62,2.61,1.57,1.53,0.85,1.46,-0.4,1.78,0.07,0.03,-0.27,1.09,-0.25,1.0
-0.13,1.72,0.26,2.37,2.3,3.42,3.19,2.88,2.39,2.21,1.48,3.16,2.13,2.94,2.02,2.56,0.72,1.12,0.31,-0.31,0.7,1.0
-1.2,0.89,1.97,1.4,2.78,2.2,3.19,4.1,2.21,2.03,2.41,2.36,2.33,3.28,2.98,2.83,-0.03,1.36,2.28,-0.11,0.2,1.0
-0.38,0.56,1.39,-2.0,2.68,1.33,1.27,3.62,0.19,0.94,1.63,0.62,3.83,2.97,5.67,4.52,2.64,3.41,1.3,0.39,-0.06,1.0
-0.21,-0.04,-0.73,0.32,1.47,0.81,-1.47,-1.9,0.29,0.76,0.96,1.57,4.23,4.4,4.42,5.48,2.05,3.86,3.71,1.32,0.67,1.0
0.08,0.05,1.77,1.39,-0.32,4.51,2.87,1.95,1.25,3.74,2.72,3.58,2.53,3.34,2.3,4.76,2.39,0.71,0.57,-0.34,1.13,1.0
-0.12,1.25,-0.12,2.22,1.62,1.94,3.38,3.1,3.39,1.59,1.3,3.84,1.95,3.37,4.73,2.05,2.5,1.11,1.76,0.43,-1.84,1.0
1.2,-0.37,1.18,2.78,3.57,3.57,6.11,4.47,2.78,2.14,2.36,0.96,0.64,0.25,1.53,1.09,0.78,0.67,-2.15,-0.21,-0.82,1.0
0.17,1.19,0.14,0.81,0.3,1.08,1.99,1.33,-0.37,2.74,2.64,3.45,1.23,5.3,4.71,5.54,3.38,2.36,-1.45,0.7,0.3,1.0
-0.82,-0.89,1.61,-0.0,1.62,1.42,1.69,0.78,1.55,1.23,1.74,1.29,2.64,3.29,5.53,4.54,4.28,2.58,2.49,0.43,0.66,1.0
-0.84,0.68,0.08,1.26,0.59,2.44,1.96,1.44,-0.8,1.89,2.43,1.81,3.98,3.61,3.8,3.64,2.14,2.78,0.81,0.04,-0.66,1.0
-0.58,3.61,1.57,2.3,3.9,4.25,7.0,2.92,2.51,2.69,2.12,1.46,1.74,-0.61,1.08,-2.22,-1.1,0.25,-2.1,-2.55,-0.27,1.0
0.8,0.82,0.55,1.7,2.56,5.06,5.51,3.39,2.69,3.97,2.6,1.03,1.04,1.83,2.32,-0.37,1.07,1.65,0.86,1.19,-0.02,1.0
-0.21,1.1,2.3,2.74,2.03,4.21,3.68,1.73,4.48,4.54,1.83,-1.04,1.45,1.95,1.74,0.2,3.14,0.62,-0.51,-0.24,-0.44,1.0
-0.72,-0.01,2.1,1.42,3.22,3.18,5.91,4.89,4.16,2.93,1.67,-0.36,1.56,2.55,-0.02,0.42,0.46,1.59,0.11,1.51,-1.8,1.0
-0.51,-0.41,0.68,0.85,1.28,2.7,3.97,3.38,2.31,1.11,1.71,-1.0,1.34,3.1,3.18,1.27,2.26,2.38,1.11,-1.38,-2.13,1.0
0.41,0.45,1.27,1.67,2.7,5.54,5.21,4.25,2.8,3.01,-0.28,2.6,1.1,0.86,1.39,3.67,1.53,0.87,2.65,1.54,0.99,1.0
-0.93,0.52,0.67,1.31,2.29,5.1,6.48,4.75,4.53,2.3,2.18,0.78,1.02,2.04,-0.34,-0.28,1.12,-0.32,0.34,1.52,0.88,1.0
-1.08,-0.67,0.92,2.47,1.95,2.99,2.13,0.38,0.82,2.27,1.98,3.61,2.04,2.99,3.94,3.54,2.07,0.78,0.42,2.4,0.44,1.0
-1.28,0.36,1.14,2.87,2.56,3.28,5.61,4.37,2.82,4.35,1.91,2.31,1.02,1.82,3.38,2.8,0.98,0.72,0.31,-0.99,1.02,1.0
0.21,-0.64,-0.96,0.43,2.57,0.53,1.68,3.31,0.94,1.86,1.93,-0.65,3.58,3.38,-0.18,2.37,3.24,2.32,2.33,2.32,-0.42,1.0
0.03,1.44,0.08,2.17,-0.46,-0.62,2.01,-0.67,3.27,-0.17,2.05,2.93,2.11,4.64,2.94,3.03,2.93,1.97,0.36,-0.42,-0.98,1.0
0.11,0.43,1.73,2.91,2.58,4.59,4.35,4.37,3.54,0.15,4.21,2.75,1.17,2.04,1.22,1.88,1.26,0.53,1.52,-1.07,0.11,1.0
-0.17,0.35,-0.4,0.94,2.69,1.18,3.03,2.34,0.68,1.49,1.79,2.29,3.89,2.19,3.89,5.79,2.09,2.21,1.3,0.74,0.43,1.0
1.29,-0.91,1.93,1.58,-0.68,1.56,3.5,1.01,0.82,3.22,2.1,4.55,2.43,5.27,5.74,2.56,3.21,1.22,0.77,0.11,0.54,1.0
0.94,-0.91,1.87,3.83,3.65,3.29,2.79,1.69,0.17,3.01,2.36,1.51,2.5,0.7,2.62,0.02,0.83,1.39,1.43,0.48,0.43,1.0
-0.39,-0.8,1.48,0.77,-0.94,0.59,1.9,1.76,0.73,-0.53,3.63,2.83,4.41,4.2,3.51,4.27,2.84,2.46,-0.22,0.45,-0.11,1.0
-0.83,1.48,1.37,-0.44,2.31,2.6,2.06,3.49,2.89,4.13,3.93,2.87,1.06,1.05,2.15,2.24,0.9,-0.42,0.15,-0.87,0.29,1.0
-0.41,3.2,1.82,1.99,3.67,5.36,6.37,4.04,4.36,3.69,2.12,2.08,0.61,-0.17,0.14,1.67,-0.34,-0.03,-0.1,0.79,-0.69,1.0
0.71,-0.86,1.22,0.99,1.33,1.67,2.94,4.75,3.53,1.8,1.6,2.6,2.08,-0.02,2.02,1.16,3.19,1.46,0.8,-0.02,0.32,1.0
0.72,1.67,1.45,1.71,1.18,4.06,2.84,1.2,1.2,1.08,1.35,0.9,3.13,3.95,2.7,2.57,3.32,3.99,1.04,0.22,0.18,1.0
0.58,0.27,0.6,1.17,2.97,2.45,4.31,4.26,2.39,2.41,0.11,2.74,0.38,1.56,1.06,0.89,0.11,-0.58,-0.04,-1.36,-1.07,1.0
0.05,-0.74,2.23,1.82,4.16,5.57,5.49,4.11,4.37,4.39,2.64,2.2,2.07,1.64,1.38,1.56,0.86,-1.27,-0.62,-0.74,-1.45,1.0
-0.88,0.2,2.54,2.92,2.99,3.12,5.05,1.88,3.55,0.94,1.73,0.28,-0.55,0.99,0.93,1.05,1.39,-1.75,-0.26,1.05,1.18,1.0
-0.48,0.29,0.87,2.46,2.34,4.56,4.37,4.44,4.05,2.62,1.08,-0.49,1.3,0.28,2.24,1.05,-0.95,0.11,0.46,-0.21,1.31,1.0
-1.36,-1.56,0.73,0.78,1.3,-1.05,2.0,-0.16,1.3,2.61,2.69,2.92,4.87,4.99,4.37,4.26,3.18,2.52,3.08,0.59,0.67,1.0
0.89,0.07,-1.14,-0.27,1.33,2.41,1.76,0.98,0.86,1.91,1.27,4.27,2.72,4.12,3.98,4.4,2.37,2.25,2.6,2.77,1.44,1.0
-0.82,0.89,0.35,0.51,3.15,2.03,3.98,3.01,0.75,2.43,2.2,2.24,0.67,1.37,3.66,2.93,4.2,1.18,1.15,0.85,0.35,1.0
-1.46,-1.46,2.14,2.03,-0.02,2.28,0.95,2.97,0.06,2.82,3.65,1.44,2.3,3.9,5.71,2.39,1.24,2.56,-0.77,-0.02,0.42,1.0
1.05,1.7,-0.73,0.21,1.72,2.77,2.05,1.55,0.42,2.58,0.91,1.96,1.77,3.77,4.06,2.31,1.33,0.76,-0.06,-0.1,1.77,1.0
0.75,2.08,1.02,1.28,4.32,3.09,2.34,3.13,0.78,2.14,1.44,0.68,1.47,2.19,2.22,2.27,1.01,2.15,0.05,0.29,0.32,1.0
1.51,-0.26,2.98,1.31,2.31,3.58,2.75,1.39,2.65,2.62,1.41,1.37,2.12,1.95,2.17,2.01,4.44,-0.13,0.42,0.68,1.41,1.0
0.23,1.26,0.29,0.84,0.58,0.34,0.01,1.78,-0.59,0.91,2.62,2.44,3.56,4.91,5.37,4.04,2.74,3.26,3.0,1.23,1.23,1.0
-0.66,2.16,1.77,2.34,2.25,2.65,2.79,0.86,3.01,-0.57,-0.41,2.43,3.06,2.9,5.26,2.92,3.23,0.91,1.42,1.76,-0.36,1.0
-0.77,-0.03,-0.43,0.33,0.56,2.06,0.47,-0.32,1.84,2.91,2.61,2.39,3.57,5.33,3.7,4.62,4.25,2.86,2.02,-0.53,-0.79,1.0
-0.56,0.26,1.26,1.63,1.67,1.86,3.86,0.52,3.31,2.23,0.92,1.99,4.14,3.04,2.44,3.94,1.85,1.62,2.15,1.18,0.32,1.0
0.29,1.66,0.33,0.97,1.72,2.57,2.61,2.01,1.19,3.02,2.56,2.37,0.93,1.4,2.72,4.01,2.11,1.81,0.51,-0.25,0.55,1.0
-0.86,-0.72,-0.63,0.01,-0.26,-1.11,0.02,0.8,-0.19,-0.02,0.48,3.66,3.39,4.68,5.35,5.38,2.94,2.07,-0.1,0.41,-1.53,1.0
1.9,0.24,1.22,2.24,1.92,1.18,5.09,3.67,1.42,1.78,-0.11,1.76,0.54,0.62,1.14,1.48,3.21,0.08,-0.48,1.36,-0.72,1.0
-0.27,0.07,2.33,-0.16,0.91,4.13,4.96,4.78,2.51,4.08,1.59,2.52,0.53,1.93,1.82,2.2,-0.41,1.0,2.09,-0.1,-0.91,1.0
-1.11,0.12,2.38,1.25,1.2,0.84,4.49,1.28,1.64,2.23,1.69,1.88,2.92,1.19,1.14,2.79,1.9,0.28,0.26,3.05,-0.07,1.0
0.18,-1.18,0.7,1.13,1.49,0.78,1.42,1.47,0.61,1.52,2.25,3.82,6.08,2.86,4.41,2.26,3.4,2.9,1.66,-0.92,0.96,1.0
0.2,1.09,1.67,1.36,1.13,2.14,2.61,1.7,1.42,2.94,2.06,2.48,0.33,3.11,3.89,4.52,0.58,3.03,2.08,-0.9,1.46,1.0
-0.5,1.22,1.06,3.63,3.42,5.47,5.71,6.34,3.55,3.91,2.36,1.11,-0.06,-0.74,0.62,-1.34,-0.18,-0.66,-0.25,0.5,0.34,1.0
-1.05,1.51,0.2,2.95,0.21,0.79,2.46,0.97,-0.54,2.03,2.44,2.16,4.06,3.35,6.59,3.32,2.29,2.01,2.32,0.75,1.11,1.0
0.37,1.04,1.41,4.83,4.08,5.62,5.18,5.86,3.47,0.57,1.94,1.46,0.05,-1.27,1.73,0.62,-0.91,0.4,0.96,-0.1,-0.53,1.0
-0.74,-1.54,2.32,2.25,0.39,3.15,2.17,2.05,0.93,1.5,2.78,3.83,0.19,2.39,3.46,1.7,1.99,1.6,0.52,1.05,0.13,1.0
-0.86,0.66,3.17,0.14,0.36,0.33,0.58,1.88,1.89,0.89,1.29,2.18,3.56,2.85,5.01,2.56,3.36,2.94,-0.16,0.29,1.64,1.0
-0.61,0.82,-0.24,0.37,-0.15,-0.37,0.44,1.99,0.0,0.82,-0.02,1.76,2.81,5.51,6.48,5.88,3.14,3.87,1.67,0.86,-2.03,1.0
0.42,-1.3,1.65,1.33,1.35,1.74,1.08,1.78,1.27,2.56,0.96,2.41,2.66,5.23,6.8,4.41,3.01,1.3,2.25,1.44,0.92,1.0
0.01,0.3,1.28,1.95,2.13,3.08,1.61,0.42,-0.39,2.19,3.83,3.72,4.92,3.02,4.26,3.12,4.15,0.89,-0.13,1.73,-1.03,1.0
-0.33,-0.8,1.26,0.47,1.5,5.11,2.59,2.49,2.17,2.62,1.51,3.4,2.15,3.48,4.82,2.35,0.7,2.16,3.74,-0.05,-0.17,1.0
0.11,0.96,1.36,1.54,3.96,4.33,6.03,7.57,4.18,2.91,2.01,0.98,-0.01,-0.19,-0.42,-0.61,1.63,1.79,1.37,-0.44,-0.53,1.0
-1.52,-0.34,-0.19,3.86,2.89,3.8,5.96,4.01,3.64,4.31,0.17,2.49,-0.4,-0.31,1.04,0.7,-0.21,0.73,-0.21,-0.84,-0.6,1.0
-1.37,-1.31,3.26,2.85,2.56,4.55,5.14,4.17,2.61,2.44,3.43,0.62,0.89,0.92,0.05,-0.05,-0.34,0.8,-0.21,-1.68,1.53,1.0
0.32,-0.22,0.27,0.41,0.77,2.08,1.44,-0.09,1.77,1.74,4.46,1.09,3.01,4.35,4.24,2.59,3.42,1.54,1.87,1.47,-0.44,1.0
1.52,-0.84,3.01,1.83,4.08,5.78,3.92,4.79,3.34,2.89,2.61,2.46,-1.23,0.8,0.55,1.74,-0.7,2.24,-0.67,-1.38,0.31,1.0
0.41,-0.28,2.12,1.93,-0.21,-0.13,0.35,0.26,1.08,2.75,1.51,2.55,2.48,5.01,5.11,4.95,3.18,0.98,1.16,1.89,-1.09,1.0
0.1,1.22,0.2,-0.36,2.37,2.35,-0.26,1.36,-0.79,1.19,2.7,1.98,2.87,5.69,4.97,4.19,2.5,2.92,1.02,2.38,0.62,1.0
0.79,0.65,1.61,1.12,0.94,3.08,3.06,3.29,2.82,2.19,1.54,0.76,1.0,1.8,-1.12,0.01,1.09,1.87,0.65,0.45,0.45,1.0
-0.62,1.28,1.93,2.8,-1.07,0.93,1.1,0.19,0.8,0.43,4.07,2.22,3.47,2.94,5.89,4.37,4.11,2.99,1.67,0.92,-1.94,1.0
-0.01,2.75,1.2,-0.2,4.05,2.76,4.97,4.43,2.21,3.51,1.24,0.71,2.45,1.16,2.36,2.19,2.6,0.04,0.11,0.76,2.95,1.0
-0.43,-0.73,1.4,2.07,2.64,2.99,2.5,4.72,2.49,2.64,3.16,1.66,-0.16,2.57,2.89,2.59,1.16,2.93,1.75,0.95,0.5,1.0
-0.87,2.31,-0.09,-1.01,-0.22,1.76,-0.08,2.36,1.98,2.18,1.59,2.04,3.42,3.81,5.49,3.74,3.43,2.16,1.87,-0.18,-0.43,1.0
-0.23,1.13,2.83,2.87,3.32,4.38,3.75,4.37,3.28,2.18,1.01,1.27,1.19,-1.46,0.97,0.94,1.38,0.42,-0.1,0.01,-0.62,1.0
1.45,1.88,-0.3,1.48,3.2,-0.43,3.06,0.43,1.16,1.43,3.3,0.08,3.85,2.96,5.1,4.37,3.63,0.94,1.35,1.44,1.4,1.0
0.71,0.79,0.01,0.61,2.17,0.43,-0.44,-0.39,1.06,1.42,2.67,1.73,4.73,3.75,3.98,3.57,2.61,1.92,1.33,1.01,1.3,1.0
-0.61,0.97,1.95,1.0,1.23,4.25,4.53,3.33,4.65,2.15,1.17,1.82,1.44,0.7,0.01,-1.39,1.28,1.98,-0.34,-0.25,-0.25,1.0
-1.53,0.81,1.97,-0.66,2.77,-0.72,2.54,3.29,1.7,0.94,4.39,3.83,2.09,5.02,4.72,3.68,2.2,2.62,1.58,0.46,-1.27,1.0
-0.27,-1.32,-1.21,0.46,-0.25,-2.41,0.19,-0.75,-0.71,0.68,1.85,2.64,5.16,3.26,6.32,5.07,3.46,3.5,3.38,1.61,-0.56,1.0
-0.87,-0.21,-2.65,-0.31,-0.03,0.38,-0.91,-0.31,1.6,0.0,3.69,2.36,4.0,5.19,5.4,6.31,4.22,3.55,2.39,1.59,-1.81,1.0
-0.59,1.16,2.92,2.76,5.39,6.43,4.82,3.3,3.09,1.32,3.02,1.97,-0.35,-0.27,-0.58,-0.98,-0.43,-0.01,0.48,-1.66,-0.57,1.0
0.6,0.91,0.91,0.88,0.79,3.36,4.26,2.56,3.38,2.42,2.07,2.49,1.28,1.07,0.66,1.87,1.07,0.28,-1.66,-0.43,-0.66,1.0
0.31,0.02,0.78,2.4,1.97,3.12,0.91,2.95,0.17,2.98,2.68,2.98,1.36,0.1,1.31,0.7,0.18,0.88,1.4,-0.77,1.15,1.0
0.05,1.87,2.79,2.78,1.02,5.18,4.55,3.3,3.74,3.79,2.29,2.07,0.48,2.27,2.41,1.54,0.7,0.89,0.61,-1.97,0.69,1.0
-1.69,1.42,2.48,4.4,3.74,3.08,4.81,3.41,3.14,3.28,-0.55,-0.63,1.84,2.02,-0.6,0.43,0.89,0.41,-0.5,0.51,-0.99,1.0
-0.39,-0.64,-0.57,2.12,3.11,-1.29,0.93,0.8,-0.38,1.09,2.92,2.44,3.11,3.61,4.26,4.27,2.55,2.44,0.92,1.33,2.05,1.0
-1.73,-0.14,1.15,1.67,2.61,3.34,3.94,1.82,2.12,2.34,1.88,1.38,2.22,2.91,3.43,2.67,3.42,1.22,-0.55,0.07,-0.02,1.0
-0.09,0.9,3.08,1.65,4.86,3.1,4.94,4.13,1.54,2.56,2.72,1.73,1.51,1.98,2.27,0.71,0.34,1.1,0.03,2.47,-0.09,1.0
1.07,-2.46,-1.3,1.67,-0.09,0.85,1.45,0.69,1.06,1.64,3.23,3.37,3.93,4.78,6.92,2.85,3.3,2.27,2.07,1.4,-0.5,1.0
-1.26,0.07,-0.88,0.81,-0.02,0.2,1.14,0.66,0.87,2.28,1.61,2.48,4.13,5.5,4.79,5.45,2.21,4.05,1.6,1.49,1.42,1.0
0.26,0.89,2.0,2.04,2.84,3.9,1.29,3.06,3.05,2.94,3.21,1.53,0.51,2.65,0.49,2.09,1.91,0.62,-0.96,-0.24,0.99,1.0
0.23,-0.55,0.94,1.82,1.62,0.79,0.57,2.32,1.07,3.02,0.33,2.37,2.12,2.67,2.99,2.97,2.97,0.54,1.96,-0.04,0.05,1.0
-1.78,-0.42,1.68,-0.59,-0.67,-0.15,0.01,0.0,0.95,1.92,1.72,3.09,5.31,4.99,4.89,4.2,4.63,1.73,1.25,2.0,-0.34,1.0
-0.71,0.02,0.59,1.65,2.84,3.82,3.31,1.75,1.91,3.34,1.27,1.23,1.57,1.69,1.19,2.5,0.75,3.1,-0.32,0.85,-0.74,1.0
-0.35,-0.7,2.44,3.34,0.91,2.24,3.4,4.41,2.36,1.35,2.09,-0.19,2.56,2.35,3.69,0.07,1.44,2.02,2.03,-0.5,0.09,1.0
0.96,0.03,0.6,0.82,3.24,0.97,2.7,1.62,1.7,1.79,2.72,3.32,3.24,3.75,3.89,3.37,3.0,2.29,0.38,-0.58,-0.76,1.0
0.05,1.69,1.67,2.11,5.0,3.39,7.36,5.93,3.81,2.97,2.31,1.6,-0.28,-1.1,1.09,-0.35,0.11,-1.72,-0.4,2.33,0.19,1.0
1.03,1.27,0.62,1.49,0.65,2.16,2.96,-0.48,-0.58,-0.69,0.3,3.2,3.06,3.72,4.33,3.98,2.93,2.11,1.04,-0.1,2.02,1.0
-0.24,1.31,0.03,0.2,0.95,1.08,1.25,0.53,0.38,2.5,1.52,0.51,2.54,4.09,4.87,3.09,1.97,2.13,1.85,0.11,0.81,1.0
-1.38,0.67,1.19,1.55,4.97,3.36,6.11,4.28,3.15,2.88,0.49,1.58,1.07,2.32,1.57,1.62,0.93,1.1,1.94,0.17,-2.71,1.0
1.05,0.27,0.64,-0.04,1.06,0.93,-0.64,-0.16,0.84,1.33,3.39,3.93,4.16,3.58,6.6,2.85,6.48,3.2,2.72,2.08,0.03,1.0
0.65,2.5,1.16,2.14,3.09,4.51,4.46,2.07,3.29,1.23,3.4,1.4,-0.08,2.71,2.72,0.32,1.89,1.48,0.46,-0.56,-1.31,1.0
0.44,0.24,0.46,3.07,0.12,0.93,0.4,0.53,3.54,0.77,1.75,1.99,4.89,4.93,4.55,4.57,2.72,2.5,2.53,-0.28,-1.17,1.0
0.2,0.93,2.02,1.97,4.08,5.28,5.58,3.88,4.93,4.17,4.65,0.79,1.03,2.25,-1.0,1.06,1.4,-0.89,1.94,0.81,-0.7,1.0
-0.42,1.87,2.14,2.79,3.31,5.07,6.96,4.21,3.48,3.93,4.18,-0.05,-0.78,0.96,0.16,0.03,0.95,1.43,2.46,1.34,-0.98,1.0
-0.9,0.66,-0.33,1.56,3.94,3.04,5.49,3.06,5.46,3.16,3.19,0.93,-1.47,2.64,-0.7,0.81,0.39,0.24,2.03,-0.77,0.99,1.0
-1.0,0.35,2.97,2.64,4.77,4.88,5.65,4.56,4.09,3.8,2.4,0.38,1.7,1.29,-0.69,-0.62,-0.3,-1.02,1.03,0.64,0.29,1.0
1.57,1.51,0.45,0.97,0.52,4.43,3.37,2.81,2.58,3.3,2.1,2.17,1.58,0.68,-0.4,1.27,1.49,-1.11,1.86,2.3,0.04,1.0
0.08,-0.84,-0.34,0.89,1.15,1.32,1.74,1.12,0.24,0.14,3.19,2.66,3.57,5.35,4.69,2.33,2.19,1.44,2.04,1.03,-0.58,1.0
0.66,-0.24,1.92,2.47,1.15,2.01,1.66,2.6,0.4,2.86,2.06,2.97,4.17,3.26,3.4,3.35,3.54,2.82,1.17,-1.04,2.23,1.0
-1.66,1.3,1.3,0.96,3.39,4.2,3.9,3.98,2.23,1.06,0.94,2.82,2.77,1.55,2.73,4.4,-0.17,2.08,-0.95,0.04,0.64,1.0
-0.32,-0.14,-0.26,0.77,1.59,2.82,1.9,2.09,1.52,3.31,2.54,3.0,2.78,4.49,2.23,2.06,3.91,3.67,2.39,0.36,0.08,1.0
-1.76,0.29,0.62,-0.55,0.15,0.01,1.71,0.98,-0.77,1.13,1.93,3.66,4.55,3.68,5.86,4.31,3.42,3.14,0.29,1.77,-2.26,1.0
-2.3,0.62,2.5,1.63,2.4,2.97,3.28,3.51,4.01,1.18,0.91,3.42,-1.16,2.2,1.55,-0.3,1.56,1.01,-0.17,-1.06,-1.1,1.0
-1.08,0.3,2.88,1.49,4.0,3.8,5.5,3.22,4.06,1.8,3.39,0.37,1.04,0.41,1.45,1.31,-0.38,1.05,-0.95,0.6,-0.57,1.0
0.46,1.26,0.04,2.31,2.21,3.06,5.04,2.85,2.01,1.41,1.92,2.96,0.71,2.38,2.16,3.0,2.05,1.27,2.34,0.33,-0.14,1.0
-0.18,0.9,0.63,1.32,0.31,0.53,-0.99,1.84,1.03,0.98,2.47,3.92,3.14,6.6,5.75,2.41,4.28,1.32,2.43,2.57,-1.95,1.0
-0.65,-0.99,0.88,3.05,3.78,2.49,4.65,3.35,3.38,3.09,0.81,1.27,1.41,0.41,2.76,1.91,2.18,1.42,-0.22,-1.04,0.75,1.0
-2.5,1.96,1.07,0.38,1.68,-1.11,1.42,1.01,-0.53,2.06,1.84,1.89,2.73,5.8,5.36,5.12,3.95,2.78,1.73,1.06,-0.97,1.0
0.77,-0.47,0.12,1.61,1.53,0.45,2.2,0.68,2.34,1.02,1.88,2.7,3.92,1.93,2.26,2.59,3.47,4.5,0.98,0.51,-0.35,1.0
-0.06,1.44,1.23,2.17,2.63,2.88,1.94,3.71,2.69,5.13,2.01,1.28,1.44,1.55,2.28,2.25,1.21,1.36,3.21,0.77,0.64,1.0
0.12,-0.33,1.63,1.97,-0.42,3.12,3.23,3.63,3.56,1.44,1.45,1.7,2.66,2.16,3.21,1.39,2.24,1.61,1.5,-0.02,0.31,1.0
-1.36,0.8,0.88,2.47,0.97,3.9,4.1,2.71,1.8,2.72,0.32,1.17,0.84,1.67,0.22,1.64,0.3,0.93,1.33,1.27,0.55,1.0
-1.18,-1.21,0.53,2.25,2.18,3.58,5.34,2.84,3.57,3.18,2.44,2.92,1.92,2.39,1.64,1.6,0.59,0.66,0.01,0.26,-0.93,1.0
1.13,-0.61,-0.39,2.2,0.99,1.4,1.94,2.46,1.63,0.78,2.73,1.04,1.69,2.7,4.32,2.75,0.77,1.32,1.89,-1.0,2.26,1.0
-0.1,1.52,1.42,0.31,1.65,2.79,2.95,2.09,2.35,3.98,3.14,3.09,2.25,3.49,3.98,0.82,3.14,1.48,1.74,-0.16,-1.44,1.0
-0.44,1.07,1.29,3.1,4.19,6.26,5.4,5.34,2.7,4.11,-0.6,0.67,1.19,-0.37,-0.64,-1.55,0.3,-1.36,0.43,-0.44,1.14,1.0
0.62,-0.1,2.55,1.52,3.02,3.04,5.89,4.25,4.62,3.87,0.66,0.45,0.33,2.01,0.07,0.44,1.0,0.52,2.78,0.75,-0.71,1.0
0.06,1.28,0.74,-0.03,2.52,2.23,3.0,3.74,1.22,1.98,1.55,2.87,1.46,1.91,3.57,3.34,2.72,1.29,0.25,0.58,0.06,1.0
-0.22,1.76,-0.46,2.73,3.5,5.04,3.14,4.37,2.54,2.75,1.93,2.49,0.9,1.69,3.32,1.66,2.82,1.12,-0.08,1.25,-0.24,1.0
1.45,1.89,-0.41,1.22,2.48,2.38,7.05,2.9,2.64,1.12,3.76,3.16,3.0,3.2,2.49,2.78,1.86,1.74,-0.13,0.81,-1.84,1.0
-1.01,1.68,0.37,5.19,3.56,3.37,5.58,5.7,5.03,4.44,2.55,3.29,-1.31,-0.52,-0.29,1.67,0.96,-0.09,-0.64,-1.44,2.47,1.0
-1.38,-0.17,-0.06,0.34,-0.66,0.59,1.84,2.23,4.46,5.68,4.9,5.29,2.83,3.64,1.9,0.77,0.35,1.88,-0.39,0.39,-1.19,-1.0
-0.94,0.19,-0.1,-0.44,-0.6,-0.04,0.9,0.16,-0.12,2.71,1.85,4.89,4.58,6.57,5.41,4.96,3.6,3.64,0.85,-1.41,-1.57,-1.0
-0.03,0.28,2.02,-0.31,3.27,3.95,5.02,3.22,4.25,4.38,2.81,0.6,2.1,2.27,1.22,0.88,-0.79,0.79,-1.01,0.13,0.68,-1.0
1.78,1.93,-0.56,0.14,-0.27,-0.72,0.26,-0.56,2.31,1.05,3.35,3.01,5.96,2.28,4.66,5.31,4.0,-0.2,1.03,-0.75,1.18,-1.0
-0.17,-0.02,2.03,1.1,0.73,0.34,2.43,1.27,0.98,5.69,6.82,4.21,4.97,2.68,4.06,2.36,1.49,0.88,-0.38,3.11,-2.78,-1.0
-0.95,2.4,1.65,3.26,4.99,5.17,4.48,5.56,5.26,3.32,4.74,2.45,-0.54,-1.8,-0.75,0.59,0.49,0.49,0.16,-2.24,-2.05,-1.0
0.05,1.22,1.03,3.34,2.51,3.02,5.65,5.04,4.23,2.9,2.95,2.36,0.05,1.61,0.87,0.61,1.07,-0.76,-0.3,-0.87,-0.02,-1.0
-0.62,2.49,0.76,1.3,1.97,2.96,4.8,4.49,3.3,3.3,2.44,2.12,0.51,1.37,2.5,-0.56,1.44,0.75,-1.08,0.48,-1.06,-1.0
-1.43,-0.57,-1.55,-1.64,-1.66,-0.28,-0.49,0.34,1.15,1.24,2.42,3.13,3.92,6.75,4.87,4.81,2.31,2.17,2.27,1.39,0.25,-1.0
0.5,-0.26,-0.8,0.02,-0.41,0.56,0.52,0.23,1.1,2.24,2.72,5.07,4.29,2.71,3.64,3.86,2.1,1.45,2.38,-0.57,-0.25,-1.0
-1.73,0.39,0.43,1.47,-0.34,1.31,-1.34,2.27,-0.68,1.39,1.85,6.82,4.13,6.26,6.13,6.38,3.78,1.98,-0.75,2.35,0.61,-1.0
0.75,-0.14,0.17,2.55,-0.33,2.69,2.28,3.69,3.27,5.19,5.84,3.62,2.14,4.31,0.74,-0.26,-1.14,-0.38,0.54,0.68,0.8,-1.0
-0.47,1.06,0.68,2.96,4.17,4.74,5.04,5.58,5.92,2.99,3.58,1.74,1.76,1.12,1.25,0.79,-0.1,1.92,1.28,0.54,-0.39,-1.0
-0.6,-0.13,2.78,1.06,1.17,0.87,2.94,4.26,2.27,3.41,5.58,3.24,3.44,2.29,0.65,0.47,-0.29,0.92,-1.11,-0.05,0.21,-1.0
-0.47,0.58,1.11,-0.76,-0.33,0.62,2.23,4.61,4.09,5.61,6.73,4.43,3.81,2.86,2.83,1.64,1.14,1.73,-0.32,-0.05,1.86,-1.0
-2.06,1.1,1.98,2.03,4.15,3.11,5.82,3.2,4.28,4.49,3.06,1.26,1.33,1.67,0.92,-1.65,1.16,0.55,0.15,1.3,0.36,-1.0
-1.74,1.27,-0.61,-0.98,0.79,-0.01,0.76,3.12,4.28,2.91,4.51,4.16,2.2,4.86,2.4,2.85,1.43,2.44,1.4,0.74,1.17,-1.0
-0.83,1.57,1.71,0.23,2.19,1.5,3.51,4.92,4.47,3.53,5.62,2.9,1.85,0.38,0.69,0.49,1.25,-1.21,2.42,-0.43,1.46,-1.0
-0.56,-0.19,0.99,-0.7,0.36,0.24,1.71,3.07,1.77,3.41,5.85,4.57,3.5,2.0,5.51,0.36,2.5,3.81,1.4,0.65,0.12,-1.0
-1.1,0.09,1.33,0.28,1.32,2.71,2.28,2.79,4.71,3.35,3.48,4.28,0.87,-0.03,1.39,0.14,-0.42,-1.57,-0.05,1.55,-0.44,-1.0
-0.56,1.13,0.86,-0.19,2.11,-0.68,0.33,1.94,-1.01,3.44,4.22,3.83,3.66,4.96,4.63,3.89,2.26,1.63,0.66,0.84,1.73,-1.0
-0.17,0.11,1.68,0.54,0.62,1.8,3.26,3.66,5.39,2.94,4.94,3.47,2.26,2.8,2.2,0.52,-1.39,0.64,-1.03,0.69,0.1,-1.0
0.91,0.13,-0.01,-0.66,-0.46,0.98,1.74,2.37,3.56,5.37,4.91,5.05,4.23,0.58,3.69,-0.34,-0.74,0.65,0.53,1.13,-0.16,-1.0
-0.56,1.96,1.78,0.6,1.18,-0.33,0.09,3.07,1.92,2.76,2.07,3.02,3.76,2.84,5.7,3.88,3.43,2.08,0.73,0.35,0.91,-1.0
1.78,0.25,0.68,0.91,-0.53,-0.38,1.52,1.57,4.59,5.14,5.21,4.9,3.03,3.37,1.22,3.46,1.22,2.42,-1.31,1.48,-0.52,-1.0
