8.0,16.0,128.0,2.0,0.461,0.93,2.57,59.0,119.0,23.0,1.0
5.0,5.0,25.0,1.0,0.44,1.0,1.57,11.0,25.0,7.0,1.0
11.0,32.0,352.0,2.909,0.332,0.815,1.86,117.0,287.0,63.0,1.0
2.0,11.0,22.0,5.5,0.409,0.955,9.0,9.0,21.0,1.0,1.0
10.0,189.0,1890.0,18.9,0.263,0.515,2.34,498.0,973.0,213.0,1.0
11.0,161.0,1771.0,14.636,0.329,0.605,3.05,582.0,1071.0,191.0,1.0
10.0,162.0,1620.0,16.2,0.454,0.573,5.93,735.0,928.0,124.0,1.0
9.0,101.0,909.0,11.222,0.442,0.861,2.68,402.0,783.0,150.0,1.0
9.0,534.0,4806.0,59.333,0.134,0.503,1.34,644.0,2419.0,482.0,1.0
8.0,7.0,56.0,0.875,0.429,1.0,2.18,24.0,56.0,11.0,1.0
7.0,35.0,245.0,5.0,0.339,0.833,1.93,83.0,204.0,43.0,1.0
8.0,18.0,144.0,2.25,0.389,0.931,2.24,56.0,134.0,25.0,1.0
9.0,23.0,207.0,2.556,0.362,0.831,1.92,75.0,172.0,39.0,1.0
12.0,14.0,168.0,1.167,0.357,0.958,2.31,60.0,161.0,26.0,1.0
7.0,56.0,392.0,8.0,0.143,0.401,1.56,56.0,157.0,36.0,1.0
12.0,44.0,528.0,3.667,0.261,0.767,2.38,138.0,405.0,58.0,1.0
10.0,130.0,1300.0,13.0,0.486,0.856,3.18,632.0,1113.0,199.0,1.0
5.0,30.0,150.0,6.0,0.587,0.96,2.44,88.0,144.0,36.0,1.0
7.0,23.0,161.0,3.286,0.447,1.0,1.95,72.0,161.0,37.0,1.0
10.0,17.0,170.0,1.7,0.224,0.729,2.38,38.0,124.0,16.0,1.0
9.0,98.0,882.0,10.889,0.185,0.662,1.58,163.0,584.0,103.0,1.0
8.0,35.0,280.0,4.375,0.382,1.0,2.02,107.0,280.0,53.0,1.0
10.0,29.0,290.0,2.9,0.221,0.572,3.56,64.0,166.0,18.0,1.0
12.0,42.0,504.0,3.5,0.355,0.788,2.71,179.0,397.0,66.0,1.0
11.0,261.0,2871.0,23.727,0.243,0.524,1.93,698.0,1505.0,361.0,1.0
8.0,30.0,240.0,3.75,0.242,0.821,1.53,58.0,197.0,38.0,1.0
8.0,79.0,632.0,9.875,0.316,0.975,1.8,200.0,616.0,111.0,1.0
5.0,2.0,10.0,0.4,0.8,1.0,8.0,8.0,10.0,1.0,1.0
5.0,6.0,30.0,1.2,0.333,0.967,2.5,10.0,29.0,4.0,1.0
3.0,424.0,1272.0,141.33,0.537,0.557,136.6,683.0,709.0,5.0,1.0
9.0,250.0,2250.0,27.778,0.347,0.737,2.44,781.0,1659.0,320.0,1.0
7.0,87.0,609.0,12.429,0.365,0.856,1.91,222.0,521.0,116.0,1.0
13.0,116.0,1508.0,8.923,0.279,0.658,2.3,421.0,992.0,183.0,1.0
12.0,272.0,3264.0,22.667,0.219,0.589,1.8,715.0,1922.0,397.0,1.0
9.0,41.0,369.0,4.556,0.298,0.775,1.9,110.0,286.0,58.0,1.0
10.0,256.0,2560.0,25.6,0.363,0.765,2.84,928.0,1959.0,327.0,1.0
10.0,100.0,1000.0,10.0,0.444,0.924,2.64,444.0,924.0,168.0,1.0
8.0,35.0,280.0,4.375,0.425,0.843,2.09,119.0,236.0,57.0,1.0
7.0,19.0,133.0,2.714,0.248,0.624,1.5,33.0,83.0,22.0,1.0
7.0,30.0,210.0,4.286,0.324,0.948,1.55,68.0,199.0,44.0,1.0
7.0,15.0,105.0,2.143,0.343,1.0,1.64,36.0,105.0,22.0,1.0
7.0,14.0,98.0,2.0,0.327,1.0,1.6,32.0,98.0,20.0,1.0
10.0,147.0,1470.0,14.7,0.168,0.55,1.29,247.0,809.0,191.0,1.0
6.0,6.0,36.0,1.0,0.306,0.556,3.67,11.0,20.0,3.0,1.0
6.0,4.0,24.0,0.667,0.542,1.0,1.86,13.0,24.0,7.0,1.0
8.0,42.0,336.0,5.25,0.259,0.756,1.74,87.0,254.0,50.0,1.0
8.0,202.0,1616.0,25.25,0.313,0.689,1.83,505.0,1114.0,276.0,1.0
23.0,137.0,3151.0,5.957,0.855,0.934,16.64,2695.0,2943.0,162.0,1.0
8.0,45.0,360.0,5.625,0.222,0.806,1.9,80.0,290.0,42.0,1.0
8.0,15.0,120.0,1.875,0.258,0.683,3.88,31.0,82.0,8.0,1.0
10.0,41.0,410.0,4.1,0.312,0.734,1.94,128.0,301.0,66.0,1.0
5.0,6.0,30.0,1.2,0.367,0.767,3.67,11.0,23.0,3.0,1.0
9.0,72.0,648.0,8.0,0.255,0.494,2.01,165.0,320.0,82.0,1.0
7.0,16.0,112.0,2.286,0.42,0.768,1.96,47.0,86.0,24.0,1.0
7.0,12.0,84.0,1.714,0.226,0.786,1.9,19.0,66.0,10.0,1.0
9.0,169.0,1521.0,18.778,0.353,0.742,2.53,537.0,1129.0,212.0,1.0
11.0,30.0,330.0,2.727,0.379,0.739,3.05,125.0,244.0,41.0,1.0
11.0,90.0,990.0,8.182,0.362,0.808,2.82,358.0,800.0,127.0,1.0
8.0,346.0,2768.0,43.25,0.144,0.581,1.31,398.0,1607.0,304.0,1.0
7.0,9.0,63.0,1.286,0.381,0.952,1.85,24.0,60.0,13.0,1.0
10.0,34.0,340.0,3.4,0.421,0.906,2.01,143.0,308.0,71.0,1.0
8.0,184.0,1472.0,23.0,0.237,0.777,1.64,349.0,1144.0,213.0,1.0
7.0,14.0,98.0,2.0,0.316,0.847,1.48,31.0,83.0,21.0,1.0
8.0,196.0,1568.0,24.5,0.142,0.644,1.4,222.0,1010.0,159.0,1.0
12.0,43.0,516.0,3.583,0.293,0.791,2.29,151.0,408.0,66.0,1.0
6.0,41.0,246.0,6.833,0.232,0.927,1.3,57.0,228.0,44.0,1.0
12.0,261.0,3132.0,21.75,0.207,0.564,1.81,649.0,1768.0,358.0,1.0
7.0,34.0,238.0,4.857,0.403,0.849,1.81,96.0,202.0,53.0,1.0
12.0,332.0,3984.0,27.667,0.402,0.659,4.5,1602.0,2626.0,356.0,1.0
25.0,294.0,7350.0,11.76,0.471,0.907,7.72,3459.0,6663.0,448.0,1.0
10.0,271.0,2710.0,27.1,0.188,0.665,1.31,509.0,1803.0,388.0,1.0
8.0,61.0,488.0,7.625,0.342,0.875,1.94,167.0,427.0,86.0,1.0
4.0,2.0,8.0,0.5,0.875,0.875,7.0,7.0,7.0,1.0,1.0
8.0,190.0,1520.0,23.75,0.118,0.62,1.21,179.0,943.0,148.0,1.0
6.0,49.0,294.0,8.167,0.286,0.694,1.38,84.0,204.0,61.0,1.0
9.0,272.0,2448.0,30.222,0.269,0.696,1.93,659.0,1704.0,342.0,1.0
10.0,236.0,2360.0,23.6,0.183,0.572,1.31,432.0,1349.0,330.0,1.0
5.0,7.0,35.0,1.4,0.4,0.657,2.33,14.0,23.0,6.0,1.0
6.0,32.0,192.0,5.333,0.365,0.958,1.67,70.0,184.0,42.0,1.0
10.0,23.0,230.0,2.3,0.37,0.83,2.3,85.0,191.0,37.0,1.0
7.0,4.0,28.0,0.571,0.321,1.0,3.0,9.0,28.0,3.0,1.0
11.0,141.0,1551.0,12.818,0.366,0.79,2.85,567.0,1225.0,199.0,1.0
8.0,6.0,48.0,0.75,0.583,0.813,7.0,28.0,39.0,4.0,1.0
10.0,80.0,800.0,8.0,0.308,0.838,2.02,246.0,670.0,122.0,1.0
8.0,98.0,784.0,12.25,0.221,0.874,1.42,173.0,685.0,122.0,1.0
9.0,153.0,1377.0,17.0,0.304,0.848,2.06,419.0,1168.0,203.0,1.0
11.0,43.0,473.0,3.909,0.281,0.774,2.18,133.0,366.0,61.0,1.0
9.0,180.0,1620.0,20.0,0.16,0.523,1.39,259.0,847.0,186.0,1.0
7.0,33.0,231.0,4.714,0.299,0.848,1.44,69.0,196.0,48.0,1.0
2.0,19.0,38.0,9.5,0.184,0.789,1.4,7.0,30.0,5.0,1.0
8.0,5.0,40.0,0.625,0.475,1.0,2.38,19.0,40.0,8.0,1.0
9.0,32.0,288.0,3.556,0.382,0.792,2.16,110.0,228.0,51.0,1.0
7.0,125.0,875.0,17.857,0.27,0.858,1.4,236.0,751.0,168.0,1.0
7.0,189.0,1323.0,27.0,0.339,0.704,1.89,449.0,932.0,237.0,1.0
10.0,17.0,170.0,1.7,0.482,0.759,6.83,82.0,129.0,12.0,1.0
10.0,41.0,410.0,4.1,0.278,0.632,1.93,114.0,259.0,59.0,1.0
10.0,285.0,2850.0,28.5,0.175,0.598,1.58,499.0,1703.0,315.0,1.0
8.0,102.0,816.0,12.75,0.212,0.884,1.25,173.0,721.0,138.0,1.0
11.0,228.0,2508.0,20.727,0.282,0.621,2.96,708.0,1558.0,239.0,1.0
8.0,298.0,2384.0,37.25,0.242,0.791,1.5,576.0,1886.0,383.0,1.0
7.0,17.0,119.0,2.429,0.227,0.58,2.7,27.0,69.0,10.0,1.0
6.0,82.0,492.0,13.667,0.274,0.925,1.39,135.0,455.0,97.0,1.0
9.0,18.0,162.0,2.0,0.66,0.883,7.13,107.0,143.0,15.0,1.0
10.0,67.0,670.0,6.7,0.3,0.745,2.14,201.0,499.0,94.0,1.0
8.0,13.0,104.0,1.625,0.423,0.99,1.76,44.0,103.0,25.0,1.0
10.0,293.0,2930.0,29.3,0.207,0.596,1.53,606.0,1746.0,397.0,1.0
6.0,19.0,114.0,3.167,0.254,0.956,1.16,29.0,109.0,25.0,1.0
9.0,36.0,324.0,4.0,0.54,0.929,2.87,175.0,301.0,61.0,1.0
10.0,18.0,180.0,1.8,0.383,1.0,2.3,69.0,180.0,30.0,1.0
10.0,271.0,2710.0,27.1,0.193,0.693,1.37,522.0,1878.0,380.0,1.0
7.0,23.0,161.0,3.286,0.342,0.783,1.45,55.0,126.0,38.0,1.0
26.0,184.0,4784.0,7.077,0.773,0.886,16.88,3696.0,4241.0,219.0,1.0
12.0,37.0,444.0,3.083,0.41,0.748,3.87,182.0,332.0,47.0,1.0
9.0,20.0,180.0,2.222,0.461,1.0,2.59,83.0,180.0,32.0,1.0
11.0,303.0,3333.0,27.545,0.183,0.268,4.97,611.0,892.0,123.0,1.0
7.0,35.0,245.0,5.0,0.453,0.873,2.47,111.0,214.0,45.0,1.0
5.0,88.0,440.0,17.6,0.364,0.775,1.67,160.0,341.0,96.0,1.0
10.0,27.0,270.0,2.7,0.367,0.83,1.87,99.0,224.0,53.0,1.0
10.0,19.0,190.0,1.9,0.542,0.768,7.36,103.0,146.0,14.0,1.0
9.0,25.0,225.0,2.778,0.329,0.502,2.55,74.0,113.0,29.0,1.0
8.0,183.0,1464.0,22.875,0.185,0.76,1.43,271.0,1112.0,190.0,1.0
7.0,23.0,161.0,3.286,0.373,0.851,1.71,60.0,137.0,35.0,1.0
17.0,350.0,5950.0,20.588,0.363,0.577,5.22,2162.0,3433.0,414.0,1.0
7.0,12.0,84.0,1.714,0.357,0.81,1.67,30.0,68.0,18.0,1.0
8.0,31.0,248.0,3.875,0.351,0.839,1.98,87.0,208.0,44.0,1.0
9.0,75.0,675.0,8.333,0.256,0.606,2.19,173.0,409.0,79.0,1.0
9.0,82.0,738.0,9.111,0.306,0.695,2.86,226.0,513.0,79.0,1.0
8.0,186.0,1488.0,23.25,0.399,0.812,2.53,593.0,1208.0,234.0,1.0
9.0,259.0,2331.0,28.778,0.189,0.697,1.31,441.0,1624.0,336.0,1.0
10.0,52.0,520.0,5.2,0.319,0.802,1.87,166.0,417.0,89.0,1.0
8.0,16.0,128.0,2.0,0.242,0.602,1.94,31.0,77.0,16.0,1.0
8.0,15.0,120.0,1.875,0.475,0.992,2.59,57.0,119.0,22.0,1.0
9.0,32.0,288.0,3.556,0.354,0.806,1.7,102.0,232.0,60.0,1.0
10.0,22.0,220.0,2.2,0.309,0.582,2.34,68.0,128.0,29.0,1.0
5.0,19.0,95.0,3.8,0.316,0.916,1.5,30.0,87.0,20.0,1.0
9.0,20.0,180.0,2.222,0.339,0.772,1.74,61.0,139.0,35.0,1.0
19.0,45.0,855.0,2.368,0.243,0.582,3.01,208.0,498.0,69.0,1.0
12.0,118.0,1416.0,9.833,0.35,0.778,2.98,495.0,1102.0,166.0,1.0
7.0,20.0,140.0,2.857,0.35,0.757,1.58,49.0,106.0,31.0,1.0
11.0,21.0,231.0,1.909,0.316,0.58,4.29,73.0,134.0,17.0,1.0
1.0,89.0,89.0,89.0,0.191,1.0,1.06,17.0,89.0,16.0,1.0
8.0,47.0,376.0,5.875,0.324,0.896,2.18,122.0,337.0,56.0,1.0
6.0,62.0,372.0,10.333,0.234,0.852,1.36,87.0,317.0,64.0,1.0
7.0,18.0,126.0,2.571,0.286,0.627,1.57,36.0,79.0,23.0,1.0
8.0,41.0,328.0,5.125,0.293,0.872,1.43,96.0,286.0,67.0,1.0
9.0,37.0,333.0,4.111,0.3,0.694,2.0,100.0,231.0,50.0,1.0
13.0,84.0,1092.0,6.462,0.35,0.59,3.16,382.0,644.0,121.0,1.0
10.0,20.0,200.0,2.0,0.32,0.61,2.13,64.0,122.0,30.0,1.0
7.0,175.0,1225.0,25.0,0.186,0.906,1.21,228.0,1110.0,188.0,1.0
8.0,20.0,160.0,2.5,0.5,1.0,2.76,80.0,160.0,29.0,1.0
8.0,36.0,288.0,4.5,0.427,0.924,1.98,123.0,266.0,62.0,1.0
6.0,24.0,144.0,4.0,0.264,0.764,1.46,38.0,110.0,26.0,1.0
7.0,18.0,126.0,2.571,0.206,0.651,2.17,26.0,82.0,12.0,1.0
9.0,41.0,369.0,4.556,0.301,0.886,1.91,111.0,327.0,58.0,1.0
7.0,33.0,231.0,4.714,0.143,0.844,2.36,33.0,195.0,14.0,1.0
9.0,163.0,1467.0,18.111,0.263,0.549,2.82,386.0,805.0,137.0,1.0
14.0,284.0,3976.0,20.286,0.365,0.54,5.1,1453.0,2147.0,285.0,1.0
12.0,176.0,2112.0,14.667,0.302,0.599,2.61,637.0,1265.0,244.0,1.0
6.0,13.0,78.0,2.167,0.295,1.0,1.53,23.0,78.0,15.0,1.0
9.0,19.0,171.0,2.111,0.269,0.643,1.35,46.0,110.0,34.0,1.0
5.0,63.0,315.0,12.6,0.21,0.914,1.47,66.0,288.0,45.0,1.0
8.0,35.0,280.0,4.375,0.321,0.775,1.76,90.0,217.0,51.0,1.0
11.0,64.0,704.0,5.818,0.25,0.597,2.0,176.0,420.0,88.0,1.0
8.0,7.0,56.0,0.875,0.411,0.875,2.09,23.0,49.0,11.0,1.0
9.0,184.0,1656.0,20.444,0.206,0.659,1.36,341.0,1091.0,251.0,1.0
7.0,14.0,98.0,2.0,0.5,1.0,2.72,49.0,98.0,18.0,1.0
11.0,91.0,1001.0,8.273,0.286,0.597,2.33,286.0,598.0,123.0,1.0
11.0,205.0,2255.0,18.636,0.371,0.717,3.01,837.0,1616.0,278.0,1.0
8.0,22.0,176.0,2.75,0.398,0.818,2.06,70.0,144.0,34.0,1.0
7.0,135.0,945.0,19.286,0.114,0.528,1.09,108.0,499.0,99.0,1.0
7.0,32.0,224.0,4.571,0.272,0.862,1.53,61.0,193.0,40.0,1.0
8.0,162.0,1296.0,20.25,0.435,0.936,3.0,564.0,1213.0,188.0,1.0
10.0,25.0,250.0,2.5,0.32,0.648,2.0,80.0,162.0,40.0,1.0
7.0,182.0,1274.0,26.0,0.203,0.62,1.27,259.0,790.0,204.0,1.0
2.0,69.0,138.0,34.5,0.087,0.507,1.2,12.0,70.0,10.0,1.0
9.0,82.0,738.0,9.111,0.379,0.879,2.35,280.0,649.0,119.0,1.0
9.0,22.0,198.0,2.444,0.192,0.697,1.31,38.0,138.0,29.0,1.0
9.0,249.0,2241.0,27.667,0.301,0.739,1.96,674.0,1655.0,344.0,1.0
7.0,23.0,161.0,3.286,0.28,0.826,1.45,45.0,133.0,31.0,1.0
9.0,509.0,4581.0,56.556,0.096,0.379,1.34,439.0,1736.0,328.0,1.0
8.0,41.0,328.0,5.125,0.323,0.643,1.66,106.0,211.0,64.0,1.0
9.0,26.0,234.0,2.889,0.291,0.795,1.74,68.0,186.0,39.0,1.0
9.0,174.0,1566.0,19.333,0.178,0.737,1.71,279.0,1154.0,163.0,1.0
2.0,52.0,104.0,26.0,0.144,0.702,2.5,15.0,73.0,6.0,1.0
9.0,55.0,495.0,6.111,0.275,0.661,1.92,136.0,327.0,71.0,1.0
7.0,215.0,1505.0,30.714,0.548,0.997,3.35,824.0,1500.0,246.0,1.0
7.0,17.0,119.0,2.429,0.395,0.782,1.81,47.0,93.0,26.0,1.0
3.0,3.0,9.0,1.0,0.889,0.889,8.0,8.0,8.0,1.0,1.0
8.0,16.0,128.0,2.0,0.383,0.781,1.69,49.0,100.0,29.0,1.0
7.0,92.0,644.0,13.143,0.309,0.896,1.88,199.0,577.0,106.0,1.0
7.0,75.0,525.0,10.714,0.661,0.907,5.51,347.0,476.0,63.0,1.0
10.0,53.0,530.0,5.3,0.343,0.811,2.0,182.0,430.0,91.0,1.0
10.0,30.0,300.0,3.0,0.427,0.78,2.78,128.0,234.0,46.0,1.0
12.0,8.0,96.0,0.667,0.302,1.0,2.9,29.0,96.0,10.0,1.0
8.0,17.0,136.0,2.125,0.529,0.853,2.88,72.0,116.0,25.0,1.0
9.0,112.0,1008.0,12.444,0.213,0.835,1.59,215.0,842.0,135.0,1.0
8.0,37.0,296.0,4.625,0.264,0.676,1.86,78.0,200.0,42.0,1.0
8.0,214.0,1712.0,26.75,0.421,0.807,2.9,720.0,1382.0,248.0,1.0
10.0,309.0,3090.0,30.9,0.2,0.73,1.4,618.0,2257.0,441.0,1.0
5.0,28.0,140.0,5.6,0.329,0.871,1.77,46.0,122.0,26.0,1.0
11.0,21.0,231.0,1.909,0.468,0.719,7.2,108.0,166.0,15.0,1.0
13.0,152.0,1976.0,11.692,0.312,0.714,2.8,617.0,1410.0,220.0,1.0
9.0,34.0,306.0,3.778,0.209,0.493,1.42,64.0,151.0,45.0,1.0
22.0,71.0,1562.0,3.227,0.519,0.843,11.25,810.0,1317.0,72.0,1.0
7.0,4.0,28.0,0.571,0.25,0.857,2.33,7.0,24.0,3.0,1.0
8.0,9.0,72.0,1.125,0.361,0.792,2.17,26.0,57.0,12.0,1.0
9.0,83.0,747.0,9.222,0.293,0.751,2.28,219.0,561.0,96.0,1.0
10.0,44.0,440.0,4.4,0.318,0.87,1.75,140.0,383.0,80.0,1.0
10.0,17.0,170.0,1.7,0.571,0.918,6.47,97.0,156.0,15.0,1.0
9.0,10.0,90.0,1.111,0.389,0.889,1.94,35.0,80.0,18.0,1.0
8.0,28.0,224.0,3.5,0.46,0.79,2.58,103.0,177.0,40.0,1.0
3.0,3.0,9.0,1.0,0.889,1.0,8.0,8.0,9.0,1.0,1.0
12.0,43.0,516.0,3.583,0.357,0.849,2.71,184.0,438.0,68.0,1.0
9.0,106.0,954.0,11.778,0.309,0.791,1.97,295.0,755.0,150.0,1.0
9.0,97.0,873.0,10.778,0.328,0.921,1.77,286.0,804.0,162.0,1.0
6.0,100.0,600.0,16.667,0.345,0.795,1.68,207.0,477.0,123.0,1.0
7.0,45.0,315.0,6.429,0.483,0.984,2.45,152.0,310.0,62.0,1.0
7.0,18.0,126.0,2.571,0.262,0.873,1.94,33.0,110.0,17.0,1.0
8.0,121.0,968.0,15.125,0.431,0.98,3.11,417.0,949.0,134.0,1.0
7.0,11.0,77.0,1.571,0.364,0.935,1.4,28.0,72.0,20.0,1.0
8.0,107.0,856.0,13.375,0.363,0.734,2.24,311.0,628.0,139.0,1.0
11.0,71.0,781.0,6.455,0.69,0.95,7.0,539.0,742.0,77.0,1.0
9.0,36.0,324.0,4.0,0.586,0.948,3.45,190.0,307.0,55.0,1.0
8.0,35.0,280.0,4.375,0.396,0.986,1.88,111.0,276.0,59.0,1.0
7.0,59.0,413.0,8.429,0.242,0.685,1.79,100.0,283.0,56.0,1.0
8.0,20.0,160.0,2.5,0.263,0.613,2.0,42.0,98.0,21.0,1.0
9.0,534.0,4806.0,59.333,0.163,0.633,1.34,784.0,3043.0,585.0,1.0
7.0,79.0,553.0,11.286,0.566,0.967,3.56,313.0,535.0,88.0,1.0
7.0,20.0,140.0,2.857,0.493,0.979,1.82,69.0,137.0,38.0,1.0
13.0,487.0,6331.0,37.462,0.247,0.63,2.1,1564.0,3988.0,745.0,1.0
8.0,12.0,96.0,1.5,0.406,0.917,1.56,39.0,88.0,25.0,1.0
8.0,22.0,176.0,2.75,0.295,0.483,2.6,52.0,85.0,20.0,1.0
7.0,11.0,77.0,1.571,0.416,0.974,1.52,32.0,75.0,21.0,1.0
6.0,15.0,90.0,2.5,0.267,0.833,2.0,24.0,75.0,12.0,1.0
8.0,9.0,72.0,1.125,0.319,0.639,2.09,23.0,46.0,11.0,1.0
10.0,38.0,380.0,3.8,0.195,0.55,1.48,74.0,209.0,50.0,1.0
9.0,107.0,963.0,11.889,0.357,0.875,2.14,344.0,843.0,161.0,1.0
16.0,393.0,6288.0,24.563,0.341,0.653,5.13,2145.0,4103.0,418.0,1.0
8.0,133.0,1064.0,16.625,0.272,0.825,1.78,289.0,878.0,162.0,1.0
8.0,22.0,176.0,2.75,0.477,1.0,2.27,84.0,176.0,37.0,1.0
7.0,31.0,217.0,4.429,0.3,0.88,1.97,65.0,191.0,33.0,1.0
7.0,11.0,77.0,1.571,0.377,1.0,1.53,29.0,77.0,19.0,1.0
5.0,6.0,30.0,1.2,0.433,0.9,1.63,13.0,27.0,8.0,1.0
9.0,21.0,189.0,2.333,0.365,0.82,2.88,69.0,155.0,24.0,1.0
17.0,34.0,578.0,2.0,0.123,0.156,17.75,71.0,90.0,4.0,1.0
23.0,371.0,8533.0,16.13,0.941,1.0,16.83,8027.0,8533.0,477.0,1.0
8.0,27.0,216.0,3.375,0.218,0.829,2.14,47.0,179.0,22.0,1.0
22.0,71.0,1562.0,3.227,0.536,0.876,11.64,838.0,1368.0,72.0,1.0
5.0,20.0,100.0,4.0,0.47,0.73,2.35,47.0,73.0,20.0,1.0
8.0,11.0,88.0,1.375,0.443,1.0,1.63,39.0,88.0,24.0,1.0
7.0,51.0,357.0,7.286,0.322,0.784,1.49,115.0,280.0,77.0,1.0
8.0,33.0,264.0,4.125,0.436,0.886,1.89,115.0,234.0,61.0,1.0
36.0,5.0,180.0,0.139,0.656,0.817,7.87,118.0,147.0,15.0,1.0
9.0,132.0,1188.0,14.667,0.189,0.588,1.54,225.0,698.0,146.0,1.0
9.0,50.0,450.0,5.556,0.32,0.716,2.67,144.0,322.0,54.0,1.0
10.0,13.0,130.0,1.3,0.315,0.915,2.41,41.0,119.0,17.0,1.0
9.0,34.0,306.0,3.778,0.379,0.961,1.71,116.0,294.0,68.0,1.0
8.0,7.0,56.0,0.875,0.5,0.786,3.11,28.0,44.0,9.0,1.0
1.0,40.0,40.0,40.0,0.4,1.0,1.07,16.0,40.0,15.0,1.0
8.0,64.0,512.0,8.0,0.385,0.912,1.93,197.0,467.0,102.0,1.0
8.0,192.0,1536.0,24.0,0.316,0.746,1.74,485.0,1146.0,279.0,1.0
10.0,47.0,470.0,4.7,0.481,0.991,2.97,226.0,466.0,76.0,1.0
9.0,166.0,1494.0,18.444,0.392,0.75,3.08,585.0,1120.0,190.0,1.0
8.0,30.0,240.0,3.75,0.45,0.788,2.3,108.0,189.0,47.0,1.0
7.0,48.0,336.0,6.857,0.268,0.652,1.61,90.0,219.0,56.0,1.0
8.0,13.0,104.0,1.625,0.683,0.817,7.1,71.0,85.0,10.0,1.0
24.0,187.0,4488.0,7.792,0.485,0.918,8.16,2178.0,4122.0,267.0,1.0
9.0,256.0,2304.0,28.444,0.099,0.446,1.36,227.0,1027.0,167.0,1.0
9.0,43.0,387.0,4.778,0.481,0.953,3.15,186.0,369.0,59.0,1.0
12.0,83.0,996.0,6.917,0.301,0.814,1.99,300.0,811.0,151.0,1.0
7.0,40.0,280.0,5.714,0.229,0.686,1.28,64.0,192.0,50.0,1.0
7.0,20.0,140.0,2.857,0.4,1.0,1.87,56.0,140.0,30.0,1.0
6.0,14.0,84.0,2.333,0.274,1.0,1.28,23.0,84.0,18.0,1.0
8.0,43.0,344.0,5.375,0.34,0.892,1.83,117.0,307.0,64.0,1.0
10.0,21.0,210.0,2.1,0.348,0.757,3.17,73.0,159.0,23.0,1.0
11.0,42.0,462.0,3.818,0.292,0.76,1.93,135.0,351.0,70.0,1.0
9.0,32.0,288.0,3.556,0.302,0.674,2.17,87.0,194.0,40.0,1.0
8.0,109.0,872.0,13.625,0.447,0.959,2.47,390.0,836.0,158.0,1.0
9.0,22.0,198.0,2.444,0.227,0.934,1.61,45.0,185.0,28.0,1.0
7.0,10.0,70.0,1.429,0.314,1.0,1.29,22.0,70.0,17.0,1.0
7.0,19.0,133.0,2.714,0.263,0.662,1.35,35.0,88.0,26.0,1.0
7.0,49.0,343.0,7.0,0.318,0.735,1.54,109.0,252.0,71.0,1.0
8.0,398.0,3184.0,49.75,0.279,0.664,1.7,887.0,2113.0,521.0,1.0
7.0,11.0,77.0,1.571,0.351,0.87,1.5,27.0,67.0,18.0,1.0
6.0,189.0,1134.0,31.5,0.324,0.83,1.62,367.0,941.0,227.0,1.0
7.0,20.0,140.0,2.857,0.357,0.7,1.85,50.0,98.0,27.0,1.0
7.0,29.0,203.0,4.143,0.365,0.946,2.0,74.0,192.0,37.0,1.0
11.0,86.0,946.0,7.818,0.283,0.764,1.91,268.0,723.0,140.0,1.0
7.0,21.0,147.0,3.0,0.279,0.748,1.52,41.0,110.0,27.0,1.0
9.0,12.0,108.0,1.333,0.407,0.898,1.63,44.0,97.0,27.0,1.0
8.0,80.0,640.0,10.0,0.184,0.544,1.4,118.0,348.0,84.0,1.0
5.0,13.0,65.0,2.6,0.554,0.8,3.0,36.0,52.0,12.0,1.0
7.0,31.0,217.0,4.429,0.336,0.834,1.52,73.0,181.0,48.0,1.0
3.0,4.0,12.0,1.333,0.75,0.75,9.0,9.0,9.0,1.0,1.0
9.0,37.0,333.0,4.111,0.228,0.586,1.27,76.0,195.0,60.0,1.0
6.0,81.0,486.0,13.5,0.282,0.852,1.26,137.0,414.0,109.0,1.0
19.0,123.0,2337.0,6.474,0.089,0.089,207.0,207.0,208.0,1.0,1.0
8.0,24.0,192.0,3.0,0.417,0.953,1.9,80.0,183.0,42.0,1.0
10.0,53.0,530.0,5.3,0.294,0.819,1.79,156.0,434.0,87.0,1.0
8.0,145.0,1160.0,18.125,0.156,0.773,1.24,181.0,897.0,146.0,1.0
7.0,19.0,133.0,2.714,0.398,1.0,1.71,53.0,133.0,31.0,1.0
8.0,21.0,168.0,2.625,0.411,0.786,2.23,69.0,132.0,31.0,1.0
7.0,24.0,168.0,3.429,0.196,0.762,1.38,33.0,128.0,24.0,1.0
1.0,60.0,60.0,60.0,0.217,1.0,1.08,13.0,60.0,12.0,1.0
5.0,2.0,10.0,0.4,0.7,0.7,7.0,7.0,7.0,1.0,1.0
16.0,376.0,6016.0,23.5,0.371,0.58,5.57,2232.0,3490.0,401.0,1.0
8.0,158.0,1264.0,19.75,0.102,0.346,1.33,129.0,437.0,97.0,1.0
9.0,36.0,324.0,4.0,0.552,0.926,3.51,179.0,300.0,51.0,1.0
9.0,15.0,135.0,1.667,0.178,0.556,1.6,24.0,75.0,15.0,1.0
7.0,25.0,175.0,3.571,0.349,0.737,2.26,61.0,129.0,27.0,1.0
6.0,14.0,84.0,2.333,0.274,0.893,1.64,23.0,75.0,14.0,1.0
16.0,181.0,2896.0,11.313,0.4,0.759,5.1,1157.0,2198.0,227.0,1.0
13.0,44.0,572.0,3.385,0.171,0.712,1.61,98.0,407.0,61.0,1.0
7.0,31.0,217.0,4.429,0.276,0.788,1.25,60.0,171.0,48.0,1.0
8.0,82.0,656.0,10.25,0.288,0.997,1.99,189.0,654.0,95.0,1.0
8.0,11.0,88.0,1.375,0.477,0.966,2.0,42.0,85.0,21.0,1.0
10.0,9.0,90.0,0.9,0.222,1.0,1.25,20.0,90.0,16.0,1.0
9.0,1.0,9.0,0.111,1.0,1.0,9.0,9.0,9.0,1.0,1.0
6.0,3.0,18.0,0.5,0.556,0.556,10.0,10.0,10.0,1.0,1.0
7.0,20.0,140.0,2.857,0.364,0.871,1.46,51.0,122.0,35.0,1.0
8.0,12.0,96.0,1.5,0.448,0.885,1.95,43.0,85.0,22.0,1.0
8.0,18.0,144.0,2.25,0.361,0.944,2.17,52.0,136.0,24.0,1.0
16.0,183.0,2928.0,11.438,0.413,0.787,4.81,1208.0,2305.0,251.0,1.0
7.0,62.0,434.0,8.857,0.272,0.963,1.46,118.0,418.0,81.0,1.0
9.0,9.0,81.0,1.0,0.272,0.753,1.38,22.0,61.0,16.0,1.0
8.0,46.0,368.0,5.75,0.356,0.957,1.79,131.0,352.0,73.0,1.0
7.0,39.0,273.0,5.571,0.293,0.733,1.43,80.0,200.0,56.0,1.0
13.0,53.0,689.0,4.077,0.509,0.624,5.75,351.0,430.0,61.0,1.0
11.0,303.0,3333.0,27.545,0.151,0.2,7.49,502.0,666.0,67.0,1.0
4.0,4.0,16.0,1.0,0.438,0.438,7.0,7.0,7.0,1.0,1.0
5.0,2.0,10.0,0.4,0.8,0.8,8.0,8.0,8.0,1.0,1.0
31.0,322.0,9982.0,10.387,0.689,0.753,16.87,6881.0,7519.0,408.0,1.0
10.0,16.0,160.0,1.6,0.619,0.963,6.19,99.0,154.0,16.0,1.0
7.0,8.0,56.0,1.143,0.25,0.768,1.56,14.0,43.0,9.0,1.0
7.0,38.0,266.0,5.429,0.259,0.688,1.5,69.0,183.0,46.0,1.0
8.0,101.0,808.0,12.625,0.222,0.834,1.29,179.0,674.0,139.0,1.0
8.0,343.0,2744.0,42.875,0.129,0.605,1.2,354.0,1661.0,294.0,1.0
12.0,84.0,1008.0,7.0,0.42,0.565,4.75,423.0,570.0,89.0,1.0
6.0,19.0,114.0,3.167,0.316,0.886,1.8,36.0,101.0,20.0,1.0
7.0,19.0,133.0,2.714,0.286,0.669,1.36,38.0,89.0,28.0,1.0
8.0,9.0,72.0,1.125,0.389,0.792,2.0,28.0,57.0,14.0,1.0
8.0,26.0,208.0,3.25,0.423,0.851,2.44,88.0,177.0,36.0,1.0
7.0,31.0,217.0,4.429,0.318,0.839,1.35,69.0,182.0,51.0,1.0
9.0,103.0,927.0,11.444,0.357,0.864,2.47,331.0,801.0,134.0,1.0
7.0,223.0,1561.0,31.857,0.121,0.527,1.33,189.0,823.0,142.0,1.0
7.0,14.0,98.0,2.0,0.316,0.776,2.21,31.0,76.0,14.0,1.0
27.0,106.0,2862.0,3.926,0.261,0.478,5.45,747.0,1368.0,137.0,1.0
9.0,95.0,855.0,10.556,0.284,0.849,1.91,243.0,726.0,127.0,1.0
7.0,71.0,497.0,10.143,0.193,0.672,1.43,96.0,334.0,67.0,1.0
9.0,86.0,774.0,9.556,0.301,0.647,2.22,233.0,501.0,105.0,1.0
7.0,136.0,952.0,19.429,0.18,0.775,1.2,171.0,738.0,142.0,1.0
7.0,13.0,91.0,1.857,0.242,0.857,2.0,22.0,78.0,11.0,1.0
6.0,13.0,78.0,2.167,0.269,0.667,1.5,21.0,52.0,14.0,1.0
17.0,11.0,187.0,0.647,0.326,0.433,10.17,61.0,81.0,6.0,1.0
7.0,27.0,189.0,3.857,0.37,0.841,1.79,70.0,159.0,39.0,1.0
9.0,532.0,4788.0,59.111,0.154,0.642,1.29,736.0,3073.0,572.0,1.0
11.0,161.0,1771.0,14.636,0.333,0.65,2.71,589.0,1152.0,217.0,1.0
10.0,33.0,330.0,3.3,0.282,0.839,1.82,93.0,277.0,51.0,1.0
6.0,13.0,78.0,2.167,0.436,0.756,2.27,34.0,59.0,15.0,1.0
7.0,92.0,644.0,13.143,0.292,0.907,1.54,188.0,584.0,122.0,1.0
3.0,3.0,9.0,1.0,0.778,0.778,7.0,7.0,7.0,1.0,1.0
10.0,40.0,400.0,4.0,0.278,0.615,2.09,111.0,246.0,53.0,1.0
8.0,49.0,392.0,6.125,0.406,0.742,1.81,159.0,291.0,88.0,1.0
11.0,7.0,77.0,0.636,0.468,0.481,36.0,36.0,37.0,1.0,1.0
8.0,73.0,584.0,9.125,0.235,0.803,1.47,137.0,469.0,93.0,1.0
12.0,28.0,336.0,2.333,0.265,0.592,3.07,89.0,199.0,29.0,1.0
7.0,23.0,161.0,3.286,0.286,0.677,1.59,46.0,109.0,29.0,1.0
5.0,27.0,135.0,5.4,0.607,0.993,2.34,82.0,134.0,35.0,1.0
11.0,261.0,2871.0,23.727,0.246,0.638,1.93,707.0,1833.0,366.0,1.0
8.0,69.0,552.0,8.625,0.366,0.897,1.94,202.0,495.0,104.0,1.0
11.0,94.0,1034.0,8.545,0.38,0.677,3.12,393.0,700.0,126.0,1.0
12.0,216.0,2592.0,18.0,0.507,0.764,5.3,1315.0,1981.0,248.0,1.0
8.0,82.0,656.0,10.25,0.358,0.84,2.24,235.0,551.0,105.0,1.0
7.0,95.0,665.0,13.571,0.268,0.929,1.56,178.0,618.0,114.0,1.0
9.0,91.0,819.0,10.111,0.233,0.789,1.71,191.0,646.0,112.0,1.0
9.0,7.0,63.0,0.778,0.349,0.603,3.67,22.0,38.0,6.0,1.0
10.0,10.0,100.0,1.0,0.52,0.53,52.0,52.0,53.0,1.0,1.0
7.0,35.0,245.0,5.0,0.347,0.771,1.52,85.0,189.0,56.0,1.0
14.0,116.0,1624.0,8.286,0.27,0.649,2.12,439.0,1054.0,207.0,1.0
9.0,331.0,2979.0,36.778,0.195,0.78,1.29,582.0,2323.0,452.0,1.0
10.0,28.0,280.0,2.8,0.293,0.8,2.0,82.0,224.0,41.0,1.0
7.0,8.0,56.0,1.143,0.357,0.893,2.22,20.0,50.0,9.0,1.0
9.0,52.0,468.0,5.778,0.203,0.626,1.38,95.0,293.0,69.0,1.0
9.0,39.0,351.0,4.333,0.256,0.698,1.64,90.0,245.0,55.0,1.0
14.0,301.0,4214.0,21.5,0.257,0.564,2.37,1084.0,2378.0,458.0,1.0
9.0,83.0,747.0,9.222,0.351,0.726,2.94,262.0,542.0,89.0,1.0
8.0,69.0,552.0,8.625,0.098,0.344,1.38,54.0,190.0,39.0,1.0
9.0,49.0,441.0,5.444,0.587,0.961,3.12,259.0,424.0,83.0,1.0
8.0,19.0,152.0,2.375,0.434,0.664,3.0,66.0,101.0,22.0,1.0
6.0,13.0,78.0,2.167,0.551,0.923,2.53,43.0,72.0,17.0,1.0
8.0,58.0,464.0,7.25,0.442,0.903,3.15,205.0,419.0,65.0,1.0
13.0,239.0,3107.0,18.385,0.239,0.615,2.16,742.0,1912.0,343.0,1.0
7.0,24.0,168.0,3.429,0.244,0.774,1.46,41.0,130.0,28.0,1.0
5.0,5.0,25.0,1.0,0.52,1.0,2.17,13.0,25.0,6.0,1.0
8.0,13.0,104.0,1.625,0.529,0.798,2.89,55.0,83.0,19.0,1.0
13.0,10.0,130.0,0.769,0.3,0.808,6.5,39.0,105.0,6.0,1.0
8.0,4.0,32.0,0.5,0.469,0.875,5.0,15.0,28.0,3.0,1.0
8.0,30.0,240.0,3.75,0.233,0.833,1.24,56.0,200.0,45.0,1.0
9.0,172.0,1548.0,19.111,0.167,0.678,1.28,258.0,1050.0,202.0,1.0
9.0,20.0,180.0,2.222,0.261,0.617,1.68,47.0,111.0,28.0,1.0
9.0,151.0,1359.0,16.778,0.185,0.566,1.39,251.0,769.0,181.0,1.0
14.0,433.0,6062.0,30.929,0.355,0.572,4.44,2152.0,3467.0,485.0,1.0
12.0,115.0,1380.0,9.583,0.256,0.572,1.74,353.0,790.0,203.0,1.0
12.0,500.0,6000.0,41.667,0.264,0.595,2.45,1584.0,3568.0,646.0,1.0
7.0,9.0,63.0,1.286,0.349,0.746,1.83,22.0,47.0,12.0,1.0
13.0,38.0,494.0,2.923,0.312,0.955,3.42,154.0,472.0,45.0,1.0
9.0,80.0,720.0,8.889,0.338,0.954,2.04,243.0,687.0,119.0,1.0
10.0,60.0,600.0,6.0,0.223,0.607,1.47,134.0,364.0,91.0,1.0
10.0,271.0,2710.0,27.1,0.173,0.557,1.47,469.0,1510.0,318.0,1.0
12.0,232.0,2784.0,19.333,0.316,0.703,2.34,879.0,1957.0,375.0,1.0
14.0,390.0,5460.0,27.857,0.358,0.59,4.44,1956.0,3224.0,441.0,1.0
9.0,508.0,4572.0,56.444,0.164,0.69,1.22,748.0,3154.0,614.0,1.0
8.0,17.0,136.0,2.125,0.456,0.824,2.38,62.0,112.0,26.0,1.0
13.0,322.0,4186.0,24.769,0.375,0.714,4.62,1571.0,2990.0,340.0,1.0
11.0,9.0,99.0,0.818,0.343,0.626,3.4,34.0,62.0,10.0,1.0
8.0,14.0,112.0,1.75,0.455,1.0,1.96,51.0,112.0,26.0,1.0
9.0,116.0,1044.0,12.889,0.339,0.88,1.86,354.0,919.0,190.0,1.0
5.0,4.0,20.0,0.8,0.35,0.85,1.75,7.0,17.0,4.0,1.0
11.0,8.0,88.0,0.727,0.602,1.0,5.89,53.0,88.0,9.0,1.0
8.0,15.0,120.0,1.875,0.417,0.925,2.17,50.0,111.0,23.0,1.0
8.0,40.0,320.0,5.0,0.481,0.988,2.61,154.0,316.0,59.0,1.0
8.0,157.0,1256.0,19.625,0.446,0.987,2.55,560.0,1240.0,220.0,1.0
11.0,262.0,2882.0,23.818,0.242,0.618,1.91,697.0,1781.0,364.0,1.0
12.0,102.0,1224.0,8.5,0.257,0.804,1.77,315.0,984.0,178.0,1.0
11.0,56.0,616.0,5.091,0.386,0.7,3.09,238.0,431.0,77.0,1.0
5.0,27.0,135.0,5.4,0.296,0.496,3.08,40.0,67.0,13.0,1.0
5.0,43.0,215.0,8.6,0.265,0.786,1.33,57.0,169.0,43.0,1.0
9.0,26.0,234.0,2.889,0.385,0.85,1.88,90.0,199.0,48.0,1.0
7.0,20.0,140.0,2.857,0.464,0.9,2.71,65.0,126.0,24.0,1.0
8.0,29.0,232.0,3.625,0.401,0.884,2.38,93.0,205.0,39.0,1.0
7.0,9.0,63.0,1.286,0.365,0.857,1.77,23.0,54.0,13.0,1.0
12.0,8.0,96.0,0.667,0.479,0.5,46.0,46.0,48.0,1.0,1.0
8.0,14.0,112.0,1.75,0.42,0.848,2.04,47.0,95.0,23.0,1.0
10.0,52.0,520.0,5.2,0.298,0.752,2.09,155.0,391.0,74.0,1.0
4.0,6.0,24.0,1.5,0.417,0.5,10.0,10.0,12.0,1.0,1.0
9.0,49.0,441.0,5.444,0.222,0.687,1.27,98.0,303.0,77.0,1.0
13.0,67.0,871.0,5.154,0.441,0.83,5.19,384.0,723.0,74.0,1.0
11.0,8.0,88.0,0.727,0.693,0.989,10.17,61.0,87.0,6.0,1.0
5.0,6.0,30.0,1.2,0.233,1.0,1.4,7.0,30.0,5.0,1.0
8.0,11.0,88.0,1.375,0.25,0.83,1.29,22.0,73.0,17.0,1.0
10.0,23.0,230.0,2.3,0.27,0.648,2.0,62.0,149.0,31.0,1.0
7.0,7.0,49.0,1.0,0.388,0.939,1.9,19.0,46.0,10.0,1.0
8.0,229.0,1832.0,28.625,0.168,0.484,1.57,308.0,887.0,196.0,1.0
16.0,112.0,1792.0,7.0,0.305,0.879,2.72,546.0,1576.0,201.0,1.0
10.0,251.0,2510.0,25.1,0.141,0.621,1.23,354.0,1559.0,287.0,1.0
6.0,17.0,102.0,2.833,0.343,0.873,1.3,35.0,89.0,27.0,1.0
6.0,11.0,66.0,1.833,0.318,0.712,1.31,21.0,47.0,16.0,1.0
15.0,29.0,435.0,1.933,0.524,0.97,4.15,228.0,422.0,55.0,1.0
7.0,13.0,91.0,1.857,0.286,0.868,1.37,26.0,79.0,19.0,1.0
1.0,45.0,45.0,45.0,0.2,1.0,1.13,9.0,45.0,8.0,1.0
6.0,82.0,492.0,13.667,0.104,0.303,1.31,51.0,149.0,39.0,1.0
10.0,49.0,490.0,4.9,0.52,0.961,2.97,255.0,471.0,86.0,1.0
6.0,4.0,24.0,0.667,0.417,0.5,5.0,10.0,12.0,2.0,1.0
6.0,7.0,42.0,1.167,0.5,1.0,1.75,21.0,42.0,12.0,1.0
9.0,36.0,324.0,4.0,0.565,0.944,3.16,183.0,306.0,58.0,1.0
8.0,34.0,272.0,4.25,0.371,0.765,2.1,101.0,208.0,48.0,1.0
7.0,18.0,126.0,2.571,0.278,0.976,1.35,35.0,123.0,26.0,1.0
7.0,27.0,189.0,3.857,0.344,1.0,1.97,65.0,189.0,33.0,1.0
9.0,103.0,927.0,11.444,0.369,0.877,2.55,342.0,813.0,134.0,1.0
10.0,93.0,930.0,9.3,0.268,0.784,1.78,249.0,729.0,140.0,1.0
11.0,185.0,2035.0,16.818,0.487,0.883,4.5,991.0,1796.0,220.0,1.0
11.0,22.0,242.0,2.0,0.632,0.864,8.05,153.0,209.0,19.0,1.0
13.0,191.0,2483.0,14.692,0.406,0.617,4.71,1007.0,1532.0,214.0,1.0
9.0,6.0,54.0,0.667,0.5,0.593,13.5,27.0,32.0,2.0,1.0
9.0,272.0,2448.0,30.222,0.269,0.763,1.87,659.0,1868.0,353.0,1.0
7.0,41.0,287.0,5.857,0.213,0.801,1.36,61.0,230.0,45.0,1.0
10.0,38.0,380.0,3.8,0.426,0.947,3.12,162.0,360.0,52.0,1.0
9.0,76.0,684.0,8.444,0.38,0.95,2.2,260.0,650.0,118.0,1.0
5.0,96.0,480.0,19.2,0.329,0.717,2.14,158.0,344.0,74.0,1.0
9.0,46.0,414.0,5.111,0.365,0.848,2.01,151.0,351.0,75.0,1.0
11.0,183.0,2013.0,16.636,0.481,0.747,4.66,969.0,1503.0,208.0,1.0
11.0,292.0,3212.0,26.545,0.341,0.761,2.95,1096.0,2445.0,371.0,1.0
8.0,8.0,64.0,1.0,0.234,0.672,1.5,15.0,43.0,10.0,1.0
8.0,70.0,560.0,8.75,0.332,0.896,1.66,186.0,502.0,112.0,1.0
11.0,251.0,2761.0,22.818,0.355,0.743,2.93,979.0,2052.0,334.0,1.0
7.0,42.0,294.0,6.0,0.235,0.571,1.33,69.0,168.0,52.0,1.0
9.0,44.0,396.0,4.889,0.465,0.944,3.35,184.0,374.0,55.0,1.0
9.0,100.0,900.0,11.111,0.276,0.847,1.91,248.0,762.0,130.0,1.0
11.0,9.0,99.0,0.818,0.404,0.717,4.44,40.0,71.0,9.0,1.0
11.0,27.0,297.0,2.455,0.303,0.596,2.43,90.0,177.0,37.0,1.0
6.0,114.0,684.0,19.0,0.278,0.741,1.76,190.0,507.0,108.0,1.0
15.0,54.0,810.0,3.6,0.323,0.689,2.45,262.0,558.0,107.0,1.0
8.0,4.0,32.0,0.5,0.594,1.0,2.71,19.0,32.0,7.0,1.0
8.0,36.0,288.0,4.5,0.299,0.531,2.21,86.0,153.0,39.0,1.0
9.0,34.0,306.0,3.778,0.337,0.817,1.81,103.0,250.0,57.0,1.0
7.0,45.0,315.0,6.429,0.2,0.775,1.91,63.0,244.0,33.0,1.0
10.0,179.0,1790.0,17.9,0.2,0.758,1.41,358.0,1356.0,254.0,1.0
8.0,151.0,1208.0,18.875,0.174,0.627,1.18,210.0,758.0,178.0,1.0
11.0,100.0,1100.0,9.091,0.269,0.765,1.9,296.0,842.0,156.0,1.0
8.0,12.0,96.0,1.5,0.417,0.969,2.11,40.0,93.0,19.0,1.0
7.0,46.0,322.0,6.571,0.155,0.587,4.17,50.0,189.0,12.0,1.0
11.0,184.0,2024.0,16.727,0.455,0.76,4.72,920.0,1539.0,195.0,1.0
7.0,21.0,147.0,3.0,0.327,0.912,1.71,48.0,134.0,28.0,1.0
9.0,34.0,306.0,3.778,0.356,0.925,2.06,109.0,283.0,53.0,1.0
7.0,20.0,140.0,2.857,0.407,0.929,1.97,57.0,130.0,29.0,1.0
9.0,101.0,909.0,11.222,0.196,0.771,1.22,178.0,701.0,146.0,1.0
9.0,108.0,972.0,12.0,0.449,0.868,2.55,436.0,844.0,171.0,1.0
8.0,16.0,128.0,2.0,0.344,0.898,1.91,44.0,115.0,23.0,1.0
13.0,267.0,3471.0,20.538,0.401,0.662,4.87,1392.0,2299.0,286.0,1.0
8.0,12.0,96.0,1.5,0.375,0.927,1.8,36.0,89.0,20.0,1.0
9.0,20.0,180.0,2.222,0.361,0.872,1.86,65.0,157.0,35.0,1.0
6.0,29.0,174.0,4.833,0.293,0.92,1.5,51.0,160.0,34.0,1.0
28.0,137.0,3836.0,4.893,0.265,0.564,5.05,1016.0,2163.0,201.0,1.0
11.0,20.0,220.0,1.818,0.577,0.882,8.47,127.0,194.0,15.0,1.0
2.0,47.0,94.0,23.5,0.17,0.511,1.14,16.0,48.0,14.0,1.0
8.0,68.0,544.0,8.5,0.336,0.868,1.91,183.0,472.0,96.0,1.0
11.0,38.0,418.0,3.455,0.328,0.852,1.96,137.0,356.0,70.0,1.0
6.0,10.0,60.0,1.667,0.483,0.933,2.07,29.0,56.0,14.0,1.0
7.0,11.0,77.0,1.571,0.234,0.935,1.64,18.0,72.0,11.0,1.0
7.0,25.0,175.0,3.571,0.434,1.0,1.81,76.0,175.0,42.0,1.0
10.0,98.0,980.0,9.8,0.3,0.781,1.72,294.0,765.0,171.0,1.0
7.0,8.0,56.0,1.143,0.375,1.0,1.62,21.0,56.0,13.0,1.0
10.0,38.0,380.0,3.8,0.424,0.939,2.78,161.0,357.0,58.0,1.0
11.0,101.0,1111.0,9.182,0.33,0.734,2.68,367.0,815.0,137.0,1.0
8.0,14.0,112.0,1.75,0.357,0.67,2.0,40.0,75.0,20.0,1.0
10.0,155.0,1550.0,15.5,0.326,0.642,2.8,506.0,995.0,181.0,1.0
11.0,42.0,462.0,3.818,0.284,0.654,1.93,131.0,302.0,68.0,1.0
82.0,314.0,25748.0,3.829,0.296,0.502,10.84,7618.0,12923.0,703.0,1.0
3.0,104.0,312.0,34.667,0.606,0.683,9.95,189.0,213.0,19.0,1.0
10.0,83.0,830.0,8.3,0.208,0.667,1.44,173.0,554.0,120.0,1.0
10.0,282.0,2820.0,28.2,0.191,0.701,1.43,540.0,1977.0,378.0,1.0
10.0,184.0,1840.0,18.4,0.325,0.626,2.58,598.0,1152.0,232.0,1.0
14.0,91.0,1274.0,6.5,0.389,0.628,5.05,495.0,800.0,98.0,1.0
7.0,14.0,98.0,2.0,0.408,0.939,2.5,40.0,92.0,16.0,1.0
8.0,23.0,184.0,2.875,0.337,0.783,1.94,62.0,144.0,32.0,1.0
8.0,12.0,96.0,1.5,0.531,0.813,2.83,51.0,78.0,18.0,1.0
6.0,18.0,108.0,3.0,0.5,0.991,2.45,54.0,107.0,22.0,1.0
9.0,198.0,1782.0,22.0,0.289,0.681,1.88,515.0,1213.0,274.0,1.0
8.0,203.0,1624.0,25.375,0.149,0.767,1.27,242.0,1246.0,191.0,1.0
9.0,261.0,2349.0,29.0,0.183,0.718,1.42,430.0,1686.0,302.0,1.0
11.0,357.0,3927.0,32.455,0.215,0.823,1.55,845.0,3232.0,546.0,1.0
7.0,21.0,147.0,3.0,0.327,0.728,1.41,48.0,107.0,34.0,1.0
13.0,408.0,5304.0,31.385,0.281,0.677,2.58,1492.0,3591.0,579.0,1.0
8.0,32.0,256.0,4.0,0.387,0.895,1.62,99.0,229.0,61.0,1.0
8.0,19.0,152.0,2.375,0.309,0.98,1.52,47.0,149.0,31.0,1.0
8.0,59.0,472.0,7.375,0.322,0.881,2.41,152.0,416.0,63.0,1.0
6.0,14.0,84.0,2.333,0.321,0.881,1.8,27.0,74.0,15.0,1.0
13.0,441.0,5733.0,33.923,0.374,0.625,4.63,2144.0,3582.0,463.0,1.0
9.0,18.0,162.0,2.0,0.414,0.877,2.31,67.0,142.0,29.0,1.0
10.0,33.0,330.0,3.3,0.182,0.564,1.4,60.0,186.0,43.0,1.0
8.0,29.0,232.0,3.625,0.384,0.884,2.07,89.0,205.0,43.0,1.0
7.0,20.0,140.0,2.857,0.336,0.707,2.24,47.0,99.0,21.0,1.0
7.0,32.0,224.0,4.571,0.277,0.83,1.41,62.0,186.0,44.0,1.0
10.0,212.0,2120.0,21.2,0.24,0.61,1.85,508.0,1293.0,274.0,1.0
9.0,121.0,1089.0,13.444,0.322,0.776,2.08,351.0,845.0,169.0,1.0
10.0,506.0,5060.0,50.6,0.15,0.589,1.34,758.0,2980.0,564.0,1.0
9.0,92.0,828.0,10.222,0.287,0.694,1.93,238.0,575.0,123.0,1.0
10.0,19.0,190.0,1.9,0.584,0.816,6.94,111.0,155.0,16.0,1.0
9.0,123.0,1107.0,13.667,0.395,0.991,2.84,437.0,1097.0,154.0,1.0
5.0,7.0,35.0,1.4,0.457,1.0,2.0,16.0,35.0,8.0,1.0
7.0,6.0,42.0,0.857,0.286,0.857,1.71,12.0,36.0,7.0,1.0
8.0,23.0,184.0,2.875,0.353,0.826,1.91,65.0,152.0,34.0,1.0
9.0,369.0,3321.0,41.0,0.329,0.639,2.67,1094.0,2122.0,409.0,1.0
5.0,5.0,25.0,1.0,0.4,0.52,10.0,10.0,13.0,1.0,1.0
5.0,19.0,95.0,3.8,0.389,0.895,1.32,37.0,85.0,28.0,1.0
11.0,84.0,924.0,7.636,0.291,0.843,1.74,269.0,779.0,155.0,1.0
1.0,41.0,41.0,41.0,0.39,1.0,1.07,16.0,41.0,15.0,1.0
10.0,53.0,530.0,5.3,0.215,0.781,1.44,114.0,414.0,79.0,1.0
7.0,85.0,595.0,12.143,0.192,0.869,1.3,114.0,517.0,88.0,1.0
8.0,6.0,48.0,0.75,0.375,0.896,1.8,18.0,43.0,10.0,1.0
10.0,31.0,310.0,3.1,0.339,0.713,2.14,105.0,221.0,49.0,1.0
8.0,34.0,272.0,4.25,0.379,0.971,1.84,103.0,264.0,56.0,1.0
9.0,127.0,1143.0,14.111,0.213,0.679,1.58,243.0,776.0,154.0,1.0
9.0,43.0,387.0,4.778,0.3,0.713,1.78,116.0,276.0,65.0,1.0
7.0,5.0,35.0,0.714,0.257,0.571,2.25,9.0,20.0,4.0,1.0
8.0,9.0,72.0,1.125,0.458,0.986,2.2,33.0,71.0,15.0,1.0
8.0,75.0,600.0,9.375,0.423,0.87,3.02,254.0,522.0,84.0,1.0
8.0,14.0,112.0,1.75,0.295,0.857,1.83,33.0,96.0,18.0,1.0
8.0,129.0,1032.0,16.125,0.232,0.823,1.46,239.0,849.0,164.0,1.0
9.0,53.0,477.0,5.889,0.252,0.677,1.54,120.0,323.0,78.0,1.0
9.0,33.0,297.0,3.667,0.354,0.781,1.84,105.0,232.0,57.0,1.0
10.0,12.0,120.0,1.2,0.333,0.958,1.82,40.0,115.0,22.0,1.0
8.0,7.0,56.0,0.875,0.304,0.946,1.55,17.0,53.0,11.0,1.0
13.0,77.0,1001.0,5.923,0.258,0.564,3.04,258.0,565.0,85.0,1.0
6.0,39.0,234.0,6.5,0.466,0.889,2.1,109.0,208.0,52.0,1.0
9.0,47.0,423.0,5.222,0.286,0.738,1.95,121.0,312.0,62.0,1.0
14.0,38.0,532.0,2.714,0.244,0.489,2.95,130.0,260.0,44.0,1.0
11.0,22.0,242.0,2.0,0.281,0.669,1.94,68.0,162.0,35.0,1.0
8.0,75.0,600.0,9.375,0.228,0.662,1.37,137.0,397.0,100.0,1.0
10.0,57.0,570.0,5.7,0.326,0.695,1.98,186.0,396.0,94.0,1.0
7.0,11.0,77.0,1.571,0.377,0.974,1.61,29.0,75.0,18.0,1.0
9.0,36.0,324.0,4.0,0.568,0.932,3.02,184.0,302.0,61.0,1.0
9.0,175.0,1575.0,19.444,0.19,0.568,1.35,299.0,894.0,221.0,1.0
7.0,61.0,427.0,8.714,0.321,0.667,1.9,137.0,285.0,72.0,1.0
9.0,52.0,468.0,5.778,0.286,0.652,1.84,134.0,305.0,73.0,1.0
9.0,36.0,324.0,4.0,0.349,0.707,1.82,113.0,229.0,62.0,1.0
5.0,7.0,35.0,1.4,0.543,1.0,2.11,19.0,35.0,9.0,1.0
8.0,68.0,544.0,8.5,0.54,0.974,3.03,294.0,530.0,97.0,1.0
10.0,32.0,320.0,3.2,0.306,0.788,1.69,98.0,252.0,58.0,1.0
9.0,25.0,225.0,2.778,0.249,0.911,1.51,56.0,205.0,37.0,1.0
9.0,129.0,1161.0,14.333,0.169,0.647,1.41,196.0,751.0,139.0,1.0
3.0,3.0,9.0,1.0,0.889,0.889,8.0,8.0,8.0,1.0,1.0
7.0,76.0,532.0,10.857,0.301,0.859,1.38,160.0,457.0,116.0,1.0
10.0,30.0,300.0,3.0,0.33,0.843,1.9,99.0,253.0,52.0,1.0
13.0,104.0,1352.0,8.0,0.198,0.639,3.44,268.0,864.0,78.0,1.0
13.0,106.0,1378.0,8.154,0.306,0.688,2.37,422.0,948.0,178.0,1.0
8.0,21.0,168.0,2.625,0.357,0.911,1.67,60.0,153.0,36.0,1.0
8.0,71.0,568.0,8.875,0.312,0.866,1.86,177.0,492.0,95.0,1.0
24.0,309.0,7416.0,12.875,0.921,0.984,17.51,6828.0,7295.0,390.0,1.0
11.0,183.0,2013.0,16.636,0.465,0.841,4.53,937.0,1693.0,207.0,1.0
8.0,46.0,368.0,5.75,0.315,0.938,1.78,116.0,345.0,65.0,1.0
9.0,7.0,63.0,0.778,0.286,0.778,2.0,18.0,49.0,9.0,1.0
8.0,90.0,720.0,11.25,0.207,0.738,1.54,149.0,531.0,97.0,1.0
10.0,28.0,280.0,2.8,0.375,0.657,2.33,105.0,184.0,45.0,1.0
11.0,137.0,1507.0,12.455,0.317,0.652,2.7,478.0,982.0,177.0,1.0
8.0,12.0,96.0,1.5,0.417,0.802,2.11,40.0,77.0,19.0,1.0
9.0,295.0,2655.0,32.778,0.2,0.559,1.5,531.0,1483.0,354.0,1.0
10.0,39.0,390.0,3.9,0.31,0.779,1.95,121.0,304.0,62.0,1.0
5.0,7.0,35.0,1.4,0.429,0.857,5.0,15.0,30.0,3.0,1.0
8.0,36.0,288.0,4.5,0.458,0.875,2.03,132.0,252.0,65.0,1.0
8.0,39.0,312.0,4.875,0.423,0.955,1.83,132.0,298.0,72.0,1.0
10.0,262.0,2620.0,26.2,0.288,0.742,1.79,754.0,1945.0,421.0,1.0
8.0,67.0,536.0,8.375,0.381,0.746,2.49,204.0,400.0,82.0,1.0
12.0,26.0,312.0,2.167,0.221,1.0,1.6,69.0,312.0,43.0,1.0
6.0,89.0,534.0,14.833,0.303,0.79,1.82,162.0,422.0,89.0,1.0
9.0,32.0,288.0,3.556,0.413,0.993,1.72,119.0,286.0,69.0,1.0
7.0,11.0,77.0,1.571,0.364,0.922,1.75,28.0,71.0,16.0,1.0
10.0,59.0,590.0,5.9,0.251,0.763,1.7,148.0,450.0,87.0,1.0
6.0,39.0,234.0,6.5,0.393,0.927,1.77,92.0,217.0,52.0,1.0
11.0,275.0,3025.0,25.0,0.287,0.637,2.83,868.0,1928.0,307.0,1.0
7.0,13.0,91.0,1.857,0.33,0.923,1.76,30.0,84.0,17.0,1.0
8.0,16.0,128.0,2.0,0.383,0.867,1.96,49.0,111.0,25.0,1.0
10.0,20.0,200.0,2.0,0.385,0.87,2.14,77.0,174.0,36.0,1.0
9.0,9.0,81.0,1.0,0.383,0.802,2.38,31.0,65.0,13.0,1.0
11.0,71.0,781.0,6.455,0.37,0.726,2.41,289.0,567.0,120.0,1.0
1.0,109.0,109.0,109.0,0.183,1.0,1.05,20.0,109.0,19.0,1.0
6.0,13.0,78.0,2.167,0.256,0.974,1.54,20.0,76.0,13.0,1.0
10.0,28.0,280.0,2.8,0.311,0.957,1.78,87.0,268.0,49.0,1.0
10.0,271.0,2710.0,27.1,0.267,0.698,1.96,724.0,1892.0,369.0,1.0
7.0,43.0,301.0,6.143,0.219,0.983,1.27,66.0,296.0,52.0,1.0
9.0,55.0,495.0,6.111,0.251,0.808,1.43,124.0,400.0,87.0,1.0
7.0,14.0,98.0,2.0,0.388,0.847,1.65,38.0,83.0,23.0,1.0
9.0,37.0,333.0,4.111,0.396,0.85,2.03,132.0,283.0,65.0,1.0
6.0,24.0,144.0,4.0,0.292,0.764,1.56,42.0,110.0,27.0,1.0
7.0,8.0,56.0,1.143,0.161,0.518,1.8,9.0,29.0,5.0,1.0
7.0,13.0,91.0,1.857,0.67,0.89,7.63,61.0,81.0,8.0,1.0
7.0,135.0,945.0,19.286,0.156,0.753,1.23,147.0,712.0,120.0,1.0
9.0,65.0,585.0,7.222,0.265,0.73,1.67,155.0,427.0,93.0,1.0
9.0,171.0,1539.0,19.0,0.4,0.778,2.87,615.0,1198.0,214.0,1.0
7.0,143.0,1001.0,20.429,0.105,0.526,1.28,105.0,527.0,82.0,1.0
3.0,14.0,42.0,4.667,0.381,0.881,3.2,16.0,37.0,5.0,1.0
9.0,82.0,738.0,9.111,0.343,0.913,2.02,253.0,674.0,125.0,1.0
10.0,8.0,80.0,0.8,0.6,1.0,6.0,48.0,80.0,8.0,1.0
10.0,11.0,110.0,1.1,0.473,1.0,2.48,52.0,110.0,21.0,1.0
5.0,6.0,30.0,1.2,0.433,1.0,1.63,13.0,30.0,8.0,1.0
10.0,173.0,1730.0,17.3,0.09,0.375,1.52,155.0,649.0,102.0,1.0
7.0,46.0,322.0,6.571,0.304,0.963,2.58,98.0,310.0,38.0,1.0
12.0,10.0,120.0,0.833,0.675,0.783,11.57,81.0,94.0,7.0,1.0
7.0,33.0,231.0,4.714,0.346,0.879,1.36,80.0,203.0,59.0,1.0
10.0,14.0,140.0,1.4,0.314,0.9,1.91,44.0,126.0,23.0,1.0
6.0,16.0,96.0,2.667,0.49,0.938,2.14,47.0,90.0,22.0,1.0
11.0,175.0,1925.0,15.909,0.21,0.469,1.98,405.0,902.0,205.0,1.0
14.0,12.0,168.0,0.857,0.429,0.732,6.55,72.0,123.0,11.0,1.0
8.0,162.0,1296.0,20.25,0.204,0.412,3.12,265.0,534.0,85.0,1.0
9.0,69.0,621.0,7.667,0.343,0.876,1.75,213.0,544.0,122.0,1.0
9.0,534.0,4806.0,59.333,0.169,0.667,1.34,811.0,3208.0,607.0,1.0
8.0,63.0,504.0,7.875,0.321,0.954,1.82,162.0,481.0,89.0,1.0
16.0,424.0,6784.0,26.5,0.371,0.719,5.16,2518.0,4879.0,488.0,1.0
7.0,16.0,112.0,2.286,0.25,1.0,1.56,28.0,112.0,18.0,1.0
3.0,3.0,9.0,1.0,0.889,0.889,8.0,8.0,8.0,1.0,1.0
5.0,2.0,10.0,0.4,0.7,0.7,7.0,7.0,7.0,1.0,1.0
4.0,9.0,36.0,2.25,0.417,1.0,1.67,15.0,36.0,9.0,1.0
11.0,90.0,990.0,8.182,0.385,0.882,2.41,381.0,873.0,158.0,1.0
11.0,8.0,88.0,0.727,0.727,0.989,10.67,64.0,87.0,6.0,1.0
7.0,8.0,56.0,1.143,0.393,1.0,1.69,22.0,56.0,13.0,1.0
14.0,217.0,3038.0,15.5,0.268,0.632,2.12,813.0,1919.0,383.0,1.0
10.0,33.0,330.0,3.3,0.391,0.982,2.05,129.0,324.0,63.0,1.0
5.0,15.0,75.0,3.0,0.4,0.947,1.67,30.0,71.0,18.0,1.0
9.0,60.0,540.0,6.667,0.413,0.822,2.75,223.0,444.0,81.0,1.0
7.0,41.0,287.0,5.857,0.328,0.774,1.42,94.0,222.0,66.0,1.0
6.0,7.0,42.0,1.167,0.262,0.929,1.38,11.0,39.0,8.0,1.0
8.0,12.0,96.0,1.5,0.427,0.875,2.56,41.0,84.0,16.0,1.0
10.0,34.0,340.0,3.4,0.297,0.885,1.71,101.0,301.0,59.0,1.0
9.0,41.0,369.0,4.556,0.507,0.992,3.28,187.0,366.0,57.0,1.0
7.0,4.0,28.0,0.571,0.536,1.0,5.0,15.0,28.0,3.0,1.0
5.0,8.0,40.0,1.6,0.55,1.0,2.44,22.0,40.0,9.0,1.0
8.0,7.0,56.0,0.875,0.268,0.786,1.67,15.0,44.0,9.0,1.0
6.0,58.0,348.0,9.667,0.276,0.744,1.17,96.0,259.0,82.0,1.0
7.0,16.0,112.0,2.286,0.42,0.768,2.14,47.0,86.0,22.0,1.0
6.0,19.0,114.0,3.167,0.184,0.781,1.24,21.0,89.0,17.0,1.0
11.0,245.0,2695.0,22.273,0.252,0.829,1.86,678.0,2235.0,365.0,1.0
17.0,24.0,408.0,1.412,0.4,0.838,4.79,163.0,342.0,34.0,1.0
10.0,19.0,190.0,1.9,0.605,0.816,8.85,115.0,155.0,13.0,1.0
8.0,261.0,2088.0,32.625,0.218,0.773,1.34,455.0,1615.0,340.0,1.0
11.0,57.0,627.0,5.182,0.271,0.577,1.87,170.0,362.0,91.0,1.0
9.0,13.0,117.0,1.444,0.368,1.0,2.69,43.0,117.0,16.0,1.0
8.0,7.0,56.0,0.875,0.411,1.0,2.09,23.0,56.0,11.0,1.0
8.0,23.0,184.0,2.875,0.31,0.88,1.84,57.0,162.0,31.0,1.0
7.0,168.0,1176.0,24.0,0.081,0.369,1.14,95.0,434.0,83.0,1.0
6.0,13.0,78.0,2.167,0.295,0.897,1.64,23.0,70.0,14.0,1.0
3.0,3.0,9.0,1.0,0.778,0.778,7.0,7.0,7.0,1.0,1.0
9.0,321.0,2889.0,35.667,0.154,0.553,1.32,446.0,1597.0,339.0,1.0
11.0,511.0,5621.0,46.455,0.17,0.538,1.42,956.0,3023.0,671.0,1.0
6.0,4.0,24.0,0.667,0.667,1.0,8.0,16.0,24.0,2.0,1.0
8.0,12.0,96.0,1.5,0.469,1.0,1.61,45.0,96.0,28.0,1.0
7.0,211.0,1477.0,30.143,0.257,0.653,1.7,380.0,965.0,223.0,1.0
12.0,90.0,1080.0,7.5,0.183,0.716,1.92,198.0,773.0,103.0,1.0
8.0,60.0,480.0,7.5,0.433,0.842,3.01,208.0,404.0,69.0,1.0
8.0,18.0,144.0,2.25,0.424,0.889,2.03,61.0,128.0,30.0,1.0
8.0,46.0,368.0,5.75,0.285,0.791,1.42,105.0,291.0,74.0,1.0
9.0,56.0,504.0,6.222,0.327,0.688,1.94,165.0,347.0,85.0,1.0
9.0,9.0,81.0,1.0,0.358,0.914,1.81,29.0,74.0,16.0,1.0
7.0,91.0,637.0,13.0,0.179,0.816,1.24,114.0,520.0,92.0,1.0
9.0,510.0,4590.0,56.667,0.149,0.541,1.22,686.0,2484.0,561.0,1.0
10.0,64.0,640.0,6.4,0.477,0.914,2.8,305.0,585.0,109.0,1.0
8.0,24.0,192.0,3.0,0.323,0.688,2.21,62.0,132.0,28.0,1.0
9.0,168.0,1512.0,18.667,0.315,0.697,2.15,476.0,1054.0,221.0,1.0
7.0,19.0,133.0,2.714,0.286,0.632,1.65,38.0,84.0,23.0,1.0
8.0,82.0,656.0,10.25,0.412,0.803,2.78,270.0,527.0,97.0,1.0
9.0,16.0,144.0,1.778,0.16,0.5,1.92,23.0,72.0,12.0,1.0
4.0,7.0,28.0,1.75,0.286,0.571,8.0,8.0,16.0,1.0,1.0
9.0,45.0,405.0,5.0,0.306,0.6,1.68,124.0,243.0,74.0,1.0
7.0,27.0,189.0,3.857,0.238,0.741,2.81,45.0,140.0,16.0,1.0
4.0,16.0,64.0,4.0,0.391,0.938,1.67,25.0,60.0,15.0,1.0
9.0,22.0,198.0,2.444,0.288,0.818,2.48,57.0,162.0,23.0,1.0
7.0,12.0,84.0,1.714,0.226,0.607,2.38,19.0,51.0,8.0,1.0
9.0,43.0,387.0,4.778,0.388,0.886,2.73,150.0,343.0,55.0,1.0
9.0,41.0,369.0,4.556,0.263,0.743,1.41,97.0,274.0,69.0,1.0
11.0,86.0,946.0,7.818,0.413,0.853,3.1,391.0,807.0,126.0,1.0
10.0,41.0,410.0,4.1,0.339,0.832,2.01,139.0,341.0,69.0,1.0
7.0,32.0,224.0,4.571,0.339,0.786,1.46,76.0,176.0,52.0,1.0
6.0,29.0,174.0,4.833,0.305,0.966,1.26,53.0,168.0,42.0,1.0
8.0,12.0,96.0,1.5,0.448,0.896,2.05,43.0,86.0,21.0,1.0
7.0,46.0,322.0,6.571,0.354,1.0,1.46,114.0,322.0,78.0,1.0
5.0,9.0,45.0,1.8,0.533,0.911,2.0,24.0,41.0,12.0,1.0
18.0,24.0,432.0,1.333,0.454,0.75,5.76,196.0,324.0,34.0,1.0
38.0,410.0,15580.0,10.789,0.279,0.696,2.39,4341.0,10849.0,1815.0,1.0
6.0,13.0,78.0,2.167,0.308,1.0,1.41,24.0,78.0,17.0,1.0
8.0,83.0,664.0,10.375,0.393,0.7,2.42,261.0,465.0,108.0,1.0
8.0,62.0,496.0,7.75,0.308,0.948,1.91,153.0,470.0,80.0,1.0
7.0,96.0,672.0,13.714,0.314,0.988,1.77,211.0,664.0,119.0,1.0
10.0,33.0,330.0,3.3,0.345,0.779,1.9,114.0,257.0,60.0,1.0
1.0,12.0,12.0,12.0,0.583,1.0,3.5,7.0,12.0,2.0,1.0
4.0,18.0,72.0,4.5,0.181,0.778,6.5,13.0,56.0,2.0,1.0
8.0,155.0,1240.0,19.375,0.366,0.964,1.64,454.0,1195.0,276.0,1.0
6.0,12.0,72.0,2.0,0.375,0.944,1.5,27.0,68.0,18.0,1.0
10.0,171.0,1710.0,17.1,0.126,0.452,1.78,215.0,773.0,121.0,1.0
12.0,72.0,864.0,6.0,0.228,0.78,1.79,197.0,674.0,110.0,1.0
8.0,35.0,280.0,4.375,0.418,0.929,2.39,117.0,260.0,49.0,1.0
10.0,94.0,940.0,9.4,0.286,1.0,1.78,269.0,940.0,151.0,1.0
9.0,35.0,315.0,3.889,0.263,0.667,2.86,83.0,210.0,29.0,1.0
11.0,25.0,275.0,2.273,0.327,0.84,1.96,90.0,231.0,46.0,1.0
9.0,24.0,216.0,2.667,0.537,1.0,2.9,116.0,216.0,40.0,1.0
8.0,21.0,168.0,2.625,0.417,0.958,1.94,70.0,161.0,36.0,1.0
9.0,231.0,2079.0,25.667,0.196,0.637,1.49,407.0,1324.0,274.0,1.0
10.0,17.0,170.0,1.7,0.535,0.853,7.58,91.0,145.0,12.0,1.0
8.0,123.0,984.0,15.375,0.255,0.827,1.71,251.0,814.0,147.0,1.0
6.0,13.0,78.0,2.167,0.333,0.91,1.37,26.0,71.0,19.0,1.0
8.0,12.0,96.0,1.5,0.396,0.99,1.9,38.0,95.0,20.0,1.0
9.0,123.0,1107.0,13.667,0.346,0.74,2.21,383.0,819.0,173.0,1.0
11.0,36.0,396.0,3.273,0.283,0.79,2.07,112.0,313.0,54.0,1.0
8.0,69.0,552.0,8.625,0.216,0.643,1.43,119.0,355.0,83.0,1.0
10.0,279.0,2790.0,27.9,0.377,0.687,2.7,1052.0,1916.0,389.0,1.0
7.0,13.0,91.0,1.857,0.374,0.901,1.7,34.0,82.0,20.0,1.0
8.0,21.0,168.0,2.625,0.208,0.762,2.92,35.0,128.0,12.0,1.0
11.0,301.0,3311.0,27.364,0.308,0.735,2.22,1019.0,2435.0,458.0,1.0
9.0,42.0,378.0,4.667,0.378,0.841,2.65,143.0,318.0,54.0,1.0
5.0,69.0,345.0,13.8,0.249,0.632,1.51,86.0,218.0,57.0,1.0
8.0,29.0,232.0,3.625,0.207,0.651,1.6,48.0,151.0,30.0,1.0
10.0,271.0,2710.0,27.1,0.199,0.717,1.42,540.0,1942.0,381.0,1.0
8.0,299.0,2392.0,37.375,0.186,0.687,1.32,446.0,1643.0,338.0,1.0
11.0,271.0,2981.0,24.636,0.168,0.598,1.35,502.0,1784.0,371.0,1.0
7.0,26.0,182.0,3.714,0.269,0.929,1.23,49.0,169.0,40.0,1.0
7.0,8.0,56.0,1.143,0.375,0.964,1.62,21.0,54.0,13.0,1.0
20.0,16.0,320.0,0.8,0.5,0.572,26.67,160.0,183.0,6.0,1.0
10.0,151.0,1510.0,15.1,0.381,0.785,3.48,575.0,1186.0,165.0,1.0
8.0,8.0,64.0,1.0,0.391,0.781,2.78,25.0,50.0,9.0,1.0
10.0,19.0,190.0,1.9,0.311,1.0,1.69,59.0,190.0,35.0,1.0
9.0,98.0,882.0,10.889,0.302,0.712,2.03,266.0,628.0,131.0,1.0
8.0,32.0,256.0,4.0,0.336,0.789,2.46,86.0,202.0,35.0,1.0
5.0,8.0,40.0,1.6,0.425,1.0,1.89,17.0,40.0,9.0,1.0
9.0,107.0,963.0,11.889,0.209,0.778,1.38,201.0,749.0,146.0,1.0
10.0,11.0,110.0,1.1,0.409,0.955,2.5,45.0,105.0,18.0,1.0
9.0,185.0,1665.0,20.556,0.417,0.786,3.13,694.0,1309.0,222.0,1.0
7.0,14.0,98.0,2.0,0.357,0.969,1.52,35.0,95.0,23.0,1.0
5.0,33.0,165.0,6.6,0.376,0.903,1.44,62.0,149.0,43.0,1.0
10.0,66.0,660.0,6.6,0.273,0.661,1.94,180.0,436.0,93.0,1.0
8.0,150.0,1200.0,18.75,0.205,0.628,1.32,246.0,753.0,187.0,1.0
8.0,43.0,344.0,5.375,0.343,0.977,1.71,118.0,336.0,69.0,1.0
3.0,4.0,12.0,1.333,0.667,0.667,8.0,8.0,8.0,1.0,1.0
6.0,96.0,576.0,16.0,0.259,0.74,1.69,149.0,426.0,88.0,1.0
14.0,192.0,2688.0,13.714,0.234,0.589,2.28,628.0,1584.0,275.0,1.0
16.0,337.0,5392.0,21.063,0.363,0.598,5.19,1956.0,3225.0,377.0,1.0
7.0,181.0,1267.0,25.857,0.316,0.758,1.65,400.0,961.0,242.0,1.0
5.0,14.0,70.0,2.8,0.557,0.871,2.79,39.0,61.0,14.0,1.0
10.0,22.0,220.0,2.2,0.277,0.595,1.74,61.0,131.0,35.0,1.0
9.0,57.0,513.0,6.333,0.285,0.91,1.39,146.0,467.0,105.0,1.0
9.0,511.0,4599.0,56.778,0.225,0.798,1.38,1035.0,3670.0,751.0,1.0
5.0,58.0,290.0,11.6,0.2,0.745,1.41,58.0,216.0,41.0,1.0
10.0,303.0,3030.0,30.3,0.179,0.669,1.32,543.0,2028.0,410.0,1.0
9.0,109.0,981.0,12.111,0.243,0.848,1.58,238.0,832.0,151.0,1.0
8.0,24.0,192.0,3.0,0.385,0.969,1.8,74.0,186.0,41.0,1.0
9.0,26.0,234.0,2.889,0.175,0.517,1.37,41.0,121.0,30.0,1.0
11.0,94.0,1034.0,8.545,0.28,0.675,2.03,290.0,698.0,143.0,1.0
9.0,62.0,558.0,6.889,0.403,0.665,3.26,225.0,371.0,69.0,1.0
10.0,474.0,4740.0,47.4,0.187,0.578,1.51,886.0,2740.0,585.0,1.0
7.0,42.0,294.0,6.0,0.333,0.844,1.46,98.0,248.0,67.0,1.0
7.0,141.0,987.0,20.143,0.163,0.787,1.16,161.0,777.0,139.0,1.0
6.0,33.0,198.0,5.5,0.247,0.813,1.2,49.0,161.0,41.0,1.0
9.0,40.0,360.0,4.444,0.506,0.964,3.08,182.0,347.0,59.0,1.0
6.0,96.0,576.0,16.0,0.351,0.755,2.43,202.0,435.0,83.0,1.0
10.0,18.0,180.0,1.8,0.583,0.894,7.5,105.0,161.0,14.0,1.0
6.0,21.0,126.0,3.5,0.238,0.738,1.58,30.0,93.0,19.0,1.0
10.0,61.0,610.0,6.1,0.333,0.954,1.85,203.0,582.0,110.0,1.0
6.0,6.0,36.0,1.0,0.361,0.778,1.63,13.0,28.0,8.0,1.0
9.0,268.0,2412.0,29.778,0.183,0.686,1.29,441.0,1654.0,341.0,1.0
6.0,38.0,228.0,6.333,0.377,0.833,1.51,86.0,190.0,57.0,1.0
6.0,11.0,66.0,1.833,0.333,0.97,1.57,22.0,64.0,14.0,1.0
33.0,160.0,5280.0,4.848,0.219,0.389,6.34,1154.0,2054.0,182.0,1.0
5.0,12.0,60.0,2.4,0.483,1.0,1.38,29.0,60.0,21.0,1.0
11.0,147.0,1617.0,13.364,0.32,0.607,2.2,518.0,982.0,235.0,1.0
7.0,20.0,140.0,2.857,0.436,0.736,2.35,61.0,103.0,26.0,1.0
8.0,50.0,400.0,6.25,0.253,0.8,2.3,101.0,320.0,44.0,1.0
7.0,33.0,231.0,4.714,0.264,0.844,1.2,61.0,195.0,51.0,1.0
4.0,10.0,40.0,2.5,0.6,0.8,4.0,24.0,32.0,6.0,1.0
8.0,49.0,392.0,6.125,0.441,0.997,1.9,173.0,391.0,91.0,1.0
8.0,110.0,880.0,13.75,0.23,0.872,1.66,202.0,767.0,122.0,1.0
10.0,121.0,1210.0,12.1,0.268,0.664,2.47,324.0,804.0,131.0,1.0
9.0,9.0,81.0,1.0,0.63,0.802,5.1,51.0,65.0,10.0,1.0
10.0,4.0,40.0,0.4,0.375,0.4,15.0,15.0,16.0,1.0,1.0
9.0,171.0,1539.0,19.0,0.121,0.574,1.35,186.0,884.0,138.0,1.0
10.0,31.0,310.0,3.1,0.316,0.752,1.66,98.0,233.0,59.0,1.0
10.0,20.0,200.0,2.0,0.54,0.78,9.0,108.0,156.0,12.0,1.0
14.0,234.0,3276.0,16.714,0.383,0.634,4.2,1256.0,2077.0,299.0,1.0
5.0,94.0,470.0,18.8,0.234,0.845,1.39,110.0,397.0,79.0,1.0
10.0,62.0,620.0,6.2,0.265,0.656,2.19,164.0,407.0,75.0,1.0
10.0,145.0,1450.0,14.5,0.268,0.747,1.83,389.0,1083.0,213.0,1.0
8.0,231.0,1848.0,28.875,0.228,0.569,1.64,421.0,1052.0,257.0,1.0
2.0,31.0,62.0,15.5,0.194,0.516,2.0,12.0,32.0,6.0,1.0
8.0,17.0,136.0,2.125,0.309,0.676,2.33,42.0,92.0,18.0,1.0
11.0,246.0,2706.0,22.364,0.349,0.765,2.85,944.0,2071.0,331.0,1.0
9.0,510.0,4590.0,56.667,0.149,0.592,1.28,684.0,2717.0,533.0,1.0
7.0,74.0,518.0,10.571,0.16,0.83,1.12,83.0,430.0,74.0,1.0
9.0,53.0,477.0,5.889,0.218,0.591,1.24,104.0,282.0,84.0,1.0
6.0,10.0,60.0,1.667,0.433,0.867,1.86,26.0,52.0,14.0,1.0
8.0,21.0,168.0,2.625,0.28,0.923,1.38,47.0,155.0,34.0,1.0
10.0,262.0,2620.0,26.2,0.273,0.703,1.83,716.0,1841.0,391.0,1.0
7.0,87.0,609.0,12.429,0.232,0.589,1.27,141.0,359.0,111.0,1.0
8.0,7.0,56.0,0.875,0.518,1.0,2.64,29.0,56.0,11.0,1.0
7.0,23.0,161.0,3.286,0.298,0.876,1.45,48.0,141.0,33.0,1.0
8.0,9.0,72.0,1.125,0.375,0.681,1.69,27.0,49.0,16.0,1.0
8.0,112.0,896.0,14.0,0.17,0.786,1.27,152.0,704.0,120.0,1.0
7.0,26.0,182.0,3.714,0.346,0.725,1.5,63.0,132.0,42.0,1.0
9.0,184.0,1656.0,20.444,0.214,0.798,1.46,354.0,1322.0,242.0,1.0
8.0,242.0,1936.0,30.25,0.232,0.611,1.72,450.0,1183.0,262.0,1.0
4.0,12.0,48.0,3.0,0.146,1.0,1.0,7.0,48.0,7.0,1.0
7.0,41.0,287.0,5.857,0.213,0.861,1.33,61.0,247.0,46.0,1.0
5.0,99.0,495.0,19.8,0.303,0.739,1.92,150.0,366.0,78.0,1.0
13.0,375.0,4875.0,28.846,0.154,0.519,1.44,751.0,2531.0,521.0,1.0
12.0,118.0,1416.0,9.833,0.253,0.767,1.95,358.0,1086.0,184.0,1.0
9.0,21.0,189.0,2.333,0.487,0.857,3.29,92.0,162.0,28.0,1.0
8.0,53.0,424.0,6.625,0.37,0.901,1.76,157.0,382.0,89.0,1.0
9.0,181.0,1629.0,20.111,0.35,0.773,2.64,570.0,1260.0,216.0,1.0
8.0,22.0,176.0,2.75,0.438,0.79,2.41,77.0,139.0,32.0,1.0
8.0,7.0,56.0,0.875,0.375,1.0,2.63,21.0,56.0,8.0,1.0
9.0,151.0,1359.0,16.778,0.184,0.5,1.4,250.0,679.0,178.0,1.0
11.0,21.0,231.0,1.909,0.411,0.68,3.96,95.0,157.0,24.0,1.0
8.0,38.0,304.0,4.75,0.461,0.803,2.3,140.0,244.0,61.0,1.0
5.0,31.0,155.0,6.2,0.355,0.974,1.49,55.0,151.0,37.0,1.0
11.0,134.0,1474.0,12.182,0.286,0.777,2.36,422.0,1145.0,179.0,1.0
8.0,8.0,64.0,1.0,0.234,0.328,5.0,15.0,21.0,3.0,1.0
8.0,53.0,424.0,6.625,0.358,0.981,1.54,152.0,416.0,99.0,1.0
9.0,122.0,1098.0,13.556,0.333,0.829,2.54,366.0,910.0,144.0,1.0
7.0,72.0,504.0,10.286,0.236,0.651,1.7,119.0,328.0,70.0,1.0
25.0,187.0,4675.0,7.48,0.486,0.939,7.42,2272.0,4390.0,306.0,1.0
8.0,22.0,176.0,2.75,0.375,0.909,1.78,66.0,160.0,37.0,1.0
10.0,39.0,390.0,3.9,0.295,0.908,2.09,115.0,354.0,55.0,1.0
5.0,14.0,70.0,2.8,0.586,0.943,2.28,41.0,66.0,18.0,1.0
10.0,9.0,90.0,0.9,0.333,0.878,2.5,30.0,79.0,12.0,1.0
9.0,107.0,963.0,11.889,0.371,0.65,2.59,357.0,626.0,138.0,1.0
8.0,16.0,128.0,2.0,0.328,0.961,1.91,42.0,123.0,22.0,1.0
7.0,11.0,77.0,1.571,0.299,1.0,1.77,23.0,77.0,13.0,1.0
10.0,107.0,1070.0,10.7,0.273,0.738,1.81,292.0,790.0,161.0,1.0
7.0,34.0,238.0,4.857,0.265,0.748,1.4,63.0,178.0,45.0,1.0
1.0,263.0,263.0,263.0,0.152,1.0,1.03,40.0,263.0,39.0,1.0
9.0,98.0,882.0,10.889,0.285,0.645,2.06,251.0,569.0,122.0,1.0
6.0,27.0,162.0,4.5,0.136,0.673,2.0,22.0,109.0,11.0,1.0
9.0,23.0,207.0,2.556,0.304,1.0,1.62,63.0,207.0,39.0,1.0
12.0,72.0,864.0,6.0,0.63,0.885,6.11,544.0,765.0,89.0,1.0
8.0,15.0,120.0,1.875,0.283,0.65,2.27,34.0,78.0,15.0,1.0
8.0,42.0,336.0,5.25,0.423,0.979,2.37,142.0,329.0,60.0,1.0
8.0,19.0,152.0,2.375,0.421,0.974,1.83,64.0,148.0,35.0,1.0
7.0,41.0,287.0,5.857,0.254,0.697,1.43,73.0,200.0,51.0,1.0
11.0,35.0,385.0,3.182,0.335,0.584,4.78,129.0,225.0,27.0,1.0
7.0,14.0,98.0,2.0,0.337,0.786,1.38,33.0,77.0,24.0,1.0
10.0,83.0,830.0,8.3,0.266,0.827,2.1,221.0,686.0,105.0,1.0
9.0,33.0,297.0,3.667,0.36,0.818,2.02,107.0,243.0,53.0,1.0
6.0,20.0,120.0,3.333,0.258,0.975,1.29,31.0,117.0,24.0,1.0
25.0,84.0,2100.0,3.36,0.443,0.82,8.45,930.0,1722.0,110.0,1.0
7.0,30.0,210.0,4.286,0.329,1.0,1.38,69.0,210.0,50.0,1.0
10.0,22.0,220.0,2.2,0.336,0.836,2.74,74.0,184.0,27.0,1.0
20.0,30.0,600.0,1.5,0.433,0.597,13.68,260.0,358.0,19.0,1.0
7.0,6.0,42.0,0.857,0.381,1.0,2.29,16.0,42.0,7.0,1.0
9.0,37.0,333.0,4.111,0.538,0.901,2.8,179.0,300.0,64.0,1.0
8.0,5.0,40.0,0.625,0.525,1.0,3.0,21.0,40.0,7.0,1.0
23.0,87.0,2001.0,3.783,0.286,0.671,2.36,572.0,1342.0,242.0,1.0
8.0,241.0,1928.0,30.125,0.119,0.498,1.26,230.0,960.0,182.0,1.0
7.0,38.0,266.0,5.429,0.41,0.91,1.82,109.0,242.0,60.0,1.0
23.0,92.0,2116.0,4.0,0.145,0.532,1.44,306.0,1126.0,212.0,1.0
8.0,7.0,56.0,0.875,0.357,0.964,1.82,20.0,54.0,11.0,1.0
7.0,86.0,602.0,12.286,0.294,0.701,1.69,177.0,422.0,105.0,1.0
8.0,93.0,744.0,11.625,0.261,0.937,1.55,194.0,697.0,125.0,1.0
8.0,20.0,160.0,2.5,0.375,0.725,1.88,60.0,116.0,32.0,1.0
7.0,147.0,1029.0,21.0,0.215,0.956,1.28,221.0,984.0,173.0,1.0
7.0,38.0,266.0,5.429,0.226,0.639,1.4,60.0,170.0,43.0,1.0
8.0,190.0,1520.0,23.75,0.326,0.63,2.22,495.0,957.0,223.0,1.0
6.0,37.0,222.0,6.167,0.306,0.811,1.42,68.0,180.0,48.0,1.0
7.0,3.0,21.0,0.429,0.571,1.0,3.0,12.0,21.0,4.0,1.0
15.0,268.0,4020.0,17.867,0.413,0.731,5.1,1661.0,2940.0,326.0,1.0
24.0,64.0,1536.0,2.667,0.227,0.57,3.38,348.0,875.0,103.0,1.0
9.0,8.0,72.0,0.889,0.583,0.972,21.0,42.0,70.0,2.0,1.0
13.0,291.0,3783.0,22.385,0.285,0.627,2.68,1080.0,2371.0,403.0,1.0
8.0,19.0,152.0,2.375,0.368,0.704,2.33,56.0,107.0,24.0,1.0
6.0,17.0,102.0,2.833,0.245,0.804,1.39,25.0,82.0,18.0,1.0
8.0,10.0,80.0,1.25,0.425,0.913,2.0,34.0,73.0,17.0,1.0
7.0,63.0,441.0,9.0,0.317,0.991,1.71,140.0,437.0,82.0,1.0
8.0,69.0,552.0,8.625,0.279,0.687,1.5,154.0,379.0,103.0,1.0
5.0,25.0,125.0,5.0,0.4,0.928,1.52,50.0,116.0,33.0,1.0
8.0,45.0,360.0,5.625,0.156,0.725,1.87,56.0,261.0,30.0,1.0
8.0,46.0,368.0,5.75,0.318,0.818,2.09,117.0,301.0,56.0,1.0
10.0,154.0,1540.0,15.4,0.342,0.664,2.55,527.0,1022.0,207.0,1.0
10.0,36.0,360.0,3.6,0.367,0.789,2.28,132.0,284.0,58.0,1.0
8.0,208.0,1664.0,26.0,0.194,0.491,1.65,323.0,817.0,196.0,1.0
9.0,181.0,1629.0,20.111,0.375,0.738,2.9,611.0,1202.0,211.0,1.0
7.0,151.0,1057.0,21.571,0.077,0.434,1.33,81.0,459.0,61.0,1.0
13.0,414.0,5382.0,31.846,0.357,0.653,3.08,1919.0,3514.0,623.0,1.0
10.0,36.0,360.0,3.6,0.356,0.672,2.33,128.0,242.0,55.0,1.0
14.0,201.0,2814.0,14.357,0.373,0.641,4.84,1050.0,1804.0,217.0,1.0
6.0,17.0,102.0,2.833,0.275,0.824,1.33,28.0,84.0,21.0,1.0
6.0,29.0,174.0,4.833,0.339,0.874,1.51,59.0,152.0,39.0,1.0
25.0,491.0,12275.0,19.64,0.454,0.937,7.21,5572.0,11502.0,773.0,1.0
6.0,2.0,12.0,0.333,0.583,1.0,7.0,7.0,12.0,1.0,1.0
6.0,15.0,90.0,2.5,0.244,0.733,2.2,22.0,66.0,10.0,1.0
10.0,41.0,410.0,4.1,0.463,0.968,2.79,190.0,397.0,68.0,1.0
5.0,34.0,170.0,6.8,0.141,0.594,1.26,24.0,101.0,19.0,1.0
8.0,26.0,208.0,3.25,0.37,0.654,2.41,77.0,136.0,32.0,1.0
13.0,311.0,4043.0,23.923,0.216,0.759,1.63,873.0,3069.0,537.0,1.0
8.0,9.0,72.0,1.125,0.431,1.0,2.38,31.0,72.0,13.0,1.0
7.0,60.0,420.0,8.571,0.286,0.886,1.5,120.0,372.0,80.0,1.0
1.0,33.0,33.0,33.0,0.364,1.0,1.09,12.0,33.0,11.0,1.0
8.0,12.0,96.0,1.5,0.51,0.844,2.58,49.0,81.0,19.0,1.0
9.0,102.0,918.0,11.333,0.386,0.895,2.77,354.0,822.0,128.0,1.0
6.0,96.0,576.0,16.0,0.309,0.925,1.73,178.0,533.0,103.0,1.0
9.0,127.0,1143.0,14.111,0.174,0.718,1.28,199.0,821.0,155.0,1.0
17.0,22.0,374.0,1.294,0.409,0.757,4.5,153.0,283.0,34.0,1.0
12.0,44.0,528.0,3.667,0.294,0.742,2.31,155.0,392.0,67.0,1.0
10.0,52.0,520.0,5.2,0.294,0.675,2.13,153.0,351.0,72.0,1.0
10.0,121.0,1210.0,12.1,0.37,0.873,2.41,448.0,1056.0,186.0,1.0
9.0,80.0,720.0,8.889,0.304,0.838,1.8,219.0,603.0,122.0,1.0
9.0,180.0,1620.0,20.0,0.374,0.759,2.86,606.0,1230.0,212.0,1.0
84.0,1.0,84.0,0.012,1.0,1.0,84.0,84.0,84.0,1.0,-1.0
1.0,45.0,45.0,45.0,0.756,1.0,5.67,34.0,45.0,6.0,-1.0
4.0,2.0,8.0,0.5,0.875,0.875,7.0,7.0,7.0,1.0,-1.0
7.0,14.0,98.0,2.0,0.102,0.204,10.0,10.0,20.0,1.0,-1.0
1.0,77.0,77.0,77.0,0.403,1.0,5.17,31.0,77.0,6.0,-1.0
2.0,50.0,100.0,25.0,0.46,0.51,15.33,46.0,51.0,3.0,-1.0
2.0,52.0,104.0,26.0,0.231,0.529,1.5,24.0,55.0,16.0,-1.0
160.0,286.0,45760.0,1.788,0.201,0.226,55.42,9199.0,10347.0,166.0,-1.0
2.0,536.0,1072.0,268.0,0.568,0.688,24.36,609.0,737.0,25.0,-1.0
1.0,11.0,11.0,11.0,1.0,1.0,11.0,11.0,11.0,1.0,-1.0
1.0,28.0,28.0,28.0,0.964,1.0,27.0,27.0,28.0,1.0,-1.0
1.0,61.0,61.0,61.0,1.0,1.0,61.0,61.0,61.0,1.0,-1.0
42.0,7.0,294.0,0.167,0.282,0.432,2.18,83.0,127.0,38.0,-1.0
1.0,57.0,57.0,57.0,0.456,1.0,3.71,26.0,57.0,7.0,-1.0
72.0,96.0,6912.0,1.333,0.488,0.582,15.69,3374.0,4025.0,215.0,-1.0
4.0,7.0,28.0,1.75,0.286,1.0,2.0,8.0,28.0,4.0,-1.0
6.0,21.0,126.0,3.5,0.198,0.444,1.67,25.0,56.0,15.0,-1.0
100.0,49.0,4900.0,0.49,0.093,0.4,1.77,458.0,1958.0,259.0,-1.0
4.0,5.0,20.0,1.25,0.35,0.8,2.33,7.0,16.0,3.0,-1.0
2.0,475.0,950.0,237.5,0.504,0.544,95.8,479.0,517.0,5.0,-1.0
3.0,470.0,1410.0,156.67,0.352,0.387,23.62,496.0,545.0,21.0,-1.0
29.0,32.0,928.0,1.103,0.432,0.689,6.27,401.0,639.0,64.0,-1.0
3.0,259.0,777.0,86.333,0.411,0.481,13.29,319.0,374.0,24.0,-1.0
1.0,17.0,17.0,17.0,0.882,1.0,7.5,15.0,17.0,2.0,-1.0
1.0,52.0,52.0,52.0,0.962,1.0,25.0,50.0,52.0,2.0,-1.0
1.0,63.0,63.0,63.0,0.587,1.0,2.31,37.0,63.0,16.0,-1.0
32.0,1.0,32.0,0.031,1.0,1.0,32.0,32.0,32.0,1.0,-1.0
117.0,1.0,117.0,0.009,1.0,1.0,117.0,117.0,117.0,1.0,-1.0
45.0,79.0,3555.0,1.756,0.087,0.195,4.81,308.0,693.0,64.0,-1.0
2.0,199.0,398.0,99.5,0.485,0.508,32.17,193.0,202.0,6.0,-1.0
1.0,186.0,186.0,186.0,0.828,1.0,9.06,154.0,186.0,17.0,-1.0
1.0,63.0,63.0,63.0,0.952,1.0,20.0,60.0,63.0,3.0,-1.0
2.0,18.0,36.0,9.0,0.667,0.694,24.0,24.0,25.0,1.0,-1.0
5.0,2.0,10.0,0.4,0.9,0.9,9.0,9.0,9.0,1.0,-1.0
1.0,161.0,161.0,161.0,0.41,1.0,1.02,66.0,161.0,65.0,-1.0
3.0,463.0,1389.0,154.33,0.296,0.382,13.7,411.0,531.0,30.0,-1.0
158.0,167.0,26386.0,1.057,0.16,0.276,8.24,4213.0,7279.0,511.0,-1.0
3.0,500.0,1500.0,166.67,0.373,0.421,19.28,559.0,632.0,29.0,-1.0
1.0,70.0,70.0,70.0,0.943,1.0,22.0,66.0,70.0,3.0,-1.0
2.0,537.0,1074.0,268.5,0.538,0.594,32.11,578.0,638.0,18.0,-1.0
63.0,79.0,4977.0,1.254,0.338,0.345,186.78,1681.0,1718.0,9.0,-1.0
1.0,17.0,17.0,17.0,0.824,1.0,4.67,14.0,17.0,3.0,-1.0
6.0,5.0,30.0,0.833,0.367,1.0,2.2,11.0,30.0,5.0,-1.0
5.0,12.0,60.0,2.4,0.133,0.267,4.0,8.0,16.0,2.0,-1.0
37.0,20.0,740.0,0.541,0.131,0.193,4.22,97.0,143.0,23.0,-1.0
6.0,17.0,102.0,2.833,0.137,0.627,2.8,14.0,64.0,5.0,-1.0
2.0,537.0,1074.0,268.5,0.621,0.747,16.68,667.0,802.0,40.0,-1.0
11.0,1.0,11.0,0.091,1.0,1.0,11.0,11.0,11.0,1.0,-1.0
163.0,161.0,26243.0,0.988,0.523,0.897,8.4,13725.0,23547.0,1634.0,-1.0
8.0,4.0,32.0,0.5,0.438,0.594,7.0,14.0,19.0,2.0,-1.0
