0.67,0.25,0.85,0.56,3.36,2.35,1.97,2.1,1.52,1.49,1.86,1.79,1.89,3.28,3.46,2.61,1.82,1.36,0.11,2.06,-0.56,1.0
1.22,1.26,2.25,2.8,3.18,5.61,4.45,3.75,3.3,1.81,2.04,0.72,0.79,0.84,0.45,1.01,0.22,0.42,-0.54,0.06,-0.33,1.0
-1.5,0.02,-0.21,1.07,2.71,3.41,1.8,1.29,0.87,0.76,1.87,1.97,1.95,3.8,1.14,2.93,1.81,1.61,1.36,1.89,0.1,1.0
1.41,1.06,-0.23,1.7,1.65,2.02,1.69,1.94,2.85,2.85,3.91,0.87,2.42,3.41,4.04,2.96,4.01,1.82,2.29,0.63,-1.47,1.0
-0.8,0.09,1.96,2.44,2.05,2.99,3.01,2.65,2.7,2.01,1.26,3.01,2.78,3.39,3.39,2.81,0.14,1.89,1.82,-0.82,-0.78,1.0
0.49,0.36,1.28,0.73,2.04,3.8,4.05,4.41,1.8,3.9,4.54,1.12,0.66,0.16,2.23,1.42,1.56,-0.49,0.84,-0.87,1.3,1.0
-0.1,-1.16,1.51,1.42,2.63,2.25,3.8,2.5,2.9,3.66,0.3,3.91,0.2,1.54,4.55,2.48,1.57,0.16,1.43,-0.57,0.21,1.0
1.01,1.44,2.43,0.3,1.89,2.4,1.4,2.69,1.44,2.93,0.83,3.71,2.32,5.09,4.92,3.39,3.02,2.76,0.33,1.57,0.96,1.0
-0.21,-0.39,0.32,2.97,1.59,2.43,2.99,1.94,1.83,2.66,2.49,3.21,3.69,2.98,4.91,2.4,2.54,4.09,1.11,1.73,0.6,1.0
-1.78,-0.4,1.38,-1.2,2.0,1.12,2.13,3.19,0.71,1.33,1.7,1.76,3.36,4.15,4.16,2.71,3.44,1.45,0.54,-0.18,1.88,1.0
-0.37,0.95,2.37,1.35,3.7,3.65,3.08,4.03,3.2,3.7,0.4,1.26,1.48,1.01,2.59,0.95,1.34,1.5,0.28,-0.24,-0.75,1.0
-0.52,-0.27,3.25,2.87,3.16,4.23,3.83,2.43,3.69,4.34,2.35,-0.05,0.14,-0.56,2.71,0.42,1.35,0.76,1.47,1.04,-0.47,1.0
-0.08,1.87,2.91,2.43,2.5,5.06,4.87,4.43,3.93,1.89,2.39,0.84,-0.5,0.72,1.78,2.29,-0.4,0.28,1.73,-0.41,-1.47,1.0
-1.35,-0.08,1.79,1.69,1.27,1.44,1.92,0.51,1.83,5.4,2.71,2.81,3.44,4.82,2.41,4.04,1.54,2.59,2.26,-0.36,-0.66,1.0
-1.6,2.46,2.05,0.76,2.46,3.33,5.72,4.85,4.93,3.81,2.94,1.1,-0.07,-2.31,1.5,-0.8,1.34,0.13,0.56,0.23,-0.81,1.0
1.39,0.91,1.58,2.5,4.35,2.71,6.25,3.9,5.45,2.91,3.31,1.19,0.14,0.49,-0.01,0.63,1.13,0.31,-0.92,1.26,0.28,1.0
0.51,1.19,-0.74,1.51,1.12,1.52,1.1,2.09,-0.44,0.97,-0.86,4.08,4.92,4.27,6.54,4.62,3.48,3.79,2.53,3.07,-0.14,1.0
0.59,-0.65,1.84,2.68,0.82,2.21,3.77,0.47,1.96,1.8,1.06,2.35,4.51,3.32,2.34,2.86,2.44,2.37,2.33,0.24,-0.82,1.0
-0.87,-0.21,-2.65,-0.31,-0.03,0.38,-0.91,-0.31,1.6,0.0,3.69,2.36,4.0,5.19,5.4,6.31,4.22,3.55,2.39,1.59,-1.81,1.0
-1.38,0.67,1.19,1.55,4.97,3.36,6.11,4.28,3.15,2.88,0.49,1.58,1.07,2.32,1.57,1.62,0.93,1.1,1.94,0.17,-2.71,1.0
-1.73,-0.14,1.15,1.67,2.61,3.34,3.94,1.82,2.12,2.34,1.88,1.38,2.22,2.91,3.43,2.67,3.42,1.22,-0.55,0.07,-0.02,1.0
0.42,1.19,-0.27,1.47,2.93,3.74,2.64,3.37,1.91,2.57,1.27,-0.02,1.99,1.53,4.39,0.23,1.1,1.73,-0.66,-0.67,-2.36,1.0
-0.02,0.56,0.97,0.59,2.04,3.9,2.34,0.8,1.91,1.96,1.9,3.13,4.22,2.74,2.5,3.09,2.1,-0.26,0.36,0.37,0.62,1.0
-1.25,-0.93,1.22,-0.22,2.19,2.75,4.05,1.7,2.65,0.35,2.27,1.11,4.55,2.95,4.39,2.64,3.42,2.28,0.67,-0.47,-2.46,1.0
2.17,1.6,0.64,2.17,1.94,3.16,3.66,2.28,0.83,1.41,1.83,2.66,1.41,2.7,3.53,3.83,0.64,-0.54,2.23,0.27,0.67,1.0
0.37,1.04,1.41,4.83,4.08,5.62,5.18,5.86,3.47,0.57,1.94,1.46,0.05,-1.27,1.73,0.62,-0.91,0.4,0.96,-0.1,-0.53,1.0
-1.11,0.12,2.38,1.25,1.2,0.84,4.49,1.28,1.64,2.23,1.69,1.88,2.92,1.19,1.14,2.79,1.9,0.28,0.26,3.05,-0.07,1.0
-1.03,1.73,-1.95,0.67,1.29,0.8,1.13,-0.09,2.07,1.51,1.37,3.64,2.87,4.56,5.16,4.31,3.58,0.98,3.06,0.75,2.99,1.0
1.27,1.37,1.04,3.01,3.2,4.15,6.8,5.18,3.83,2.58,2.6,0.79,-1.62,0.67,-0.78,-1.95,-1.2,0.29,0.06,0.59,-0.29,1.0
1.5,0.25,0.02,1.12,4.07,4.47,4.17,4.65,3.84,2.57,2.08,2.17,0.34,-0.79,0.12,0.99,-0.05,1.74,2.35,-1.15,-0.36,1.0
-1.32,-0.62,1.1,2.9,2.58,1.51,5.87,2.59,2.38,1.62,2.31,2.31,2.11,1.42,1.08,1.37,1.47,1.79,1.2,0.21,1.31,1.0
0.23,-0.38,-0.03,0.89,1.85,3.81,3.01,1.8,2.47,3.04,0.58,1.6,-0.06,0.54,0.79,-0.63,-0.77,-0.62,-0.4,1.15,0.69,1.0
1.02,2.25,2.17,2.91,3.06,2.51,3.29,4.42,4.08,1.24,2.59,1.84,1.59,2.72,1.85,1.25,0.14,1.82,0.89,-0.62,-0.48,1.0
0.39,0.69,-0.1,-0.09,0.21,0.49,3.7,1.68,2.07,1.12,0.47,1.64,1.54,3.13,4.83,3.85,2.74,-0.24,2.91,0.71,0.68,1.0
-1.16,0.91,1.25,0.89,5.16,3.41,6.03,5.79,3.37,3.23,1.48,2.55,1.53,-0.13,2.31,2.33,0.81,2.0,-0.99,1.05,0.06,1.0
-0.61,-0.26,1.49,-0.3,-0.38,2.01,1.62,1.71,2.7,3.24,1.57,1.74,3.6,2.47,4.01,2.66,-0.43,2.9,0.6,1.82,0.21,1.0
-0.52,2.73,0.79,2.65,1.31,5.21,4.52,5.03,3.56,2.57,1.46,1.37,1.8,0.29,2.87,0.65,0.92,0.8,0.3,-0.58,0.46,1.0
-0.49,-1.42,1.3,1.4,-0.07,0.35,1.96,1.85,1.47,3.37,2.27,3.01,3.13,4.72,5.43,4.52,2.4,2.03,0.43,-0.75,-0.14,1.0
-0.62,1.28,1.93,2.8,-1.07,0.93,1.1,0.19,0.8,0.43,4.07,2.22,3.47,2.94,5.89,4.37,4.11,2.99,1.67,0.92,-1.94,1.0
-1.53,-0.17,-1.18,0.7,1.74,2.7,3.57,2.06,1.93,1.58,3.19,0.06,1.74,1.69,3.65,1.87,0.99,3.36,1.35,0.94,1.61,1.0
0.28,0.4,1.87,2.81,3.5,6.03,5.37,3.98,2.57,4.74,2.53,0.75,-0.26,-0.42,-0.28,-0.46,0.64,2.19,1.05,-0.24,-0.72,1.0
-0.25,1.15,2.44,3.95,3.08,2.64,4.26,2.66,2.22,2.05,3.61,1.1,0.63,1.74,0.37,2.97,2.3,-0.64,0.32,-0.79,-0.74,1.0
-1.1,-0.82,0.5,0.97,-0.26,1.07,-0.37,0.3,-0.7,0.84,2.41,2.31,3.38,5.26,4.82,4.58,1.99,3.73,1.87,0.14,-0.09,1.0
-0.66,0.9,2.3,2.65,5.12,5.22,7.24,5.13,5.09,1.31,1.26,-1.43,0.39,1.96,1.48,1.88,2.57,0.82,-0.17,1.43,1.84,1.0
0.16,1.82,2.27,2.04,1.01,1.39,1.82,0.9,1.8,1.2,2.48,3.49,2.83,3.47,3.12,2.9,4.14,3.45,1.45,1.0,0.55,1.0
0.13,-0.1,1.05,1.89,2.97,4.03,4.39,3.6,3.02,3.02,1.89,2.12,0.7,2.46,4.28,1.52,1.25,1.0,1.73,0.97,0.06,1.0
0.91,1.48,1.87,2.43,3.49,1.3,5.35,4.42,2.01,2.43,2.37,2.52,2.27,2.71,0.81,1.52,2.17,0.07,-0.82,0.83,-1.33,1.0
0.62,-1.05,0.58,0.92,1.32,1.32,0.16,0.19,-0.27,1.52,1.46,3.25,3.77,4.86,3.82,4.06,1.23,3.87,0.93,2.4,0.36,1.0
-0.33,-1.36,0.89,0.97,3.85,2.07,3.83,3.59,0.19,1.53,2.03,1.13,1.21,1.73,2.39,2.41,2.57,1.35,-0.5,-0.77,0.47,1.0
-1.66,-0.44,-0.9,-1.15,1.11,-2.19,1.61,-1.0,-0.34,1.39,1.87,2.78,3.7,4.09,6.66,5.1,2.48,3.86,3.06,0.41,-0.39,1.0
0.19,-0.86,-1.16,1.51,1.55,2.81,2.82,2.03,2.38,0.28,1.44,1.5,2.6,2.57,4.35,2.96,4.38,0.85,2.43,0.95,0.79,1.0
-0.36,0.32,2.74,1.6,-0.29,1.46,2.63,2.47,3.74,0.94,0.98,3.59,1.67,3.43,5.21,3.85,2.12,1.46,1.06,1.76,0.62,1.0
-0.59,0.71,1.48,2.02,1.65,3.87,4.9,1.24,4.47,3.93,3.85,1.34,1.78,1.46,2.93,2.09,0.57,-0.53,1.31,0.08,0.21,1.0
0.74,0.92,1.5,0.59,2.66,3.86,3.82,3.39,2.22,2.0,2.14,2.55,1.01,1.43,3.3,3.22,1.85,1.3,0.32,0.42,-2.72,1.0
2.87,-0.03,1.65,2.15,0.04,1.78,0.53,-0.27,1.34,2.53,0.77,2.69,4.71,1.31,4.48,2.76,1.29,0.6,1.58,0.18,0.68,1.0
-1.01,0.31,2.02,2.87,1.21,1.08,3.26,1.33,1.91,1.13,0.81,0.96,2.34,1.54,3.12,3.53,3.86,0.56,0.08,-0.16,-0.1,1.0
-1.23,1.35,1.53,0.71,3.91,4.95,5.68,3.46,2.36,2.42,0.94,0.72,1.96,2.75,0.77,2.01,-0.73,0.65,0.27,0.26,0.24,1.0
-0.26,0.1,-0.06,1.38,0.83,2.57,4.74,2.71,4.3,3.38,2.92,2.3,-0.01,2.37,2.51,1.98,0.87,2.09,-0.44,-0.69,-0.5,1.0
1.41,2.04,0.27,2.26,1.87,5.86,6.44,2.73,3.57,4.92,1.3,1.06,0.35,-0.11,0.97,-1.16,0.28,0.73,1.16,0.54,-0.87,1.0
-1.78,-0.42,1.68,-0.59,-0.67,-0.15,0.01,0.0,0.95,1.92,1.72,3.09,5.31,4.99,4.89,4.2,4.63,1.73,1.25,2.0,-0.34,1.0
-0.76,0.2,2.1,-0.62,0.52,1.52,0.11,1.17,2.6,0.99,2.93,1.09,1.1,4.23,5.37,4.56,3.04,4.12,0.83,0.47,-0.11,1.0
-0.22,-0.59,1.11,3.47,1.52,0.02,3.35,0.98,2.9,1.81,2.4,2.27,1.84,1.51,4.04,2.56,2.86,1.82,0.27,0.46,0.28,1.0
-1.82,1.99,1.33,2.37,2.53,5.14,3.51,3.69,4.71,2.12,2.23,2.81,1.21,2.43,2.92,0.85,1.43,3.11,-0.25,0.62,0.23,1.0
0.18,-0.01,-0.05,0.49,2.58,1.59,2.62,1.16,2.58,3.26,1.91,1.87,2.06,0.93,2.1,3.28,0.24,0.43,1.75,0.94,-0.51,1.0
0.57,0.23,3.42,2.97,2.68,2.61,3.67,1.95,2.61,2.91,1.45,1.18,1.2,2.87,1.24,-0.05,0.52,0.51,1.03,-0.23,-0.27,1.0
-0.28,1.37,1.78,1.01,3.63,5.64,5.59,4.61,3.85,1.63,2.58,1.12,1.72,0.71,0.09,-0.2,1.45,-1.63,0.78,0.29,-1.06,1.0
-0.03,-0.68,1.87,1.81,1.12,2.42,1.44,1.18,0.64,1.01,3.12,2.5,2.08,2.91,2.86,2.54,2.51,1.2,2.7,-0.5,0.93,1.0
0.56,0.62,-1.4,0.57,2.15,0.36,0.75,0.8,-0.55,1.39,2.47,2.01,3.42,3.6,4.36,3.43,3.69,2.39,1.43,-0.27,0.5,1.0
-0.94,-0.64,0.54,1.34,1.7,-0.26,-0.64,1.24,-1.12,0.64,1.6,2.33,1.67,3.49,4.8,4.52,4.59,1.26,1.46,0.86,-0.67,1.0
-0.55,0.05,-0.53,2.04,1.13,1.85,2.5,0.69,-0.53,3.19,2.16,3.51,3.76,3.64,5.05,3.44,1.7,1.54,3.44,1.71,-0.8,1.0
0.8,-0.15,1.36,1.43,1.21,1.65,-0.61,2.42,0.89,-0.24,2.7,1.93,3.01,4.47,5.12,3.46,2.43,3.61,0.15,2.12,-1.19,1.0
0.41,-0.28,2.12,1.93,-0.21,-0.13,0.35,0.26,1.08,2.75,1.51,2.55,2.48,5.01,5.11,4.95,3.18,0.98,1.16,1.89,-1.09,1.0
0.2,0.38,-0.14,2.15,5.59,4.05,4.94,5.05,4.81,1.43,1.62,2.29,1.08,1.08,1.35,-0.6,0.05,0.4,-0.02,-2.21,0.69,1.0
1.51,1.93,1.43,3.37,3.54,5.71,5.5,5.24,5.45,3.48,0.89,0.67,1.87,1.8,1.35,1.05,0.65,-0.37,0.35,-0.54,-1.21,1.0
-1.52,1.5,1.18,1.98,3.18,5.18,4.56,4.42,4.68,4.65,0.31,1.11,1.05,0.11,0.72,1.49,1.03,0.73,-0.14,0.65,-0.12,1.0
-1.52,-0.34,-0.19,3.86,2.89,3.8,5.96,4.01,3.64,4.31,0.17,2.49,-0.4,-0.31,1.04,0.7,-0.21,0.73,-0.21,-0.84,-0.6,1.0
1.43,-0.09,0.24,0.18,2.24,0.45,-0.2,1.23,-0.41,2.4,2.37,3.2,4.27,2.82,6.34,5.05,5.24,1.74,2.93,0.17,-0.8,1.0
-1.48,0.3,1.47,-0.5,-0.03,0.74,-0.04,-0.65,-0.06,0.6,4.31,3.31,4.08,5.0,6.03,4.03,5.2,1.76,2.32,0.14,-0.81,1.0
0.56,0.2,1.43,0.57,3.63,1.17,-0.06,2.44,0.74,2.62,3.14,1.24,1.17,3.36,1.98,3.88,3.14,0.38,2.82,-0.08,-0.56,1.0
1.18,0.18,1.3,3.11,4.68,2.14,5.61,2.71,2.7,2.08,3.39,1.21,0.96,1.97,0.52,2.27,0.67,-0.99,0.3,-0.25,0.13,1.0
0.24,0.87,0.47,0.69,1.32,0.4,1.44,1.44,-0.09,2.29,2.4,4.5,2.1,1.72,3.39,2.24,3.0,2.8,2.28,2.16,-1.16,1.0
-0.09,1.57,1.46,3.24,0.43,0.8,1.41,1.04,1.15,3.11,-0.27,2.07,3.4,4.62,4.72,3.73,1.17,2.61,2.14,0.66,-0.29,1.0
-0.56,0.62,1.81,2.52,0.39,2.98,1.6,2.01,1.2,2.55,2.3,2.58,2.35,3.9,5.62,1.13,2.74,1.88,2.08,1.58,2.27,1.0
0.48,0.29,-0.37,0.7,1.93,2.89,1.27,1.45,0.0,1.31,2.08,0.72,2.96,2.04,4.07,1.92,3.93,1.65,2.33,0.97,0.32,1.0
-0.86,0.66,3.17,0.14,0.36,0.33,0.58,1.88,1.89,0.89,1.29,2.18,3.56,2.85,5.01,2.56,3.36,2.94,-0.16,0.29,1.64,1.0
-0.21,1.1,2.3,2.74,2.03,4.21,3.68,1.73,4.48,4.54,1.83,-1.04,1.45,1.95,1.74,0.2,3.14,0.62,-0.51,-0.24,-0.44,1.0
-0.4,0.41,-0.48,1.04,0.79,-0.66,1.18,0.52,2.2,0.59,0.85,4.85,3.64,3.62,5.97,2.63,3.83,1.72,2.08,1.31,1.37,1.0
0.84,0.34,1.89,0.07,3.53,4.9,5.19,6.45,2.2,1.29,2.32,1.83,-0.04,-0.75,0.02,1.2,1.05,1.95,0.51,0.76,2.2,1.0
-2.95,-0.08,-0.54,0.63,0.83,0.81,2.03,2.63,2.41,1.86,1.71,1.71,2.64,3.94,2.98,2.83,1.67,-0.02,2.18,2.36,0.81,1.0
1.68,-0.07,0.42,-0.92,2.82,0.84,-0.17,-0.82,0.98,0.65,0.64,2.3,0.77,2.73,4.97,4.23,3.19,1.23,1.45,0.19,-1.17,1.0
0.03,0.72,-0.44,0.2,3.14,2.92,3.42,3.04,1.76,2.2,0.82,0.98,1.8,3.06,2.83,4.49,3.48,1.79,1.53,1.55,1.27,1.0
-0.71,-1.62,-0.05,1.28,1.45,-0.54,-0.17,1.6,-0.11,1.16,0.96,5.03,3.74,4.41,4.55,5.12,4.66,1.3,-0.52,2.07,0.51,1.0
0.89,0.13,-0.17,-1.25,1.18,1.22,2.04,1.27,1.49,0.99,2.3,2.4,3.51,3.71,6.79,4.11,3.67,3.41,2.63,2.19,1.69,1.0
0.49,0.77,3.19,0.55,1.95,4.34,5.24,4.47,1.66,1.99,4.02,2.83,1.83,2.31,2.4,4.12,1.67,0.15,-0.17,-0.59,-0.46,1.0
-1.61,-0.29,1.24,2.58,3.28,2.94,4.13,4.52,2.56,1.88,2.84,1.94,1.79,-0.14,1.86,0.46,-0.36,0.23,-0.09,0.05,2.4,1.0
0.97,0.72,-0.64,-0.87,0.66,0.8,-0.47,0.55,0.57,0.3,1.97,2.48,3.13,2.53,6.35,5.24,4.37,3.77,0.47,2.25,-0.3,1.0
0.71,0.48,0.71,0.28,2.26,0.6,0.78,-0.36,1.04,0.85,1.46,2.05,2.25,5.51,4.67,4.86,2.24,0.91,2.18,3.26,-0.32,1.0
1.4,0.86,0.27,1.91,2.48,5.17,5.1,4.46,4.33,2.65,3.28,3.34,0.4,1.07,-0.39,0.31,1.08,0.56,-0.62,2.49,-0.91,1.0
-0.19,0.34,0.14,1.88,1.44,0.55,0.41,1.21,2.06,0.36,0.84,1.32,1.98,5.23,5.88,3.6,4.64,4.36,1.07,-1.3,-0.52,1.0
-0.16,-0.79,0.07,0.01,0.26,1.01,1.24,0.98,-0.52,3.06,0.3,2.83,4.47,4.64,5.95,4.55,2.38,1.86,3.43,-0.41,-0.31,1.0
0.4,0.09,-0.13,-0.07,2.09,2.28,2.21,1.75,1.95,0.82,-0.19,2.39,3.25,3.51,4.3,4.77,3.11,1.96,1.73,0.52,-1.31,1.0
1.08,-1.31,0.48,0.83,-0.02,0.21,0.25,0.47,1.24,0.25,2.34,2.36,3.02,4.22,6.0,4.79,2.53,3.8,2.51,2.11,-0.32,1.0
1.23,0.16,2.17,5.12,4.67,4.6,2.99,3.72,2.8,3.76,1.24,-0.09,3.34,0.04,2.24,1.08,1.15,1.97,-0.09,1.43,0.04,1.0
-0.18,-0.16,3.83,1.6,2.97,4.25,3.16,1.49,2.42,3.08,1.55,2.11,-0.19,1.4,3.5,3.31,1.88,-1.07,2.33,-0.9,0.41,1.0
-0.31,0.85,0.6,0.04,2.03,2.37,3.24,2.46,-0.09,1.83,3.54,2.22,1.81,2.2,3.3,3.86,2.76,0.48,1.78,2.3,0.36,1.0
0.68,-1.3,0.98,0.06,1.23,1.26,0.47,2.43,0.59,2.33,1.05,3.58,1.4,3.95,2.2,1.18,3.08,3.28,-0.29,0.15,-0.25,1.0
-0.37,0.01,0.1,1.62,0.51,1.88,1.91,0.2,1.86,1.12,1.58,2.41,1.5,3.04,4.69,4.25,4.45,2.29,1.63,2.72,-0.99,1.0
0.66,-0.24,1.92,2.47,1.15,2.01,1.66,2.6,0.4,2.86,2.06,2.97,4.17,3.26,3.4,3.35,3.54,2.82,1.17,-1.04,2.23,1.0
-1.76,0.29,0.62,-0.55,0.15,0.01,1.71,0.98,-0.77,1.13,1.93,3.66,4.55,3.68,5.86,4.31,3.42,3.14,0.29,1.77,-2.26,1.0
0.05,-1.23,0.14,0.91,-0.58,3.08,2.35,0.51,0.84,2.98,2.18,2.28,2.05,1.86,4.1,3.39,2.61,2.29,0.96,0.19,0.66,1.0
0.39,1.06,0.99,2.95,3.57,3.63,5.76,3.99,3.23,4.26,1.96,1.68,0.75,-0.51,2.78,1.0,1.92,1.6,-0.25,0.42,0.72,1.0
-0.61,1.18,2.32,1.91,4.01,3.65,5.74,5.42,1.29,2.93,2.02,2.01,-1.03,-0.61,1.27,2.0,0.74,1.03,-0.04,-2.15,0.24,1.0
0.73,0.51,-0.07,0.57,0.65,1.28,-1.31,1.09,-1.86,0.55,1.64,2.62,3.3,4.16,6.17,5.5,4.38,4.47,2.14,0.33,0.06,1.0
-1.79,-0.05,1.03,3.34,3.51,2.05,4.07,2.24,3.71,1.54,1.41,1.3,-0.04,1.82,2.21,2.91,1.74,-0.17,-0.27,-1.56,0.44,1.0
1.37,0.76,3.25,3.29,1.51,3.4,6.09,5.04,4.7,2.34,1.69,-0.07,-0.12,1.19,0.58,0.37,-0.37,1.23,0.46,1.14,1.11,1.0
-0.61,0.51,0.9,1.26,0.0,1.06,1.99,-1.2,1.39,0.13,1.21,1.71,3.29,5.85,4.95,5.21,1.36,2.66,1.9,-0.66,-1.81,1.0
0.7,-0.08,0.86,1.58,2.43,2.61,3.45,3.24,2.88,4.08,0.38,0.91,2.96,0.88,3.2,1.89,2.95,0.56,1.03,0.46,-1.36,1.0
-0.58,0.55,1.43,4.31,3.22,3.4,6.88,3.56,4.03,1.8,0.75,4.27,1.51,2.03,1.6,1.07,1.99,1.2,0.21,0.8,0.95,1.0
0.09,0.3,0.12,0.86,1.13,3.0,2.23,4.04,3.79,1.53,1.39,3.41,0.14,0.73,2.03,0.76,1.41,-0.66,0.41,0.78,-0.38,1.0
0.21,-0.72,1.29,1.99,3.7,3.08,5.5,2.92,2.07,3.1,1.99,1.56,2.72,2.46,0.41,0.54,2.75,1.55,0.46,1.17,-2.21,1.0
0.36,0.82,1.26,1.82,1.86,1.61,2.36,0.81,1.77,2.53,2.75,2.87,3.37,2.23,5.16,5.43,2.98,4.22,2.27,0.97,-0.86,1.0
-2.47,0.86,0.46,3.27,2.89,4.21,5.93,5.1,4.19,2.07,3.14,0.98,0.91,0.56,2.51,0.93,1.1,0.56,-0.13,0.9,-0.97,1.0
0.57,-1.25,2.14,0.95,2.1,3.03,3.17,2.85,3.26,4.06,1.97,1.75,1.83,3.8,2.82,2.15,2.57,1.15,1.61,0.25,0.38,1.0
-1.36,-1.56,0.73,0.78,1.3,-1.05,2.0,-0.16,1.3,2.61,2.69,2.92,4.87,4.99,4.37,4.26,3.18,2.52,3.08,0.59,0.67,1.0
1.34,-1.59,1.1,1.97,-0.45,3.13,1.87,1.09,0.48,3.92,1.72,3.0,2.93,2.55,3.99,4.2,5.11,0.82,1.64,1.48,1.35,1.0
-3.25,1.27,0.88,3.12,2.78,4.03,4.71,3.12,4.15,2.55,1.32,2.71,1.82,1.78,0.77,2.78,1.62,0.24,0.74,-0.6,1.62,1.0
-0.46,1.79,4.54,2.27,4.16,5.17,4.95,4.09,3.49,3.09,1.24,2.75,-0.78,0.97,2.07,0.79,1.45,1.08,-0.31,-0.4,-0.38,1.0
-2.15,1.79,0.58,0.63,1.63,2.19,0.2,0.8,1.47,1.1,2.29,2.13,2.27,3.97,3.91,4.54,2.88,2.59,-0.68,1.15,-0.37,1.0
-0.42,0.42,-0.43,0.6,-1.05,0.34,1.75,0.71,1.09,-0.79,1.17,5.27,3.49,3.54,4.5,4.08,3.38,2.72,0.21,2.36,0.83,1.0
0.88,-0.58,4.72,0.62,2.27,4.34,5.98,3.51,3.94,4.33,1.59,0.42,2.09,1.61,1.18,2.52,0.23,0.66,0.89,0.73,-0.29,1.0
-0.65,-0.99,0.88,3.05,3.78,2.49,4.65,3.35,3.38,3.09,0.81,1.27,1.41,0.41,2.76,1.91,2.18,1.42,-0.22,-1.04,0.75,1.0
-0.85,-1.34,-0.19,1.23,0.6,2.19,0.44,-0.71,1.42,0.88,3.11,1.46,2.92,4.73,4.65,2.61,4.39,2.96,1.45,1.01,-0.19,1.0
1.33,-0.1,-0.45,1.55,-1.1,1.59,0.01,0.67,0.1,0.79,2.13,3.37,4.35,4.7,6.33,5.44,3.9,2.49,0.82,2.72,2.46,1.0
-0.52,-1.24,0.33,0.63,4.3,3.43,4.24,1.56,2.0,1.95,2.92,0.97,3.71,0.43,1.04,2.09,3.26,0.42,1.15,0.74,-0.07,1.0
1.96,-0.32,1.55,0.83,4.22,3.44,4.54,4.54,4.65,1.67,0.96,0.76,0.62,1.31,-0.55,1.09,0.23,-0.3,1.64,0.05,-0.12,1.0
0.38,1.23,1.97,1.78,2.08,2.76,0.69,1.43,1.3,0.86,3.55,1.34,3.8,5.0,2.28,3.8,1.65,1.95,2.19,0.67,-0.21,1.0
0.94,-0.91,1.87,3.83,3.65,3.29,2.79,1.69,0.17,3.01,2.36,1.51,2.5,0.7,2.62,0.02,0.83,1.39,1.43,0.48,0.43,1.0
0.79,0.65,1.61,1.12,0.94,3.08,3.06,3.29,2.82,2.19,1.54,0.76,1.0,1.8,-1.12,0.01,1.09,1.87,0.65,0.45,0.45,1.0
-0.19,-0.12,0.95,1.64,4.79,4.47,5.87,4.25,3.67,3.55,1.8,0.29,-1.21,-0.94,-2.19,0.27,0.47,-1.84,-1.13,1.17,0.57,1.0
1.34,0.88,0.3,2.11,1.12,2.64,3.58,1.21,0.02,1.87,3.1,2.42,3.03,3.26,5.12,3.13,2.61,-0.31,1.77,1.34,0.37,1.0
1.51,1.69,-0.4,2.1,0.8,2.59,0.95,2.68,1.48,2.82,1.83,3.34,2.2,2.15,4.93,2.78,3.67,1.47,1.02,-0.19,0.06,1.0
0.34,1.26,-0.89,-1.54,1.42,1.2,-0.97,0.91,-1.12,1.39,2.5,3.38,2.64,3.99,6.12,4.86,3.3,2.95,1.76,0.58,0.74,1.0
0.8,0.51,1.67,1.79,1.08,0.44,3.61,1.53,0.73,2.27,2.57,2.2,3.52,2.92,2.8,3.32,2.85,0.13,1.24,0.08,0.86,1.0
0.01,2.06,-2.74,0.86,-0.39,1.71,-0.63,-1.28,0.63,0.56,4.58,5.12,3.25,3.43,7.42,5.65,4.79,2.89,-0.44,2.53,-0.4,1.0
-1.14,0.85,1.73,0.23,2.38,2.54,3.02,1.45,0.63,2.46,1.89,4.21,2.3,1.08,3.84,3.48,3.18,1.22,0.72,0.13,1.16,1.0
-0.69,-0.82,1.68,0.65,1.95,0.04,1.29,1.84,1.35,1.59,2.96,2.55,3.3,3.67,3.42,2.43,3.33,1.59,1.76,1.28,-0.82,1.0
0.1,0.24,2.92,2.41,3.57,2.99,4.64,4.26,3.46,3.82,3.11,2.81,-0.28,1.42,1.44,0.38,-0.04,2.13,-0.23,0.81,-1.63,1.0
-2.57,0.41,1.5,3.74,4.05,3.04,5.14,5.55,3.63,2.86,2.18,0.42,0.48,-0.46,0.7,-0.18,-0.76,-1.22,0.36,-1.27,-1.88,1.0
-0.07,0.83,0.99,2.06,2.51,2.21,2.48,4.33,0.51,1.71,0.88,3.12,-0.24,2.39,3.07,2.79,1.02,2.0,-0.32,1.72,0.06,1.0
-0.57,0.28,-1.27,1.59,0.26,0.21,-0.73,-0.34,0.95,-0.05,2.59,1.97,2.77,4.85,6.08,6.06,3.78,3.24,3.88,0.08,-0.28,1.0
-1.06,0.09,2.16,1.01,-0.06,1.81,1.7,1.27,1.99,2.46,1.58,1.91,2.76,2.54,3.08,2.17,4.36,2.67,0.86,-1.55,-1.02,1.0
-0.02,0.79,-1.32,-0.17,0.95,2.31,0.12,1.0,0.26,1.69,1.72,2.97,2.2,4.61,6.44,4.66,5.46,3.55,1.55,0.67,0.27,1.0
0.68,-0.21,-1.23,-0.28,1.08,0.47,3.29,1.48,1.45,0.07,0.71,3.49,2.34,2.95,3.88,3.46,1.33,1.15,2.09,0.63,0.12,1.0
0.14,1.48,0.68,0.66,2.38,3.68,2.84,2.03,4.61,0.57,3.09,3.0,1.55,3.24,3.14,2.7,0.53,-0.33,1.48,0.12,-0.63,1.0
-0.0,1.46,0.17,-0.15,0.89,2.05,2.38,3.3,2.75,1.49,2.89,3.18,2.67,3.87,0.6,2.08,4.81,0.67,0.27,3.19,2.04,1.0
0.49,-0.74,1.35,0.73,1.72,1.78,1.71,1.37,1.31,1.0,2.59,0.3,3.9,3.97,3.6,5.32,3.11,3.39,2.27,-0.43,0.82,1.0
-0.38,0.16,1.76,2.43,2.39,4.45,5.13,5.07,4.53,1.09,0.74,2.08,0.17,-0.01,2.13,1.44,0.45,-0.32,1.52,1.13,0.13,1.0
-0.47,1.25,1.5,1.48,4.03,0.17,3.8,1.37,0.31,0.91,1.9,2.37,2.69,2.88,3.15,1.91,1.77,1.27,-0.34,1.0,0.21,1.0
-0.41,0.63,0.34,0.58,2.88,1.86,2.95,3.81,1.55,2.05,-0.5,1.11,1.84,2.84,3.07,1.13,1.36,-0.42,1.15,1.35,-0.58,1.0
0.46,1.21,0.65,1.05,4.47,4.46,5.1,2.55,4.23,3.77,1.94,1.34,1.01,0.84,0.55,1.77,1.93,2.21,1.5,1.35,0.09,1.0
0.35,0.26,1.19,0.2,2.01,5.15,3.9,1.56,2.15,1.79,2.02,2.53,0.88,3.0,0.48,3.22,-0.49,1.65,0.07,-1.01,-0.11,1.0
0.01,0.3,1.28,1.95,2.13,3.08,1.61,0.42,-0.39,2.19,3.83,3.72,4.92,3.02,4.26,3.12,4.15,0.89,-0.13,1.73,-1.03,1.0
-0.78,0.21,1.12,-0.76,1.06,2.28,2.94,2.56,1.67,1.36,0.81,2.62,2.78,1.12,1.96,1.66,1.17,2.07,0.94,1.57,0.37,1.0
-0.19,0.33,-0.23,1.42,-0.88,1.98,-0.0,1.88,0.51,1.86,-0.05,3.18,4.2,4.35,7.73,6.37,2.97,2.41,0.24,1.85,-0.9,1.0
-1.48,-0.1,1.45,2.51,1.65,2.46,3.7,2.77,1.92,4.26,2.74,1.81,2.51,3.96,2.58,2.75,1.9,2.4,1.25,-0.92,0.82,1.0
1.55,-0.0,2.34,2.7,0.57,4.43,4.46,1.76,1.76,2.22,1.0,1.64,2.16,0.57,1.37,1.66,4.06,2.39,2.25,-0.16,1.16,1.0
-1.96,-0.41,0.68,1.99,1.63,2.69,2.27,2.78,4.5,2.03,1.66,1.8,2.44,2.09,2.57,0.78,1.42,2.25,1.07,1.68,-0.53,1.0
0.4,0.76,1.53,1.99,1.72,3.05,1.49,2.19,0.85,2.4,1.85,2.52,2.91,2.72,4.55,4.23,2.65,0.25,2.29,0.29,-1.26,1.0
-0.62,0.48,0.57,-0.53,2.2,3.52,2.13,1.2,2.91,1.59,-0.17,1.43,2.07,2.82,3.61,2.2,3.15,2.16,1.55,-0.33,-1.8,1.0
-0.2,0.3,-0.59,0.68,0.77,0.76,1.54,0.45,2.63,0.93,0.16,2.21,1.65,3.93,5.39,3.02,2.48,4.06,2.19,0.68,0.85,1.0
0.68,0.36,1.42,0.64,0.13,1.98,1.61,1.74,1.07,2.32,1.6,3.11,1.71,4.24,3.86,1.04,0.04,0.65,2.44,1.78,-0.16,1.0
-1.29,1.36,1.2,3.15,5.33,3.57,2.67,3.65,4.51,3.8,1.98,2.1,0.93,2.36,-0.99,0.38,-0.66,0.92,0.74,-1.5,-0.04,1.0
0.57,0.62,0.86,3.38,2.65,4.1,6.4,4.78,3.17,4.03,0.96,2.36,0.85,0.89,0.69,1.39,0.49,0.03,0.74,0.07,-0.86,1.0
0.12,-0.93,0.63,1.05,1.9,-0.64,1.38,2.37,-0.65,0.88,1.52,0.94,3.93,4.52,5.22,3.77,3.04,1.39,1.0,1.66,-0.77,1.0
0.18,-1.31,0.59,2.25,4.42,3.84,3.48,1.81,2.81,3.08,1.63,0.48,2.17,0.99,4.25,3.85,1.16,1.18,1.79,0.53,-0.52,1.0
0.15,0.64,2.4,3.23,5.77,4.04,5.98,4.95,3.57,4.22,1.65,2.24,-1.58,-1.25,0.86,-0.82,-2.03,-0.91,-0.31,0.86,-1.58,1.0
-1.32,1.21,1.58,3.18,2.11,4.15,3.24,3.86,1.98,2.42,1.94,1.9,0.41,2.79,2.58,0.09,-0.29,1.32,1.15,0.05,-0.74,1.0
1.43,1.33,1.47,2.82,2.09,2.43,3.94,2.97,3.5,3.44,0.25,2.28,1.09,1.97,2.83,1.61,1.1,1.11,2.21,0.25,0.64,1.0
-1.13,0.43,1.69,2.79,4.63,5.17,4.48,4.18,4.06,2.68,1.96,-0.81,-0.61,1.06,0.82,0.43,-0.38,-0.38,1.41,0.36,-1.04,1.0
0.8,0.88,-0.24,1.41,3.9,3.54,4.99,3.39,2.35,3.39,2.36,1.03,1.62,3.95,2.37,-0.62,0.05,0.59,-0.13,-1.1,-0.63,1.0
0.19,-1.28,1.76,1.02,1.75,0.82,1.31,2.13,4.7,2.46,0.74,1.62,2.44,3.28,3.58,2.5,0.73,1.64,1.31,0.45,2.33,1.0
1.74,1.49,-0.09,2.15,1.73,2.46,5.13,3.1,0.94,4.32,2.62,2.39,0.71,1.94,1.33,1.09,0.52,1.44,0.17,0.94,-1.68,1.0
-0.95,-0.14,0.81,-0.31,1.62,3.05,2.61,1.14,0.11,1.98,0.31,3.26,2.26,3.16,3.87,5.4,2.75,1.4,0.69,0.73,1.82,1.0
0.24,0.8,1.55,4.49,2.48,5.04,4.71,2.96,1.49,1.67,3.82,1.26,0.71,0.52,1.25,0.95,0.26,0.12,-0.2,-0.23,-2.66,1.0
1.1,1.62,0.38,1.2,4.1,3.93,7.06,4.02,4.79,3.11,3.16,2.33,-0.63,0.89,-0.1,0.58,0.96,0.66,-0.71,-0.53,0.62,1.0
0.37,1.63,0.92,-0.17,3.3,3.07,3.87,1.82,0.62,2.02,2.67,1.82,1.33,1.02,1.06,1.51,2.11,0.72,2.71,2.13,-1.73,1.0
0.72,0.69,1.03,0.08,1.36,0.11,0.56,-0.69,2.36,0.01,3.22,2.87,2.24,3.79,4.09,3.59,5.16,2.11,2.17,0.85,2.02,1.0
1.68,0.22,2.0,1.76,1.14,2.47,2.12,3.84,1.91,1.28,3.39,0.46,1.68,3.32,2.91,3.96,2.76,1.74,0.49,0.37,0.68,1.0
0.39,1.48,0.32,1.47,0.41,1.82,3.68,0.32,-0.96,1.66,2.12,3.64,2.33,3.75,3.94,3.1,2.79,2.06,1.02,0.44,1.28,1.0
0.11,-0.92,-0.81,0.52,0.15,1.83,1.12,2.23,-0.64,1.17,3.53,3.7,4.69,4.38,5.29,4.59,2.13,1.23,2.29,2.7,0.75,1.0
1.03,1.72,0.92,2.77,5.86,5.12,5.07,4.9,3.39,0.98,1.96,1.95,-1.96,-1.77,2.05,1.25,1.15,1.46,0.85,-0.58,0.03,1.0
-0.45,1.52,0.51,0.43,0.76,4.24,3.25,1.96,2.07,2.41,1.3,2.78,3.15,2.39,2.56,2.44,0.51,0.54,1.41,-0.4,-0.17,1.0
-0.82,-0.89,1.61,-0.0,1.62,1.42,1.69,0.78,1.55,1.23,1.74,1.29,2.64,3.29,5.53,4.54,4.28,2.58,2.49,0.43,0.66,1.0
-0.42,1.87,2.14,2.79,3.31,5.07,6.96,4.21,3.48,3.93,4.18,-0.05,-0.78,0.96,0.16,0.03,0.95,1.43,2.46,1.34,-0.98,1.0
0.69,-0.31,0.93,1.14,0.16,-0.19,3.01,0.69,0.87,0.85,-0.06,4.53,2.4,2.82,3.21,4.23,2.06,2.87,0.85,-0.27,1.18,1.0
0.13,-0.09,1.43,-0.05,0.9,3.32,3.23,2.58,1.76,1.32,3.58,3.87,2.1,1.59,4.1,1.64,-0.98,1.88,0.14,-0.11,-1.1,1.0
-1.8,0.06,-0.59,0.11,2.32,1.78,1.24,3.02,2.58,1.55,3.5,2.35,0.46,1.87,2.15,3.25,1.7,-0.07,1.2,-0.31,2.11,1.0
0.41,1.16,1.9,0.76,3.63,4.01,5.46,5.14,3.28,2.75,1.73,1.24,1.73,-0.51,1.12,1.35,0.1,-0.1,-0.35,0.81,-0.84,1.0
-1.0,0.04,0.24,-0.39,-1.02,0.14,-0.26,0.51,-0.75,0.59,3.74,1.81,2.93,5.06,5.23,4.25,0.37,2.98,2.86,1.63,0.46,1.0
1.0,1.75,1.52,0.63,2.01,2.31,1.06,2.11,1.36,0.68,1.57,2.51,2.97,4.39,5.2,1.82,1.72,3.64,2.67,0.33,0.22,1.0
2.0,-1.64,0.56,2.12,1.52,1.69,4.81,2.99,1.85,2.46,2.55,1.47,3.2,1.34,3.0,0.35,2.13,1.19,0.66,-2.06,-1.06,1.0
0.51,0.97,1.69,2.52,-0.61,1.87,2.05,2.29,1.83,0.69,1.48,2.65,3.15,4.14,5.49,4.01,3.09,2.34,1.54,-0.23,1.25,1.0
0.28,-0.16,1.42,1.35,2.14,3.7,4.56,3.75,3.43,3.39,3.98,2.14,-0.33,-0.97,1.26,2.6,-0.07,1.31,0.42,-2.29,0.37,1.0
-1.2,0.93,1.67,3.74,2.67,5.66,3.9,1.77,3.44,0.79,2.01,2.23,2.96,1.37,-0.02,1.85,-1.89,1.36,-0.11,-0.73,0.1,1.0
0.15,0.38,1.05,4.52,3.92,4.41,7.63,3.06,4.29,3.08,0.68,1.8,0.2,1.33,0.8,0.58,0.09,1.32,0.58,0.1,-0.11,1.0
-0.93,0.52,0.67,1.31,2.29,5.1,6.48,4.75,4.53,2.3,2.18,0.78,1.02,2.04,-0.34,-0.28,1.12,-0.32,0.34,1.52,0.88,1.0
-0.28,-0.6,1.28,2.53,3.8,4.52,3.65,3.43,3.21,2.84,1.21,2.34,0.45,3.25,-0.2,0.09,-0.03,1.1,-0.27,-1.95,-0.36,1.0
-0.06,0.61,0.84,0.3,2.22,2.58,2.19,3.14,0.54,3.05,1.38,3.2,2.12,2.64,4.52,3.59,2.71,2.04,1.11,0.52,0.34,1.0
1.07,-2.46,-1.3,1.67,-0.09,0.85,1.45,0.69,1.06,1.64,3.23,3.37,3.93,4.78,6.92,2.85,3.3,2.27,2.07,1.4,-0.5,1.0
-0.63,2.96,1.38,3.31,4.93,5.22,4.39,4.28,4.39,2.03,0.58,0.48,-0.4,-0.88,0.08,-0.02,0.7,-1.07,-1.43,-0.08,1.07,1.0
0.75,0.05,2.84,0.3,3.75,2.37,5.99,6.53,1.92,2.73,2.57,2.61,1.87,0.63,2.58,2.25,1.25,2.55,0.17,-0.28,-0.53,1.0
1.64,1.15,2.44,2.09,2.3,3.94,2.5,1.75,2.51,-0.51,3.36,1.75,1.99,1.71,3.44,2.06,1.71,3.14,1.32,0.12,-0.06,1.0
-1.65,-0.66,1.05,-0.91,-0.29,-0.11,1.3,1.68,1.24,1.52,2.09,3.09,2.15,4.55,5.59,2.94,1.69,4.74,2.03,2.46,1.25,1.0
-1.31,1.39,0.01,1.3,1.98,1.71,1.5,2.64,2.27,1.84,1.04,2.24,2.75,3.13,4.3,2.2,3.52,0.52,2.75,0.17,-1.11,1.0
0.91,1.02,0.78,1.95,3.52,2.94,5.53,4.48,4.62,2.73,1.56,2.33,1.26,3.0,2.5,-0.17,0.55,1.1,-0.23,0.91,0.28,1.0
-0.19,2.78,2.59,0.05,-0.87,2.44,2.37,-0.17,1.12,2.08,1.03,3.18,4.61,3.78,4.69,2.55,3.51,0.83,3.49,-0.24,1.07,1.0
0.16,0.95,0.32,1.58,0.95,1.3,2.71,-0.02,0.07,2.09,1.5,1.09,3.44,4.96,2.85,2.92,2.5,1.87,-0.01,3.13,0.58,1.0
-1.48,0.31,0.94,-0.41,1.41,1.59,1.88,-1.91,-0.78,0.25,1.73,2.41,4.03,2.67,6.86,1.62,3.95,2.96,2.48,-0.55,0.43,1.0
0.51,0.82,0.74,3.12,1.28,3.17,2.32,1.55,1.1,3.85,3.71,2.68,2.24,3.43,2.73,1.58,3.13,1.39,0.19,0.79,-2.14,1.0
0.66,0.08,-0.8,2.8,4.8,5.23,5.68,2.99,2.41,1.38,2.49,1.58,0.73,1.71,2.61,-0.71,2.2,-1.24,-1.45,-0.04,0.6,1.0
2.25,1.17,0.09,1.88,3.17,3.31,5.3,3.91,4.1,2.33,2.14,2.66,-0.26,0.4,-0.67,-0.88,-0.59,-0.86,-1.07,0.14,1.13,1.0
-1.45,0.49,0.18,-0.36,0.99,0.9,2.41,2.15,-0.87,1.54,3.69,1.42,2.47,4.22,4.25,6.29,4.32,3.13,1.8,-0.52,-0.5,1.0
-0.41,3.2,1.82,1.99,3.67,5.36,6.37,4.04,4.36,3.69,2.12,2.08,0.61,-0.17,0.14,1.67,-0.34,-0.03,-0.1,0.79,-0.69,1.0
0.32,-0.5,2.53,4.49,2.9,5.51,5.1,2.86,1.66,2.35,1.55,2.46,1.88,1.21,0.15,-0.07,2.14,1.16,-0.89,-0.65,-0.91,1.0
0.25,2.37,1.01,2.47,2.79,5.82,5.27,3.76,5.37,1.43,1.73,1.23,0.07,-1.25,1.37,0.87,-0.39,1.94,0.27,-0.89,-0.22,1.0
-0.96,1.63,1.63,1.58,-0.73,0.94,1.0,0.63,1.95,2.37,1.46,3.2,3.32,2.94,3.78,4.62,1.67,2.05,2.26,1.49,-0.94,1.0
0.58,0.27,0.6,1.17,2.97,2.45,4.31,4.26,2.39,2.41,0.11,2.74,0.38,1.56,1.06,0.89,0.11,-0.58,-0.04,-1.36,-1.07,1.0
-0.85,-0.71,0.26,1.61,3.16,1.78,2.37,3.7,3.01,1.11,4.99,3.81,2.33,1.06,3.63,2.54,3.34,1.86,0.05,2.38,-1.65,1.0
0.67,-0.11,1.43,0.49,0.3,2.33,2.24,1.35,0.38,3.37,2.43,1.19,4.11,3.39,5.28,3.32,2.42,0.54,0.24,-0.52,-1.8,1.0
-0.8,0.75,1.73,1.09,0.71,3.2,1.87,-0.52,0.96,0.72,2.15,3.32,2.91,4.37,2.58,4.32,0.83,0.6,1.6,1.17,1.64,1.0
0.34,-0.11,2.56,1.88,3.7,2.74,4.89,4.5,3.38,1.69,2.01,3.14,0.79,1.74,1.48,2.79,0.04,0.83,1.97,-0.73,-1.38,1.0
0.28,-0.19,1.95,2.01,2.54,4.64,3.9,3.63,2.11,1.48,0.49,0.66,1.17,3.08,1.82,-0.12,1.57,1.29,1.43,0.71,-1.47,1.0
-0.46,1.4,-0.95,0.92,2.72,2.79,1.44,2.87,2.45,0.35,2.77,1.7,2.66,3.84,3.09,1.12,2.77,1.16,0.18,-0.88,1.49,1.0
-0.16,0.88,2.08,1.9,1.67,3.46,0.97,2.58,2.37,1.18,2.66,2.98,0.71,1.73,4.57,1.1,2.0,0.51,0.77,-0.73,1.07,1.0
0.43,0.25,1.16,2.13,0.28,2.97,4.71,3.85,0.3,2.25,1.93,2.61,1.76,3.38,1.46,3.73,0.99,1.68,0.19,0.87,0.8,1.0
0.2,0.93,2.02,1.97,4.08,5.28,5.58,3.88,4.93,4.17,4.65,0.79,1.03,2.25,-1.0,1.06,1.4,-0.89,1.94,0.81,-0.7,1.0
-0.62,1.14,0.57,1.96,3.17,5.11,4.51,4.62,3.7,1.26,3.03,1.65,-0.58,0.58,-0.27,-0.18,0.36,0.26,1.19,-0.15,0.54,1.0
1.12,-1.82,1.25,1.7,1.93,2.01,0.13,2.44,1.29,1.68,3.48,2.51,1.82,5.09,5.37,2.84,3.43,0.86,1.28,0.21,-0.77,1.0
0.33,0.87,-0.49,1.23,0.12,0.06,1.22,0.75,0.07,3.48,1.91,2.54,4.51,4.31,6.06,4.14,2.87,3.9,2.25,3.21,-0.02,1.0
1.63,0.29,1.79,2.79,1.55,4.58,1.65,4.35,0.47,1.68,0.3,1.3,1.2,2.89,3.58,4.12,2.01,2.63,0.44,0.97,0.78,1.0
0.72,1.93,0.93,1.05,0.88,0.83,1.18,2.13,-0.84,2.26,2.46,0.94,4.45,4.68,3.67,3.19,4.64,4.78,0.88,0.75,-1.99,1.0
-0.21,0.11,0.66,0.08,-1.51,0.32,0.82,0.6,-0.55,0.87,1.89,2.12,2.72,4.96,5.37,5.86,4.39,3.72,0.87,1.61,-0.85,1.0
0.57,0.18,2.14,1.46,1.91,0.9,3.17,2.3,0.73,2.2,2.68,0.53,2.42,3.52,3.69,3.26,1.62,3.77,1.4,0.03,2.64,1.0
-0.6,0.08,2.31,0.94,2.45,6.63,7.52,4.68,3.61,2.25,0.78,1.81,-0.08,-0.08,0.14,2.29,1.81,1.8,-0.81,1.26,0.7,1.0
0.07,1.38,-0.35,1.6,2.06,2.53,1.76,2.98,2.8,2.42,1.8,2.25,3.77,1.52,4.27,3.75,4.05,3.34,2.1,0.85,-0.79,1.0
0.36,1.37,3.94,2.58,6.5,3.78,7.4,5.69,1.71,2.22,1.87,1.49,0.29,1.02,-0.54,0.24,-2.05,1.04,1.68,-1.97,-0.12,1.0
-0.25,0.35,2.72,3.31,5.19,5.08,7.83,4.03,3.62,1.74,1.92,2.04,1.35,-1.92,1.12,2.02,-0.2,-0.28,0.13,2.49,0.33,1.0
0.6,-1.25,1.51,0.32,2.13,1.22,1.45,2.54,1.57,2.83,1.04,1.65,2.86,3.4,3.7,4.15,2.61,3.69,1.14,0.43,0.66,1.0
1.02,0.09,0.23,1.63,2.43,1.24,0.45,1.0,0.72,1.39,2.71,2.54,2.45,3.0,4.89,5.14,2.16,2.85,1.22,-0.87,0.76,1.0
-0.92,-0.04,2.71,2.57,2.5,5.31,5.11,4.36,3.51,2.18,1.6,0.92,2.03,1.22,1.26,1.23,-0.56,0.5,0.57,0.16,-0.27,1.0
0.86,0.73,1.53,1.63,1.89,2.52,1.35,0.04,1.06,3.14,1.43,2.15,1.31,3.53,2.62,3.54,1.58,0.26,0.36,-0.23,-0.81,1.0
-1.29,-1.4,-4.05,0.57,1.11,-1.14,0.36,0.52,0.21,0.92,1.48,2.46,5.54,6.04,6.18,3.63,3.69,2.78,0.76,2.18,-1.26,1.0
0.16,0.5,1.65,1.1,2.61,3.18,4.76,3.85,2.88,1.13,1.89,1.1,1.62,1.38,-0.42,1.65,0.62,0.06,-0.77,0.55,0.37,1.0
0.74,0.36,2.29,3.75,3.56,2.72,4.86,3.39,1.69,3.75,2.88,0.76,0.54,1.14,1.96,1.96,2.27,0.75,1.37,-0.66,0.03,1.0
1.47,0.94,1.12,0.38,-0.12,-0.88,2.57,-0.11,1.86,1.53,1.39,2.81,2.77,5.69,4.33,4.13,2.62,3.89,1.37,0.55,-1.98,1.0
-1.68,-0.48,1.52,-0.22,2.21,-0.4,1.62,-0.63,0.16,1.11,1.58,2.48,2.99,4.99,6.12,4.82,4.12,1.84,1.19,1.44,-1.98,1.0
-0.68,-0.71,0.18,1.26,2.63,2.31,2.43,3.09,0.1,2.19,1.63,-0.03,3.95,3.32,1.51,2.65,2.82,2.71,0.86,0.59,-0.79,1.0
-1.28,1.03,0.38,0.67,2.87,0.4,2.42,1.55,2.24,1.13,0.56,4.12,2.13,3.23,3.27,2.22,2.82,-0.13,1.23,-0.82,-0.33,1.0
0.19,0.31,1.05,1.82,2.32,2.45,2.39,3.31,2.1,0.05,1.72,1.92,0.86,2.39,1.9,2.13,1.48,1.45,1.02,0.98,0.9,1.0
0.91,-1.83,1.53,0.59,1.44,3.21,2.59,3.79,3.01,2.11,1.58,-0.72,1.88,2.47,3.66,1.41,2.8,0.36,1.58,-0.14,0.45,1.0
1.56,0.59,2.25,1.16,2.22,2.78,4.57,3.08,4.82,2.91,1.63,1.23,1.78,0.9,1.53,2.67,0.37,1.31,0.72,1.99,-0.99,1.0
1.59,-0.19,0.84,2.14,3.34,6.04,5.39,5.14,4.45,2.67,1.9,2.02,-0.88,0.25,1.08,-0.69,0.27,0.52,-0.06,0.36,-0.29,1.0
-1.13,1.19,0.06,1.14,1.63,3.7,3.41,2.57,4.5,2.17,1.89,2.02,0.87,2.14,1.36,1.71,0.64,0.91,1.27,0.31,-0.46,1.0
-0.34,2.88,2.78,2.27,5.14,5.11,5.66,5.12,4.86,3.62,1.9,0.54,1.58,0.26,1.68,-0.38,0.22,1.6,0.8,0.49,0.68,1.0
0.29,1.32,1.42,1.3,1.63,2.74,2.51,3.19,1.48,1.07,0.86,3.41,2.34,2.51,3.52,1.8,2.05,1.44,0.92,0.97,0.05,1.0
0.53,-0.72,0.55,0.6,2.63,3.94,4.53,4.63,3.55,2.86,1.76,3.9,1.65,2.14,2.57,1.88,1.11,0.95,0.11,-1.33,0.18,1.0
2.6,1.63,0.07,0.54,0.29,2.79,2.49,1.57,-0.29,1.76,2.75,1.32,2.64,3.66,3.19,4.03,1.17,1.59,2.13,-0.04,-1.05,1.0
-0.41,1.02,0.31,2.56,3.46,5.44,5.34,3.74,2.58,2.53,1.66,1.46,0.5,0.17,2.62,0.5,0.15,0.53,0.01,0.72,0.21,1.0
1.05,2.56,2.77,1.84,2.87,2.76,2.55,3.64,2.91,0.85,1.85,2.56,2.85,1.31,2.84,1.29,1.81,1.55,-0.71,-0.11,0.25,1.0
0.12,-0.29,0.38,-0.2,0.96,0.21,-0.99,1.1,3.27,1.45,0.74,1.91,4.51,3.96,6.43,3.84,5.4,-0.07,2.88,-0.14,0.18,1.0
-1.13,1.37,1.79,1.61,4.15,4.0,5.42,3.47,3.51,4.6,2.8,0.6,-0.88,-1.09,-0.4,-1.52,-0.04,0.04,-0.62,-0.54,0.02,1.0
0.42,-0.07,0.12,0.2,3.57,3.77,4.17,1.75,2.66,1.48,2.63,1.01,0.77,1.24,4.28,1.81,1.29,2.52,-1.06,0.73,0.61,1.0
-0.01,-0.32,-0.49,3.1,1.06,2.0,2.14,4.09,0.61,2.11,2.33,4.94,1.93,2.15,1.82,2.17,0.97,1.4,1.89,2.43,-0.19,1.0
-0.25,0.51,1.11,0.94,0.7,3.8,2.88,1.67,1.99,0.82,2.09,1.28,3.73,2.43,3.04,1.91,0.15,2.17,1.06,0.02,0.54,1.0
-0.27,-0.26,2.37,1.79,2.48,3.46,3.16,2.99,0.62,2.06,2.24,2.87,2.36,0.44,3.42,-0.44,1.31,1.58,0.3,1.31,-0.2,1.0
0.61,-0.26,3.0,1.77,1.66,2.22,3.76,2.84,1.25,2.52,1.54,3.52,0.91,0.69,-0.29,0.96,0.27,1.0,0.16,1.46,-0.93,1.0
-0.4,-0.42,1.18,1.49,3.07,2.79,4.44,3.65,3.59,2.15,1.81,3.56,0.33,2.77,1.15,1.71,1.55,1.45,0.42,-0.15,0.34,1.0
-0.31,-0.17,3.73,2.55,3.73,4.18,4.53,3.0,3.61,3.07,2.32,1.15,3.06,-0.03,0.56,2.02,1.41,0.93,-0.99,0.83,0.77,1.0
0.91,-0.46,2.61,3.01,3.42,2.33,3.57,2.66,2.99,0.97,2.11,2.26,2.14,2.26,2.0,1.43,-1.05,1.25,0.89,0.11,1.29,1.0
-1.02,0.83,-1.34,1.13,-0.83,0.44,-0.18,0.16,0.75,0.5,0.27,0.42,2.92,2.86,4.82,3.74,2.03,4.44,2.05,2.43,-0.03,1.0
0.07,1.73,-0.3,0.92,1.84,2.71,1.15,-0.23,1.73,2.13,3.33,3.11,4.1,3.91,4.31,3.2,2.71,2.54,2.23,1.14,0.76,1.0
0.76,0.05,0.08,0.68,1.31,2.33,0.26,2.11,-0.56,1.36,1.37,2.32,2.53,4.18,5.03,4.56,2.67,1.18,2.42,1.88,-1.86,1.0
2.66,-0.92,0.51,0.68,-0.11,1.39,1.25,1.11,0.64,1.36,4.58,3.28,3.39,2.96,4.89,3.64,3.12,3.91,1.2,1.72,-0.85,1.0
0.05,0.83,1.6,2.95,2.7,5.11,7.45,3.56,3.54,3.1,1.96,1.34,1.55,0.63,0.65,1.75,-1.33,1.44,-0.64,-0.92,-0.92,1.0
1.08,-0.64,1.04,1.7,0.36,0.26,0.27,1.48,-0.08,1.99,3.06,2.18,4.36,5.01,5.53,5.62,2.56,1.09,3.39,-0.18,0.11,1.0
-0.08,0.78,1.61,1.01,0.01,0.91,1.47,-0.04,0.29,0.11,2.65,3.69,1.56,6.08,5.38,3.42,4.76,3.58,0.33,0.42,-0.31,1.0
-0.13,-0.36,2.0,2.33,5.48,2.57,3.24,4.77,4.9,2.15,1.12,3.49,1.72,1.84,0.42,0.25,1.96,2.6,-0.26,-0.44,1.13,1.0
0.05,1.69,1.67,2.11,5.0,3.39,7.36,5.93,3.81,2.97,2.31,1.6,-0.28,-1.1,1.09,-0.35,0.11,-1.72,-0.4,2.33,0.19,1.0
-0.69,0.58,0.4,0.87,-0.4,-0.39,-0.69,1.28,0.45,0.04,0.09,3.82,3.88,3.53,6.36,5.75,2.94,2.38,2.01,0.47,1.24,1.0
0.31,-0.06,-1.24,-0.43,1.51,-0.4,-0.4,-1.43,-1.88,2.99,2.32,3.94,3.94,5.27,5.47,4.55,3.67,1.92,2.13,0.68,0.27,1.0
-0.86,-0.05,2.04,2.76,2.77,6.34,3.8,3.99,3.79,2.53,2.72,3.16,0.32,2.41,1.15,0.49,0.09,0.67,0.18,0.35,-1.8,1.0
1.05,1.7,-0.73,0.21,1.72,2.77,2.05,1.55,0.42,2.58,0.91,1.96,1.77,3.77,4.06,2.31,1.33,0.76,-0.06,-0.1,1.77,1.0
-1.8,0.11,-1.22,1.24,1.0,-0.34,1.22,-0.72,-1.42,1.7,2.28,3.33,4.75,6.46,7.96,6.15,5.31,1.5,2.2,2.02,0.48,1.0
1.05,1.28,1.35,3.65,4.06,5.04,5.72,4.01,3.19,3.47,2.81,-0.77,-1.02,-0.79,-0.36,-0.39,0.98,1.53,0.09,-0.5,-0.4,1.0
2.51,0.0,0.85,2.12,1.42,2.59,3.14,2.38,3.23,2.58,2.59,1.93,2.35,1.9,2.2,3.97,2.13,3.49,2.31,1.86,0.26,1.0
1.07,0.71,-0.18,-0.8,0.27,0.11,0.57,1.76,0.25,-0.23,2.81,3.06,3.34,3.52,5.09,5.1,3.3,2.15,1.83,1.06,-0.25,1.0
-0.23,-1.58,-0.92,1.5,-0.34,0.73,0.2,1.39,0.36,1.66,2.45,2.23,2.6,3.96,5.14,4.44,4.17,1.12,1.68,-1.66,0.22,1.0
-1.36,0.39,-0.01,0.95,0.03,2.52,2.31,1.02,0.11,2.63,2.96,4.09,3.08,5.49,6.84,5.39,4.45,2.27,0.39,0.04,0.2,1.0
-1.16,1.27,1.42,-0.6,1.09,0.35,0.27,-0.39,0.26,2.23,2.87,3.77,4.49,2.68,5.25,2.91,0.82,2.51,2.28,0.66,-0.6,1.0
-2.18,0.38,2.65,3.27,3.02,4.61,4.07,1.72,3.49,3.8,1.97,3.33,1.15,0.02,1.99,0.31,1.01,0.53,0.63,-1.2,-1.74,1.0
1.91,-0.64,-0.25,-0.58,0.06,0.54,0.72,-0.63,0.85,1.12,2.3,3.7,4.32,3.98,5.39,4.85,2.87,2.76,1.09,0.53,0.03,1.0
0.23,0.08,2.19,-1.81,2.58,3.09,1.09,2.99,0.65,3.95,2.52,0.61,2.16,3.0,2.4,4.16,2.04,-0.03,-0.88,-1.62,0.44,1.0
0.08,0.42,0.55,1.2,0.78,0.68,1.59,2.6,0.84,1.77,2.47,3.8,1.99,3.74,4.53,5.75,2.54,0.7,2.75,1.23,-1.39,1.0
-0.26,-0.17,0.53,0.26,0.94,2.29,1.58,0.76,3.15,1.06,1.6,3.53,1.48,4.81,3.74,0.67,2.69,0.9,0.49,0.72,-0.88,1.0
-0.15,2.0,2.49,2.76,3.43,2.76,4.67,4.32,4.01,2.23,1.56,1.85,1.86,1.37,0.69,0.61,2.92,-0.27,1.33,2.05,-1.57,1.0
0.98,1.46,-0.08,1.71,1.72,-0.69,0.42,3.19,2.11,1.55,2.94,3.17,4.38,4.06,4.39,4.17,2.42,2.34,2.25,2.71,-1.71,1.0
-0.23,0.62,2.1,2.24,2.68,4.19,5.57,5.21,2.78,2.58,0.02,1.91,0.65,-0.85,2.64,1.7,1.65,0.41,-0.23,-0.74,-0.06,1.0
0.21,0.84,0.68,2.54,2.9,3.23,3.95,3.66,2.36,2.92,0.79,2.65,2.41,1.22,5.02,2.26,0.08,0.29,0.47,0.1,1.14,1.0
0.1,0.41,2.28,2.3,1.59,3.84,5.07,3.11,3.66,1.9,2.37,1.39,-1.95,0.52,3.16,-0.55,2.16,1.26,0.36,-1.55,1.26,1.0
0.5,-0.39,1.56,3.21,2.83,3.27,5.23,4.47,3.59,1.58,1.63,0.73,1.84,2.86,-0.28,2.33,1.46,2.2,-1.56,0.49,0.62,1.0
0.25,0.93,2.91,3.28,1.66,1.75,2.19,2.24,2.46,2.04,1.9,1.4,2.06,2.34,2.88,4.74,1.52,2.09,0.45,1.41,1.16,1.0
0.94,0.88,2.4,3.44,2.91,5.15,5.26,5.7,5.08,2.55,1.56,2.0,1.48,0.9,0.11,1.39,2.65,-0.97,0.14,-0.14,0.47,1.0
2.05,0.07,-0.3,1.48,1.76,3.75,3.03,1.21,2.84,2.18,2.12,3.34,2.67,4.18,4.42,2.87,1.49,2.41,2.0,0.97,0.76,1.0
-1.06,1.37,0.03,1.36,0.71,2.87,4.11,3.29,3.98,1.1,1.73,2.57,0.87,1.39,1.21,0.46,1.71,0.03,1.11,-0.09,-0.42,1.0
1.59,0.77,-0.04,1.64,1.66,2.88,1.48,1.56,1.66,3.68,2.47,1.98,0.54,2.48,2.84,1.8,2.75,1.26,0.97,0.94,-0.42,1.0
0.65,0.14,2.98,1.43,2.63,4.94,3.95,1.72,2.6,3.51,0.85,2.11,1.4,2.5,0.7,1.2,1.39,1.29,0.65,0.48,1.39,1.0
-0.01,-0.33,2.13,2.51,2.73,3.31,3.05,3.18,0.05,1.7,0.89,1.94,3.25,0.45,2.46,3.45,3.34,2.2,0.43,1.97,-0.29,1.0
-1.6,0.38,2.45,2.55,3.31,4.85,5.38,1.38,0.84,2.57,2.16,2.36,1.14,2.7,1.22,1.85,2.17,-0.01,0.69,0.23,1.09,1.0
0.13,1.34,0.78,3.73,2.96,2.19,3.45,3.59,1.39,3.76,2.46,1.21,1.23,1.9,0.29,1.96,2.55,0.07,0.33,0.2,0.03,1.0
-0.54,-1.48,-0.08,-0.57,-0.52,1.61,1.5,0.93,0.83,1.19,3.38,1.19,3.62,2.5,4.85,5.6,2.69,2.03,1.74,1.89,-0.55,1.0
1.24,0.23,-0.11,3.43,3.44,5.38,4.21,1.98,1.75,3.78,2.84,2.17,0.52,0.89,1.63,0.61,-0.55,0.44,0.36,-1.59,-1.47,1.0
-0.56,0.91,1.82,2.64,2.95,4.27,2.84,3.56,2.63,2.69,2.13,1.84,1.2,1.41,1.15,1.87,1.6,0.64,-0.05,-0.52,-0.1,1.0
1.61,0.69,-0.92,0.55,1.87,2.45,0.69,-0.2,1.03,0.11,2.35,2.98,4.54,3.91,6.11,5.4,3.89,2.91,4.16,3.08,0.82,1.0
-0.73,-0.1,0.75,1.55,0.43,0.21,0.29,-0.14,0.26,1.69,3.18,4.01,2.78,3.95,5.63,3.57,4.09,2.53,2.59,1.34,0.21,1.0
-0.29,1.55,1.74,4.4,2.5,3.88,3.76,4.59,1.96,2.4,1.07,4.3,0.9,0.03,-0.45,0.3,0.43,-0.05,3.56,1.13,-1.12,1.0
-1.74,0.98,2.28,1.64,1.74,6.35,4.11,3.8,3.8,3.61,1.89,3.43,0.78,0.59,-0.69,-0.31,0.29,0.76,-0.6,-1.44,1.43,1.0
0.35,2.31,0.9,0.17,1.92,3.51,2.67,3.26,1.04,0.44,1.77,0.15,2.59,1.11,4.15,0.74,1.66,1.68,1.57,1.02,1.12,1.0
1.29,0.25,1.02,-0.91,2.87,3.09,3.99,3.2,3.35,0.34,2.61,2.47,0.34,0.2,2.06,2.49,1.04,0.08,0.94,0.08,0.11,1.0
0.38,-0.58,2.16,2.04,3.16,3.61,3.42,3.43,2.38,2.43,1.79,0.26,0.73,1.58,0.64,2.19,3.59,0.58,0.07,-0.74,0.87,1.0
-0.38,0.72,0.46,1.0,1.97,2.1,1.85,1.34,0.97,2.56,3.78,2.62,2.8,4.25,3.02,1.95,1.46,1.78,1.42,0.04,-0.75,1.0
-1.18,-0.26,2.03,1.81,2.64,4.19,3.27,3.82,1.93,1.09,1.38,2.54,1.65,2.11,1.51,3.33,1.64,2.38,0.32,-0.65,-1.07,1.0
-1.63,2.46,2.61,0.75,2.55,4.65,3.01,1.5,2.7,3.2,0.5,1.14,1.46,0.93,2.79,2.44,1.49,-1.03,1.39,0.89,-1.15,1.0
0.8,0.82,0.55,1.7,2.56,5.06,5.51,3.39,2.69,3.97,2.6,1.03,1.04,1.83,2.32,-0.37,1.07,1.65,0.86,1.19,-0.02,1.0
0.81,-0.03,-0.45,2.35,0.75,2.9,0.89,1.02,0.42,0.99,0.9,1.39,2.2,1.25,3.0,2.55,2.76,1.61,-0.77,-0.64,-1.89,1.0
-0.83,-0.19,0.48,0.39,0.81,-1.26,0.16,0.32,-0.79,0.04,2.85,4.45,4.77,4.77,6.02,4.45,3.88,3.43,-0.19,0.63,-0.34,1.0
-0.68,1.23,0.76,1.58,1.7,0.89,4.0,1.78,1.41,1.16,2.63,2.27,3.87,3.78,3.89,3.04,3.08,2.23,2.2,1.98,-1.74,1.0
-1.9,1.48,2.08,3.02,2.17,1.3,2.47,1.78,4.1,2.26,2.46,1.86,2.53,3.75,2.27,1.87,3.95,1.2,3.76,0.11,-1.12,1.0
0.42,0.58,1.21,2.2,0.06,1.59,0.68,1.72,1.87,0.58,1.94,1.64,3.12,5.24,3.81,2.49,4.0,1.07,1.63,1.51,-2.14,1.0
0.01,0.31,2.21,2.58,1.51,5.07,4.65,4.4,3.42,2.58,3.38,2.44,-0.49,0.25,0.53,-0.08,1.35,-0.1,1.64,-1.55,0.95,1.0
0.12,-0.33,1.63,1.97,-0.42,3.12,3.23,3.63,3.56,1.44,1.45,1.7,2.66,2.16,3.21,1.39,2.24,1.61,1.5,-0.02,0.31,1.0
1.0,-0.08,-0.29,2.96,0.61,1.17,3.86,2.97,4.39,1.67,3.56,2.26,0.96,1.41,2.87,0.57,1.63,1.1,0.22,2.0,0.2,1.0
0.79,-0.45,0.12,0.83,0.64,-0.02,0.14,0.72,1.06,1.62,-0.23,2.46,4.23,3.08,7.06,5.02,3.24,4.03,0.72,1.89,1.68,1.0
0.73,-0.31,1.97,0.72,4.14,6.6,6.36,3.58,4.14,3.34,0.82,-0.45,-1.36,-0.2,-0.83,0.94,0.21,-0.3,0.47,0.87,-2.23,1.0
1.48,0.48,0.09,2.87,1.87,3.88,3.91,4.7,1.67,1.47,1.02,2.38,1.22,4.94,2.38,0.42,2.46,-0.39,0.03,0.9,-0.4,1.0
-0.41,-0.08,-1.83,-1.34,-1.2,1.38,-0.58,0.55,1.03,1.53,2.26,2.8,3.2,5.21,5.26,3.9,2.66,4.62,1.85,2.1,-1.38,1.0
-0.55,-0.02,3.63,1.0,4.34,4.97,4.5,4.81,4.66,3.19,2.19,-0.1,-0.55,0.31,0.21,-1.24,-0.77,0.43,-0.74,-0.4,-1.74,1.0
1.4,0.3,-0.37,0.49,2.04,1.16,2.61,0.92,3.29,0.54,3.09,4.0,2.82,3.61,6.35,3.49,4.48,1.82,-1.5,-1.27,0.92,1.0
0.98,0.55,1.08,2.29,4.89,3.07,5.43,3.66,3.01,2.21,1.93,3.2,0.32,2.44,1.28,-0.34,-0.04,1.43,1.23,-0.15,-0.68,1.0
1.23,1.13,0.65,0.73,1.13,2.29,2.07,4.89,1.48,3.55,1.63,1.2,1.23,4.15,0.72,2.73,2.92,0.88,0.31,2.07,0.42,1.0
0.22,0.29,0.53,2.53,2.52,4.39,5.1,4.03,5.14,4.51,2.41,1.84,-0.65,0.27,0.51,2.15,-0.57,1.16,-0.09,-1.18,0.57,1.0
0.24,0.62,-0.55,0.75,1.77,1.31,2.51,2.66,3.67,1.84,2.63,3.11,3.03,3.71,4.25,1.0,2.0,1.97,2.31,0.71,-0.29,1.0
-0.24,-0.59,0.66,-0.02,1.5,2.01,0.58,-1.49,0.96,2.53,1.23,2.36,3.57,5.04,3.56,4.41,2.94,3.41,1.26,0.95,0.93,1.0
1.0,-1.11,-0.56,1.13,0.26,-0.47,0.92,0.62,1.49,2.5,1.37,2.6,2.22,4.11,6.47,4.11,2.58,2.08,0.92,1.07,0.82,1.0
0.18,-1.19,0.62,1.87,4.05,1.83,3.35,3.64,2.01,3.13,0.48,2.71,1.81,3.08,2.13,3.79,0.89,1.16,0.58,0.97,0.15,1.0
0.41,0.45,1.27,1.67,2.7,5.54,5.21,4.25,2.8,3.01,-0.28,2.6,1.1,0.86,1.39,3.67,1.53,0.87,2.65,1.54,0.99,1.0
0.11,1.49,1.01,3.39,1.73,4.38,6.65,3.4,2.93,3.82,1.75,2.48,2.35,-0.11,0.18,1.8,0.25,-0.08,-0.36,-1.88,-1.69,1.0
-0.72,-0.81,1.76,2.09,1.19,1.73,0.99,1.04,1.46,3.11,2.27,1.2,2.12,3.08,4.36,4.75,4.74,1.58,1.05,1.2,2.03,1.0
-0.69,0.9,1.77,2.61,0.71,4.15,2.77,3.49,3.52,2.55,1.78,2.12,3.08,3.83,2.22,1.7,3.21,-1.3,1.36,2.57,0.3,1.0
0.82,0.02,1.39,3.43,4.13,2.87,5.28,4.34,4.98,4.7,1.46,2.15,0.59,-0.98,2.22,0.05,1.09,-4.08,0.34,-0.81,-0.86,1.0
0.4,0.62,2.37,1.01,0.78,2.6,2.75,2.7,1.41,1.77,2.88,0.64,2.11,2.43,3.27,4.14,3.45,3.23,1.76,0.17,1.14,1.0
-0.34,1.4,-0.0,2.5,3.67,4.46,2.33,3.33,0.64,1.5,2.17,1.15,1.71,2.27,0.18,2.18,1.52,3.16,0.51,-1.41,0.93,1.0
-0.98,0.63,3.07,2.94,2.69,2.75,3.23,3.15,3.08,0.2,1.15,3.35,2.12,1.91,3.13,1.66,1.27,0.85,1.95,-0.36,-0.3,1.0
1.96,0.65,0.19,3.74,3.28,3.94,5.57,2.83,2.13,3.0,2.2,2.16,-0.29,-0.9,-0.9,1.93,2.65,0.76,-0.42,-0.63,-0.65,1.0
0.01,1.99,-0.11,-1.06,2.02,1.73,1.23,3.34,3.07,1.99,1.84,1.35,4.12,3.02,5.04,3.83,2.82,1.82,0.02,2.1,0.33,1.0
1.07,0.22,-0.63,1.76,1.73,0.85,3.62,3.02,1.72,1.68,4.74,2.62,0.73,1.72,3.55,1.3,0.08,0.48,0.99,-0.66,0.95,1.0
2.39,0.84,-0.53,-0.34,0.01,2.47,2.98,2.38,0.92,2.37,2.59,0.13,1.74,2.09,2.65,2.13,1.34,2.28,-0.01,0.74,1.51,1.0
-1.16,1.08,0.81,1.6,0.93,2.51,0.8,0.1,1.15,0.33,0.44,1.91,3.66,3.33,3.26,3.35,3.79,1.59,2.0,1.45,-1.18,1.0
1.32,0.81,1.19,3.61,4.42,4.02,4.43,5.41,4.57,1.33,1.87,0.76,-1.76,1.56,1.57,0.5,1.43,1.72,1.81,2.04,-1.78,1.0
1.91,-0.68,0.93,2.01,2.62,3.04,3.18,3.16,0.65,0.83,2.56,0.86,1.09,2.33,2.75,2.36,1.93,2.86,1.3,0.5,-0.86,1.0
-0.86,-0.72,-0.63,0.01,-0.26,-1.11,0.02,0.8,-0.19,-0.02,0.48,3.66,3.39,4.68,5.35,5.38,2.94,2.07,-0.1,0.41,-1.53,1.0
2.17,1.1,0.63,0.91,2.56,2.38,5.0,3.29,2.39,2.59,5.32,1.78,3.21,2.05,1.72,-1.38,1.44,-0.07,0.72,1.06,-1.17,1.0
0.64,-0.16,1.42,3.68,3.56,3.21,5.33,4.61,3.42,3.94,1.16,1.3,2.18,0.13,0.68,-0.24,3.21,1.26,1.83,0.95,0.58,1.0
1.42,-0.14,0.61,1.17,2.7,1.35,3.66,2.17,1.65,3.0,3.7,3.19,0.66,1.95,4.26,-0.35,1.6,1.95,-0.7,1.17,-1.39,1.0
1.08,0.95,-0.27,0.88,2.2,1.11,2.43,4.19,0.5,2.79,1.61,1.76,2.44,4.57,2.86,3.19,2.54,2.05,0.76,-0.94,-0.04,1.0
0.06,1.28,0.74,-0.03,2.52,2.23,3.0,3.74,1.22,1.98,1.55,2.87,1.46,1.91,3.57,3.34,2.72,1.29,0.25,0.58,0.06,1.0
1.28,0.98,-0.79,0.96,0.78,2.04,2.77,5.42,2.28,3.09,1.06,0.69,2.77,1.78,2.79,2.84,3.36,3.17,0.55,1.2,-2.11,1.0
-0.8,-1.38,0.21,-1.87,-0.02,1.38,2.41,2.1,0.36,2.76,1.08,1.59,3.25,3.18,5.73,3.78,2.6,2.22,1.43,0.65,0.56,1.0
0.54,0.13,0.38,0.33,0.91,1.22,2.44,3.17,2.26,2.61,1.2,2.76,1.51,1.74,3.81,1.94,4.39,2.25,1.58,0.98,-0.04,1.0
0.01,1.09,1.52,2.06,2.8,3.06,4.5,3.65,2.49,1.28,1.12,1.89,2.36,-0.7,-0.68,0.77,0.04,1.95,-0.14,-0.37,0.82,1.0
-0.57,-1.29,1.25,0.98,-0.68,0.81,0.78,0.58,-0.21,1.41,1.75,1.84,4.21,5.6,4.73,5.56,3.53,1.88,2.36,0.6,-0.69,1.0
0.09,0.96,2.55,4.53,4.35,3.15,6.64,4.79,4.24,3.57,1.47,0.95,0.61,0.42,1.13,1.36,1.19,-1.43,0.06,0.37,0.24,1.0
0.67,1.25,2.24,0.91,3.56,5.28,6.83,6.39,4.02,3.39,2.18,1.9,1.89,0.76,-0.38,-0.4,-0.21,-0.25,-1.06,-1.28,-0.65,1.0
1.04,0.13,2.29,2.31,2.39,1.94,5.73,3.89,2.57,2.48,1.75,2.03,0.14,2.72,2.01,0.76,0.98,1.01,0.04,-0.56,-1.35,1.0
-1.3,1.25,-0.39,0.99,1.4,0.6,1.95,0.8,1.96,2.54,4.26,1.84,3.79,2.72,3.62,2.52,2.74,2.03,2.38,-0.03,-2.0,1.0
0.38,-0.08,1.22,0.73,2.7,3.14,4.37,1.97,0.31,1.05,1.61,-0.41,0.98,2.49,4.07,3.14,2.51,0.09,1.64,3.66,0.51,1.0
-1.01,1.68,0.37,5.19,3.56,3.37,5.58,5.7,5.03,4.44,2.55,3.29,-1.31,-0.52,-0.29,1.67,0.96,-0.09,-0.64,-1.44,2.47,1.0
-0.97,0.92,1.05,0.87,3.92,4.36,3.32,1.89,3.11,2.82,0.86,0.41,2.13,1.66,3.22,1.1,2.01,3.51,-0.45,2.05,-1.42,1.0
-1.13,0.28,2.59,0.92,3.02,3.62,1.34,1.83,2.18,4.12,0.95,0.84,2.99,0.19,2.5,2.8,1.41,1.89,1.66,0.73,1.02,1.0
1.5,0.79,0.31,2.22,3.33,0.99,2.46,3.39,2.0,0.02,3.29,-0.46,2.45,3.25,2.71,2.68,2.24,1.06,1.56,0.69,1.0,1.0
-0.75,2.15,1.87,0.57,1.63,1.94,3.09,2.45,0.35,0.21,2.72,1.67,0.87,2.92,3.6,2.68,0.83,0.57,2.16,1.92,1.03,1.0
1.37,0.42,-1.03,0.19,1.22,2.46,1.18,-0.39,1.23,1.33,-0.25,1.23,2.21,4.34,5.31,2.53,2.26,2.88,1.72,0.22,1.16,1.0
-0.09,1.49,1.26,0.15,1.32,3.82,2.41,4.43,0.67,3.53,3.93,1.68,1.42,2.34,3.42,0.68,2.09,0.74,2.15,0.95,1.02,1.0
-1.53,0.81,1.97,-0.66,2.77,-0.72,2.54,3.29,1.7,0.94,4.39,3.83,2.09,5.02,4.72,3.68,2.2,2.62,1.58,0.46,-1.27,1.0
-1.1,0.18,-0.29,1.79,3.12,2.4,3.95,3.83,2.57,2.34,0.74,2.43,1.4,2.2,2.96,3.43,1.71,0.25,0.87,0.41,1.0,1.0
0.28,2.04,0.96,2.3,3.97,3.87,5.04,4.25,5.28,3.24,1.73,1.72,0.23,-0.87,0.9,-0.75,-0.29,-0.05,0.44,-0.1,-0.44,1.0
-0.63,-0.67,2.58,1.38,1.46,0.71,0.96,2.08,3.23,2.18,1.02,3.23,3.5,1.25,2.72,4.08,3.43,1.57,2.87,0.84,2.12,1.0
0.76,0.62,0.72,0.12,1.33,2.03,1.54,-0.51,-0.38,1.84,2.72,2.29,2.29,2.21,3.7,3.38,3.57,2.73,1.46,0.97,-1.52,1.0
1.32,0.17,-0.17,-1.98,-0.87,-0.05,1.69,-0.02,0.51,1.25,2.33,1.69,3.4,3.19,6.26,4.34,5.48,1.91,0.35,2.23,-0.06,1.0
0.43,0.5,-0.81,1.18,0.72,-0.71,0.86,-1.83,0.37,0.52,2.33,2.71,4.58,4.5,4.85,5.98,3.4,4.41,1.71,0.79,0.95,1.0
0.28,0.12,-0.37,0.14,2.2,1.04,2.18,0.86,3.43,-0.67,1.75,3.38,2.18,3.3,3.74,5.84,2.45,1.83,0.93,0.37,-1.27,1.0
0.61,0.26,1.91,2.25,2.42,4.39,5.24,2.51,2.34,0.74,2.08,0.18,-1.43,0.4,0.52,0.54,1.14,0.87,1.53,0.32,-0.08,1.0
-0.87,2.5,0.68,-0.59,0.09,0.51,0.41,-1.46,-1.07,0.5,1.24,2.45,3.55,5.39,6.59,4.64,3.59,1.88,1.55,0.77,0.5,1.0
-0.96,1.82,-0.2,-0.09,2.03,0.57,1.28,0.09,1.53,2.88,3.26,1.27,3.58,5.3,5.42,3.15,1.53,3.64,2.22,1.59,-0.58,1.0
1.87,0.72,2.28,0.6,2.35,4.06,4.97,3.99,2.61,4.02,1.07,0.89,1.24,-0.06,2.14,0.43,0.83,-0.01,-0.25,1.21,-0.61,1.0
1.21,0.72,-0.3,-0.67,0.54,0.48,0.04,1.13,-1.83,0.08,1.34,2.96,2.79,4.68,6.28,4.98,3.32,2.41,0.12,2.28,-0.2,1.0
0.81,-0.58,2.02,3.89,4.02,2.93,4.79,5.41,4.69,2.42,2.6,1.97,-0.48,0.49,0.5,0.37,0.41,-0.72,0.91,0.36,0.27,1.0
-0.59,0.68,1.57,1.55,2.57,4.68,4.2,7.1,5.38,2.47,1.04,1.34,1.95,-0.21,2.77,0.77,-1.54,0.54,0.38,-0.86,0.51,1.0
0.63,-0.31,2.53,3.05,1.52,3.85,3.43,1.87,1.98,2.1,1.3,2.31,1.17,1.93,3.32,-0.18,0.5,0.76,1.84,1.19,-0.38,1.0
0.56,0.18,1.0,0.49,2.49,-0.66,0.36,0.43,0.13,2.01,-0.08,1.67,3.56,3.97,5.59,3.33,2.8,2.36,2.35,-0.29,-0.95,1.0
-0.88,0.52,2.49,1.44,1.89,3.44,5.08,3.71,4.72,0.88,2.82,0.04,0.92,1.17,3.08,-0.01,0.57,0.34,0.73,1.5,0.28,1.0
-1.82,0.94,1.31,0.43,0.96,2.22,1.02,0.84,-0.37,1.35,1.14,3.87,2.36,4.01,3.65,3.29,2.72,2.77,1.92,1.01,-1.46,1.0
-1.18,0.04,0.26,0.99,2.23,3.67,2.15,2.44,2.59,1.87,1.49,1.05,2.95,1.39,3.35,3.35,2.73,1.87,2.29,0.16,0.54,1.0
-0.36,-0.38,-1.58,2.04,0.72,1.46,2.94,-0.66,2.15,1.83,1.9,2.62,4.18,4.45,5.77,2.77,4.19,2.99,1.91,0.28,-0.67,1.0
1.23,1.29,0.83,1.34,1.82,3.16,1.87,4.24,3.24,1.73,3.37,2.47,2.87,1.87,2.34,2.75,3.49,2.53,0.48,1.2,0.53,1.0
-0.21,-0.04,-0.73,0.32,1.47,0.81,-1.47,-1.9,0.29,0.76,0.96,1.57,4.23,4.4,4.42,5.48,2.05,3.86,3.71,1.32,0.67,1.0
0.81,-0.46,1.44,0.79,3.32,3.17,3.49,3.72,1.57,1.28,3.85,2.86,3.02,2.07,2.77,2.42,0.29,1.62,0.42,-0.37,-0.97,1.0
-1.18,-1.21,0.53,2.25,2.18,3.58,5.34,2.84,3.57,3.18,2.44,2.92,1.92,2.39,1.64,1.6,0.59,0.66,0.01,0.26,-0.93,1.0
-1.63,0.85,2.24,1.17,3.06,2.36,4.81,2.08,0.56,2.68,2.71,4.39,-0.63,4.85,2.18,0.87,2.78,3.02,0.12,0.64,-1.43,1.0
0.49,-0.12,-0.42,0.54,1.93,2.98,3.66,4.78,1.8,2.11,3.33,2.14,2.65,0.84,3.16,2.7,2.41,1.3,0.77,0.97,0.26,1.0
0.97,2.23,1.33,-0.86,0.69,-1.34,3.86,-0.01,1.02,0.61,2.94,1.67,2.22,2.69,3.31,3.23,4.02,2.96,1.22,0.7,0.1,1.0
2.33,1.05,-0.47,1.45,-0.35,1.69,1.2,-0.13,1.91,1.53,2.19,4.3,3.9,3.73,5.79,3.66,3.28,3.01,3.66,1.23,1.5,1.0
0.85,1.47,1.99,3.9,4.22,4.66,6.2,4.72,5.45,2.17,2.41,1.05,0.15,-0.07,-0.14,-0.56,-1.19,-1.52,-0.02,-0.3,-0.61,1.0
0.34,0.86,0.56,0.73,5.02,2.23,5.69,5.4,2.36,3.11,3.37,0.7,0.84,1.52,0.09,0.7,-2.35,0.37,-2.19,-0.26,-0.69,1.0
1.71,0.34,0.57,3.48,3.63,3.3,5.87,1.37,2.07,2.83,1.98,1.42,0.94,3.3,2.37,2.44,1.57,-0.11,1.19,0.68,1.04,1.0
-0.79,0.02,3.42,3.18,3.4,3.56,7.45,5.44,4.35,3.35,0.98,-0.44,-1.39,0.18,0.96,0.52,-1.68,0.23,-0.46,0.86,0.94,1.0
1.18,0.05,2.68,3.36,4.58,5.16,4.99,4.5,4.84,2.88,2.49,2.59,-0.1,0.47,-0.04,0.01,0.27,-0.17,2.21,0.56,0.95,1.0
-1.87,0.11,1.76,1.9,2.04,2.22,3.12,2.85,3.65,0.55,1.6,0.67,2.13,2.96,2.44,4.03,4.16,1.25,0.35,-1.28,0.44,1.0
0.44,-0.22,1.07,1.05,2.3,3.23,3.72,5.46,3.06,3.29,1.44,1.2,1.06,0.68,0.61,0.83,1.35,-0.04,0.77,-0.05,0.24,1.0
-2.08,-0.65,0.94,-0.21,-0.56,0.8,-0.01,1.77,1.02,-0.83,1.76,2.18,3.11,4.18,5.62,3.68,3.25,0.45,1.52,-0.17,-0.82,1.0
-0.38,-0.45,2.27,2.75,2.87,3.4,5.37,4.86,0.85,2.37,1.92,2.76,1.04,2.89,2.72,0.73,2.24,0.54,1.88,-0.11,-0.12,1.0
1.55,1.22,-0.31,-0.95,-0.92,-0.23,1.14,2.42,0.91,2.23,1.31,2.33,3.57,5.04,5.07,4.73,2.01,1.39,0.66,0.33,-0.76,1.0
-1.2,0.08,0.94,0.39,0.53,2.95,0.9,1.96,0.58,1.57,3.49,1.67,3.18,3.43,5.35,4.42,3.68,2.84,3.5,0.56,1.39,1.0
-2.19,1.16,0.54,1.37,0.57,-0.57,-0.36,0.27,1.78,1.3,2.29,2.91,4.42,6.21,7.72,4.58,3.5,3.5,3.44,1.74,0.4,1.0
0.6,-0.58,0.68,0.31,0.25,0.18,-0.35,1.54,2.03,1.47,1.34,1.2,4.93,2.94,5.39,4.81,2.74,0.54,1.26,2.26,0.5,1.0
0.04,0.46,-0.93,-0.26,0.12,0.5,0.37,1.64,1.51,-0.61,0.69,3.01,2.5,4.51,5.78,3.45,3.87,2.56,-0.32,0.18,0.49,1.0
-1.21,2.16,1.46,3.01,2.84,3.38,4.26,3.24,1.56,2.45,1.98,-0.18,0.14,0.5,1.34,0.55,-0.25,0.9,0.8,-0.84,1.04,1.0
0.21,1.09,2.11,2.01,2.5,3.79,5.38,4.41,4.22,4.65,3.14,1.43,-0.31,1.27,-0.38,0.13,0.03,-1.71,-0.26,-1.23,1.61,1.0
-2.63,0.88,1.83,0.49,4.29,5.16,4.2,5.28,4.3,2.22,3.56,0.69,0.07,0.42,0.07,0.12,0.5,0.27,-0.51,-0.73,0.41,1.0
0.3,3.18,0.81,2.77,3.33,4.29,6.46,3.08,3.24,1.36,0.75,1.74,0.31,0.92,1.05,1.02,1.18,1.83,-0.58,1.67,0.67,1.0
-1.39,0.15,-0.07,1.7,3.07,4.58,5.06,5.32,3.89,3.49,1.37,-0.16,1.48,0.58,1.35,1.45,1.55,-0.22,0.5,0.05,-0.12,1.0
-1.73,0.78,2.13,2.81,2.91,6.26,5.62,3.51,3.9,1.97,1.43,1.65,-0.06,1.31,-0.92,-1.51,-0.76,-0.14,0.5,-0.76,0.17,1.0
-0.22,3.34,1.31,0.85,2.02,2.93,3.23,2.83,0.62,0.29,1.94,0.91,0.4,2.02,2.57,2.68,2.15,1.75,0.93,2.02,-0.87,1.0
1.07,1.45,0.84,0.66,2.25,3.47,3.45,4.93,2.37,1.88,1.39,2.29,1.47,2.57,4.89,-0.61,1.85,2.18,-0.15,1.37,-0.28,1.0
-0.94,1.57,1.09,2.05,3.88,3.98,3.59,5.75,1.79,1.17,2.32,0.94,1.94,0.55,1.47,0.77,1.75,1.38,0.1,0.9,0.04,1.0
-0.6,1.05,1.86,1.85,4.33,2.09,4.46,4.97,3.38,1.91,2.93,1.45,1.39,1.4,0.92,1.29,0.62,0.94,0.33,0.1,1.5,1.0
1.46,0.17,1.03,0.19,0.93,0.55,2.53,2.21,2.09,3.21,1.85,0.57,2.32,3.01,5.13,1.52,0.84,1.08,1.3,0.31,-0.47,1.0
-1.07,0.68,0.65,-0.81,-0.73,0.86,-0.17,0.51,-0.03,1.63,2.66,2.05,3.64,5.12,4.94,4.1,2.9,1.78,0.8,0.6,-0.95,1.0
0.08,0.05,1.77,1.39,-0.32,4.51,2.87,1.95,1.25,3.74,2.72,3.58,2.53,3.34,2.3,4.76,2.39,0.71,0.57,-0.34,1.13,1.0
0.31,1.8,0.86,2.34,1.25,4.33,4.76,3.46,3.88,1.28,3.94,2.28,0.81,2.64,1.3,-0.49,0.8,0.59,-1.25,-2.38,-0.59,1.0
-1.34,0.75,1.1,1.74,1.22,2.48,3.85,2.27,3.69,3.49,1.82,2.19,0.59,0.89,1.05,1.6,0.19,0.12,0.95,0.8,-2.15,1.0
-0.01,-0.47,-0.79,0.47,0.4,0.78,1.23,1.86,0.13,0.34,3.43,2.45,3.36,3.87,5.19,5.04,4.5,2.18,2.58,-1.05,-0.34,1.0
0.75,1.27,-0.03,2.03,2.76,3.58,2.83,3.27,2.04,3.54,2.03,-0.1,1.22,-0.35,1.13,0.42,0.91,0.94,1.87,-0.54,0.87,1.0
-0.9,-1.05,0.51,1.24,1.59,0.14,2.59,2.54,-0.8,-0.35,1.75,3.25,3.7,4.87,3.61,5.16,3.82,0.56,2.03,0.67,-0.27,1.0
0.05,-0.74,2.23,1.82,4.16,5.57,5.49,4.11,4.37,4.39,2.64,2.2,2.07,1.64,1.38,1.56,0.86,-1.27,-0.62,-0.74,-1.45,1.0
-1.2,0.63,1.57,0.58,1.85,-0.18,2.09,1.48,0.68,1.61,2.71,1.12,3.52,3.19,3.93,3.56,2.24,0.79,0.61,2.32,0.52,1.0
0.04,0.53,1.02,0.74,2.82,2.21,3.25,2.53,2.76,0.07,2.72,3.45,1.79,3.42,1.05,1.9,1.13,0.35,0.94,-1.96,0.42,1.0
0.48,0.61,3.33,1.09,3.06,3.98,7.18,4.35,3.76,1.96,2.73,0.42,3.02,2.15,1.72,1.4,-0.41,-0.47,1.35,0.16,-0.73,1.0
0.69,-1.02,-0.43,0.9,0.99,1.05,1.05,1.33,-0.75,1.87,1.89,2.3,2.19,3.19,5.49,3.93,5.47,3.43,2.37,1.01,-2.26,1.0
1.19,0.46,0.1,0.07,2.11,4.23,3.17,4.12,2.47,2.12,3.04,1.57,-0.4,2.01,2.96,3.12,0.59,0.13,0.63,-2.36,-0.49,1.0
-0.05,0.93,-0.07,1.99,2.73,2.05,1.72,1.7,3.25,2.04,0.3,1.72,1.75,2.1,2.38,2.2,1.79,-0.35,0.62,1.3,-1.13,1.0
-0.55,-1.01,1.39,1.53,0.42,1.74,1.02,1.2,0.47,1.42,1.23,3.15,2.54,3.25,4.02,4.1,3.37,2.72,2.54,0.31,1.07,1.0
0.16,-0.74,-0.14,0.26,0.5,0.94,-0.74,-0.72,-0.53,0.66,1.37,3.98,4.94,5.23,5.46,5.06,2.39,0.55,-0.44,0.86,-0.14,1.0
-0.55,1.21,3.48,3.17,3.26,5.01,5.99,4.48,4.94,2.99,2.05,0.3,1.33,0.06,-0.55,0.3,-0.39,-0.51,0.5,-1.05,2.94,1.0
-1.66,-0.13,1.12,1.53,3.71,2.42,6.84,6.06,2.33,2.07,2.91,0.67,-0.86,-0.02,2.3,0.37,1.5,1.11,1.31,0.61,-2.05,1.0
-0.94,1.51,1.41,2.49,1.54,2.29,4.48,4.1,2.39,1.51,1.09,1.32,0.72,4.28,2.25,0.06,0.76,0.53,-0.01,0.98,-1.48,1.0
-0.76,2.8,2.45,3.81,2.15,1.91,3.37,3.15,3.55,1.8,1.38,1.36,0.0,0.77,1.72,1.82,1.21,2.52,-0.46,0.26,2.86,1.0
-1.32,2.33,2.06,1.2,0.7,3.02,6.09,4.46,2.54,2.7,1.07,2.03,0.71,1.38,0.46,0.35,1.4,0.98,-0.74,-1.1,-1.76,1.0
0.14,0.73,2.7,0.06,0.77,2.58,1.91,3.53,2.52,1.17,2.4,1.17,2.66,0.98,3.04,1.76,0.57,1.67,1.01,1.56,-1.08,1.0
-1.44,1.64,0.36,3.02,3.38,2.84,4.52,2.87,2.52,1.08,1.58,-0.96,-0.68,1.76,1.13,1.5,0.55,2.95,1.03,-1.15,-0.0,1.0
1.24,-0.54,1.29,1.82,2.7,2.69,4.35,2.08,3.88,1.9,1.85,2.79,2.07,1.48,2.57,1.49,1.59,2.12,1.31,0.16,-0.88,1.0
-0.84,-0.18,0.49,1.55,2.88,1.27,3.01,4.0,2.32,3.64,0.61,1.41,2.34,0.53,1.36,0.58,0.95,0.79,0.24,0.7,2.03,1.0
0.71,0.63,1.39,-0.66,0.26,0.37,-0.0,0.09,0.01,1.75,2.24,3.14,2.92,6.35,5.93,5.04,3.66,2.14,2.27,1.09,-0.76,1.0
0.41,0.3,2.18,1.89,3.46,3.93,3.58,3.81,1.7,1.88,0.63,0.04,1.93,2.38,2.32,1.34,1.88,1.44,0.22,1.2,-1.01,1.0
-1.32,0.49,0.25,-0.25,-0.09,1.22,1.36,1.47,-0.47,1.94,2.66,2.14,3.75,3.56,5.1,5.89,3.06,2.95,-0.09,2.16,1.17,1.0
-0.51,-0.48,0.35,-1.67,0.26,2.45,-0.09,2.03,0.79,1.42,1.13,2.52,2.06,4.5,4.28,4.66,3.3,0.38,0.75,1.76,0.37,1.0
-1.03,0.51,1.98,2.12,0.51,2.49,4.0,5.07,5.22,4.68,4.18,2.26,2.89,2.13,-1.93,0.08,1.57,-0.34,0.11,0.12,0.05,-1.0
0.26,-0.19,-0.18,1.03,2.63,2.16,5.39,3.81,4.09,3.79,4.72,1.92,2.07,3.15,1.75,0.65,0.46,0.7,-1.11,-0.43,-0.29,-1.0
-0.45,-1.82,-2.45,0.43,-2.36,-0.22,1.81,0.29,-0.52,0.93,1.4,3.02,2.15,3.6,5.39,2.94,3.51,1.3,1.49,1.48,-0.94,-1.0
-1.6,-0.31,-0.15,-1.16,-1.8,-0.28,0.98,1.86,1.17,1.57,2.9,3.99,4.05,4.58,4.53,2.8,3.12,2.15,1.54,1.6,0.89,-1.0
0.32,-1.61,2.37,-1.52,-0.23,-2.3,-0.71,1.54,0.68,0.64,1.67,4.56,3.89,6.49,6.87,4.57,3.2,1.88,1.77,1.21,-0.28,-1.0
0.65,0.03,0.62,-1.25,-1.09,1.05,3.39,4.64,4.62,4.12,6.16,5.41,3.95,4.07,1.73,-0.84,-1.67,-1.09,-0.04,-0.63,-0.98,-1.0
0.62,0.33,1.84,2.53,3.98,2.75,4.48,4.51,4.0,3.62,2.71,1.07,1.65,-0.8,0.1,-0.6,-0.97,-1.34,0.3,0.17,-0.1,-1.0
-0.1,-1.77,0.03,-0.19,0.14,-0.78,1.47,0.15,3.46,3.13,6.59,3.25,3.13,4.01,4.32,3.09,1.36,0.41,0.28,-1.04,0.93,-1.0
1.75,0.64,-1.75,-0.42,2.03,2.08,4.18,3.25,5.37,3.19,4.53,3.41,4.45,1.19,2.64,1.25,0.25,-1.22,2.13,-0.72,0.96,-1.0
1.23,0.11,-0.44,-1.74,-1.01,1.05,1.11,0.97,2.79,5.13,5.63,2.9,3.32,3.44,1.93,0.62,2.7,2.03,0.52,1.61,0.82,-1.0
0.42,0.41,-1.05,2.07,0.19,-0.58,1.3,3.26,3.68,5.01,5.85,4.96,3.78,2.08,4.53,1.25,1.89,1.33,0.68,0.0,0.8,-1.0
0.78,1.39,1.0,4.5,3.86,3.03,3.63,5.36,3.51,3.7,3.02,2.55,2.5,1.64,0.68,1.9,1.63,-0.61,0.18,-0.54,-0.74,-1.0
0.93,-2.25,-0.81,-1.34,-0.04,0.34,2.28,2.68,4.29,3.34,7.43,4.76,4.08,3.42,2.01,1.71,0.25,2.81,-0.58,1.9,0.25,-1.0
1.01,-0.47,-1.45,-1.51,-0.11,0.61,0.19,2.03,2.35,3.79,5.1,4.23,4.72,3.72,2.38,3.21,1.34,-0.26,1.1,0.74,-1.49,-1.0
-2.29,1.04,-0.15,2.18,1.66,4.08,3.85,5.15,3.86,4.07,4.68,2.11,1.57,1.93,-0.12,-0.16,-1.12,-0.12,0.74,-0.74,-0.08,-1.0
0.41,1.09,0.34,3.55,2.15,3.42,6.59,4.92,4.51,1.44,1.46,2.33,0.28,1.05,-0.98,2.15,-1.37,0.26,-0.29,0.37,-0.31,-1.0
-2.61,0.32,2.03,1.21,0.63,2.44,4.07,2.82,2.51,3.98,5.58,3.96,2.96,2.8,2.31,1.32,1.04,0.28,0.05,1.69,-0.17,-1.0
0.01,-0.34,2.26,4.94,2.91,3.14,8.08,3.02,2.12,2.86,2.5,0.72,0.6,0.79,0.62,1.11,-1.51,-1.43,0.81,-0.67,-0.11,-1.0
-0.31,2.35,1.51,0.29,1.16,-1.03,-0.3,0.4,1.83,2.32,2.45,2.47,3.8,3.94,5.03,5.51,3.97,2.74,0.91,1.68,-0.53,-1.0
0.41,-0.37,1.47,-0.43,-2.03,1.65,0.28,2.67,0.89,2.35,5.06,3.74,3.56,5.56,5.96,2.9,2.91,0.84,1.21,1.3,-0.18,-1.0
0.4,-0.43,-0.94,-2.08,-1.24,0.97,1.29,1.49,2.85,3.01,6.46,3.9,5.71,2.75,4.38,3.44,2.64,1.14,0.38,0.11,-0.53,-1.0
-1.73,0.39,0.43,1.47,-0.34,1.31,-1.34,2.27,-0.68,1.39,1.85,6.82,4.13,6.26,6.13,6.38,3.78,1.98,-0.75,2.35,0.61,-1.0
-0.89,-0.91,1.12,-0.89,1.54,0.43,1.37,0.32,1.98,2.11,4.11,3.05,4.21,3.73,3.4,4.75,2.18,2.24,-0.22,0.48,-0.12,-1.0
0.49,0.7,-0.23,1.58,2.33,3.39,2.26,5.13,6.11,4.08,2.83,2.7,3.06,3.1,2.59,0.35,-0.96,1.14,-1.07,-0.38,-0.12,-1.0
0.29,0.72,-0.07,0.09,1.01,0.76,1.9,1.63,4.71,4.5,6.96,5.65,3.84,2.12,3.39,1.87,1.09,-0.09,-0.88,-0.99,-0.52,-1.0
