-0.15,-1.56,0.06,0.93,1.67,1.27,1.81,1.85,2.64,3.29,1.39,2.22,3.03,3.77,3.56,5.04,3.08,2.13,3.82,0.72,-0.43,1.0
0.71,0.58,2.03,0.48,1.89,4.7,2.66,1.97,1.98,1.55,0.95,1.82,1.58,2.13,2.44,4.98,0.51,1.74,2.14,0.51,1.16,1.0
0.02,1.01,2.7,1.23,2.24,0.86,3.24,0.86,2.17,2.98,2.59,2.06,1.54,2.67,2.06,1.49,2.35,2.62,-0.2,0.38,-0.79,1.0
-0.85,-0.68,-0.63,-2.32,0.05,0.04,1.98,-1.46,0.6,-0.36,2.04,1.61,4.18,3.9,7.05,5.6,2.99,4.12,3.23,1.72,-0.17,1.0
0.25,1.31,2.23,0.95,3.84,3.84,3.99,3.07,3.26,2.87,1.77,1.74,0.38,0.45,2.66,2.02,0.21,-0.81,0.52,2.01,-0.07,1.0
1.46,0.17,1.03,0.19,0.93,0.55,2.53,2.21,2.09,3.21,1.85,0.57,2.32,3.01,5.13,1.52,0.84,1.08,1.3,0.31,-0.47,1.0
0.7,-0.08,0.86,1.58,2.43,2.61,3.45,3.24,2.88,4.08,0.38,0.91,2.96,0.88,3.2,1.89,2.95,0.56,1.03,0.46,-1.36,1.0
0.49,-0.74,1.35,0.73,1.72,1.78,1.71,1.37,1.31,1.0,2.59,0.3,3.9,3.97,3.6,5.32,3.11,3.39,2.27,-0.43,0.82,1.0
-2.34,-1.95,0.01,-0.75,2.83,2.31,2.86,1.31,-0.11,1.55,2.67,3.19,3.9,3.07,2.41,3.69,2.25,2.03,0.34,0.53,-0.3,1.0
-0.86,0.59,0.29,0.47,3.92,3.9,1.14,1.1,2.93,1.86,3.54,1.38,2.79,2.28,2.97,3.06,0.18,3.53,1.05,-0.05,-0.75,1.0
-0.52,1.2,1.18,0.94,2.1,4.04,3.0,2.48,1.7,3.25,1.51,3.08,0.0,2.96,1.2,2.88,-0.03,1.01,-0.55,-1.1,0.86,1.0
-0.11,1.49,0.75,1.9,3.53,5.7,4.04,2.27,0.35,2.2,0.11,0.79,-1.3,-0.71,0.55,0.88,0.82,-1.66,0.71,1.4,0.11,1.0
0.98,0.55,1.08,2.29,4.89,3.07,5.43,3.66,3.01,2.21,1.93,3.2,0.32,2.44,1.28,-0.34,-0.04,1.43,1.23,-0.15,-0.68,1.0
-1.05,0.59,1.09,1.59,3.13,5.55,2.51,4.23,3.61,2.16,1.64,2.26,0.31,1.05,1.96,0.18,0.81,-2.15,0.48,-0.1,-0.35,1.0
-0.01,-1.28,1.74,2.72,4.46,3.4,3.9,2.74,3.02,2.83,2.06,0.74,0.56,0.85,2.19,2.03,1.55,1.27,0.97,-0.2,-2.04,1.0
1.32,-0.4,-0.69,4.17,3.66,4.0,5.24,3.88,2.17,1.82,3.65,1.01,1.82,1.13,-0.07,0.26,0.5,1.38,1.25,-1.34,0.53,1.0
-0.93,-0.23,-0.4,3.04,-1.71,1.8,1.58,0.97,-1.48,2.48,1.94,3.82,4.59,3.88,7.68,4.11,4.28,3.67,1.22,-0.03,1.06,1.0
0.03,-0.08,-0.96,0.9,0.29,1.11,1.69,1.76,1.18,1.3,3.67,3.73,3.33,2.96,5.5,3.33,3.72,2.69,1.3,-0.78,0.62,1.0
-0.71,1.8,1.52,-1.11,1.38,1.64,0.89,0.21,0.64,1.32,2.15,3.88,3.32,4.08,5.48,2.87,2.36,3.64,1.76,0.63,0.3,1.0
-0.2,0.3,-0.59,0.68,0.77,0.76,1.54,0.45,2.63,0.93,0.16,2.21,1.65,3.93,5.39,3.02,2.48,4.06,2.19,0.68,0.85,1.0
0.66,0.28,0.81,2.09,0.8,3.28,3.95,1.76,2.71,2.75,2.04,4.27,1.17,0.75,4.21,2.46,0.57,0.43,0.87,-0.55,-0.75,1.0
-1.59,1.88,1.02,2.45,4.03,3.43,5.16,4.26,3.31,2.93,1.18,1.23,1.35,0.91,0.31,-0.35,-0.72,2.69,-1.58,1.58,1.26,1.0
0.31,0.02,0.78,2.4,1.97,3.12,0.91,2.95,0.17,2.98,2.68,2.98,1.36,0.1,1.31,0.7,0.18,0.88,1.4,-0.77,1.15,1.0
0.11,-0.0,-0.32,1.09,0.92,3.59,4.21,2.63,1.5,3.42,2.15,2.24,0.83,2.31,3.35,3.25,1.62,2.27,1.11,1.79,1.92,1.0
-0.39,-0.03,1.69,1.24,3.8,4.65,5.6,4.26,4.02,2.95,3.44,2.53,1.43,0.27,0.75,-0.24,0.2,2.0,0.81,-1.51,0.18,1.0
0.11,0.43,1.73,2.91,2.58,4.59,4.35,4.37,3.54,0.15,4.21,2.75,1.17,2.04,1.22,1.88,1.26,0.53,1.52,-1.07,0.11,1.0
-0.27,0.87,1.11,1.75,3.55,3.2,4.67,1.94,3.62,1.56,0.4,-1.45,-0.03,2.78,4.56,1.73,0.53,2.16,0.4,0.52,2.98,1.0
-0.67,0.73,0.21,1.29,0.06,-0.47,0.13,1.0,0.79,2.21,0.93,1.41,2.89,4.73,5.19,5.86,3.33,2.47,2.77,3.18,-0.57,1.0
-0.82,1.79,1.43,4.57,4.36,5.22,4.5,4.25,4.34,3.71,2.32,0.09,1.35,0.91,-0.78,0.35,-0.55,-1.72,0.69,1.1,-1.37,1.0
-0.33,-0.21,0.71,1.92,1.83,2.83,3.46,3.3,2.19,0.98,-0.22,2.06,1.84,2.62,3.15,0.33,-0.19,-1.29,0.87,-0.94,-0.72,1.0
-0.25,2.5,0.06,2.75,4.73,4.61,7.09,3.72,2.32,2.15,3.56,2.5,0.43,0.2,0.94,2.23,-0.49,0.39,-1.35,0.94,-1.25,1.0
-0.46,1.79,4.54,2.27,4.16,5.17,4.95,4.09,3.49,3.09,1.24,2.75,-0.78,0.97,2.07,0.79,1.45,1.08,-0.31,-0.4,-0.38,1.0
-0.1,-1.74,-0.9,1.21,1.64,0.21,0.94,0.39,-1.12,1.38,-0.47,3.88,3.87,5.93,6.03,4.56,4.65,2.51,1.27,0.39,2.24,1.0
0.57,2.5,0.87,1.84,2.72,4.53,4.27,3.69,2.84,3.13,2.33,-0.15,1.53,1.24,1.77,0.62,1.42,0.42,-0.15,-1.25,0.58,1.0
-1.26,1.9,-0.53,0.49,-0.57,1.14,-0.36,0.69,0.19,1.11,3.21,2.14,3.69,5.83,4.63,3.71,3.76,2.35,0.72,0.91,1.06,1.0
0.58,0.22,1.62,2.08,0.05,1.54,1.83,1.86,1.66,-0.35,0.23,2.18,3.35,3.25,3.11,2.21,2.2,0.88,0.29,-0.64,-0.14,1.0
-0.51,-0.25,0.95,-0.16,-1.26,-0.43,0.16,0.16,0.22,1.54,2.64,1.6,2.94,3.75,4.42,3.45,3.58,3.28,0.58,0.39,0.31,1.0
-0.83,-0.15,-1.73,2.2,0.96,0.48,1.47,0.74,0.72,0.82,1.85,2.22,1.45,4.63,5.14,3.68,2.66,3.09,2.05,0.12,0.78,1.0
-0.9,-0.03,-0.09,2.93,3.03,4.39,4.91,2.33,3.98,2.69,1.27,1.83,1.82,1.97,1.3,0.92,-0.04,3.37,1.47,-0.31,-0.4,1.0
-0.31,0.85,0.6,0.04,2.03,2.37,3.24,2.46,-0.09,1.83,3.54,2.22,1.81,2.2,3.3,3.86,2.76,0.48,1.78,2.3,0.36,1.0
-0.8,0.75,1.73,1.09,0.71,3.2,1.87,-0.52,0.96,0.72,2.15,3.32,2.91,4.37,2.58,4.32,0.83,0.6,1.6,1.17,1.64,1.0
-1.27,-0.24,1.4,-0.62,0.88,0.98,0.97,2.24,-0.22,2.32,1.73,2.96,3.65,4.25,5.59,3.74,3.54,3.23,1.31,0.41,0.22,1.0
-0.24,1.56,2.35,1.11,1.22,2.76,3.2,2.3,0.71,1.72,0.68,2.55,0.97,3.26,4.28,3.28,2.34,1.77,1.92,0.55,-0.13,1.0
-1.62,0.68,1.2,-0.74,0.49,1.24,1.79,0.53,-0.61,2.0,2.66,4.24,2.43,3.79,5.17,4.44,4.51,3.09,2.41,1.62,-0.44,1.0
0.73,0.0,0.28,2.7,2.47,1.18,3.61,1.26,1.71,1.43,2.28,1.72,2.23,2.5,4.91,3.57,3.09,2.22,1.35,0.5,0.58,1.0
0.23,-0.38,-0.03,0.89,1.85,3.81,3.01,1.8,2.47,3.04,0.58,1.6,-0.06,0.54,0.79,-0.63,-0.77,-0.62,-0.4,1.15,0.69,1.0
1.34,-1.59,1.1,1.97,-0.45,3.13,1.87,1.09,0.48,3.92,1.72,3.0,2.93,2.55,3.99,4.2,5.11,0.82,1.64,1.48,1.35,1.0
0.72,1.67,1.45,1.71,1.18,4.06,2.84,1.2,1.2,1.08,1.35,0.9,3.13,3.95,2.7,2.57,3.32,3.99,1.04,0.22,0.18,1.0
1.29,-0.91,1.93,1.58,-0.68,1.56,3.5,1.01,0.82,3.22,2.1,4.55,2.43,5.27,5.74,2.56,3.21,1.22,0.77,0.11,0.54,1.0
3.12,0.88,2.4,2.47,3.71,3.94,3.41,2.6,1.46,0.07,1.52,1.85,2.24,2.26,0.66,1.24,2.07,-1.03,0.57,-0.4,-0.72,1.0
-0.61,0.51,0.9,1.26,0.0,1.06,1.99,-1.2,1.39,0.13,1.21,1.71,3.29,5.85,4.95,5.21,1.36,2.66,1.9,-0.66,-1.81,1.0
0.11,1.49,1.01,3.39,1.73,4.38,6.65,3.4,2.93,3.82,1.75,2.48,2.35,-0.11,0.18,1.8,0.25,-0.08,-0.36,-1.88,-1.69,1.0
-0.59,1.16,2.92,2.76,5.39,6.43,4.82,3.3,3.09,1.32,3.02,1.97,-0.35,-0.27,-0.58,-0.98,-0.43,-0.01,0.48,-1.66,-0.57,1.0
-0.37,0.01,0.1,1.62,0.51,1.88,1.91,0.2,1.86,1.12,1.58,2.41,1.5,3.04,4.69,4.25,4.45,2.29,1.63,2.72,-0.99,1.0
0.62,0.86,0.46,1.24,1.15,2.44,4.09,1.59,2.35,2.1,3.45,1.42,1.28,2.59,4.07,3.6,3.26,2.63,2.48,-0.17,0.8,1.0
-0.33,0.23,3.15,2.59,5.0,5.74,4.77,5.46,3.15,4.58,1.02,1.38,0.45,-0.19,1.43,0.14,1.57,1.56,-0.12,1.86,-0.14,1.0
0.2,0.38,-0.14,2.15,5.59,4.05,4.94,5.05,4.81,1.43,1.62,2.29,1.08,1.08,1.35,-0.6,0.05,0.4,-0.02,-2.21,0.69,1.0
-3.0,0.14,-0.46,0.47,1.75,2.27,1.0,0.44,0.03,1.55,2.55,2.99,3.23,3.66,3.42,1.9,2.09,0.64,0.81,1.25,0.94,1.0
0.45,1.33,-0.67,0.32,1.12,1.6,-1.06,0.51,-0.07,1.35,3.01,3.34,3.69,4.16,6.11,4.45,2.9,0.87,1.13,-0.15,-1.6,1.0
0.05,0.93,-0.93,-0.36,-1.28,1.21,1.09,0.24,0.32,0.65,2.86,3.82,5.15,2.55,5.05,4.27,1.55,3.61,0.4,1.21,0.88,1.0
0.13,-0.1,1.05,1.89,2.97,4.03,4.39,3.6,3.02,3.02,1.89,2.12,0.7,2.46,4.28,1.52,1.25,1.0,1.73,0.97,0.06,1.0
-1.5,0.02,-0.21,1.07,2.71,3.41,1.8,1.29,0.87,0.76,1.87,1.97,1.95,3.8,1.14,2.93,1.81,1.61,1.36,1.89,0.1,1.0
-0.86,-0.59,1.96,0.26,1.55,2.1,2.05,1.08,3.26,2.12,2.77,1.56,1.93,1.78,5.16,2.02,2.57,1.91,0.14,0.32,-1.2,1.0
1.47,0.94,1.12,0.38,-0.12,-0.88,2.57,-0.11,1.86,1.53,1.39,2.81,2.77,5.69,4.33,4.13,2.62,3.89,1.37,0.55,-1.98,1.0
0.77,0.73,2.25,3.2,3.14,2.91,2.83,2.36,2.13,3.66,4.2,1.46,0.47,-0.24,1.79,1.18,1.99,1.27,0.1,-0.46,-3.82,1.0
0.79,2.02,1.95,1.63,4.06,6.13,5.53,4.13,1.5,1.08,2.66,1.88,0.03,1.1,1.24,1.33,2.17,0.22,1.47,0.98,0.3,1.0
-0.19,-0.28,1.17,1.49,2.72,1.17,4.51,1.84,3.87,0.41,2.32,1.18,0.19,1.4,1.33,3.18,0.96,2.12,0.6,-0.32,0.67,1.0
-1.82,1.99,1.33,2.37,2.53,5.14,3.51,3.69,4.71,2.12,2.23,2.81,1.21,2.43,2.92,0.85,1.43,3.11,-0.25,0.62,0.23,1.0
0.83,2.2,2.68,1.9,3.35,5.42,5.09,4.04,5.14,3.71,4.31,3.1,-0.13,-0.3,-1.11,0.08,-0.18,-0.22,0.27,1.42,-0.91,1.0
-0.15,2.54,-0.55,1.16,1.83,3.71,3.56,2.69,2.19,3.77,0.82,1.68,2.83,2.78,2.91,1.56,3.11,0.64,3.39,1.11,0.04,1.0
-1.56,0.4,-0.3,2.49,0.19,-0.06,1.68,1.72,0.83,2.06,2.27,2.88,2.49,2.26,6.58,4.76,0.91,3.81,1.23,0.86,1.04,1.0
1.08,2.0,-1.35,1.63,0.54,-0.35,0.18,-0.01,-0.16,1.74,0.85,4.4,2.51,3.76,5.79,6.03,3.93,2.88,0.27,1.7,0.77,1.0
-1.11,-0.06,-0.28,0.03,2.1,0.65,2.08,0.95,0.41,1.02,0.9,2.37,1.0,3.42,5.81,4.38,3.55,3.83,2.65,1.87,-0.25,1.0
0.13,0.28,1.0,1.49,2.74,4.39,3.19,-0.09,-1.14,1.26,3.71,2.26,2.35,3.56,3.48,3.38,2.07,2.24,1.73,1.46,-0.48,1.0
0.48,0.48,0.38,-0.81,2.4,-0.55,1.39,1.75,1.78,1.12,1.97,2.25,2.22,2.44,4.23,2.53,2.4,1.71,1.59,1.32,-0.82,1.0
1.13,-0.61,-0.39,2.2,0.99,1.4,1.94,2.46,1.63,0.78,2.73,1.04,1.69,2.7,4.32,2.75,0.77,1.32,1.89,-1.0,2.26,1.0
-1.09,-0.81,1.34,1.99,0.88,1.99,3.24,3.59,0.92,1.63,1.57,2.98,2.92,3.19,2.29,3.83,3.73,1.75,2.28,-3.05,0.97,1.0
0.48,0.61,3.33,1.09,3.06,3.98,7.18,4.35,3.76,1.96,2.73,0.42,3.02,2.15,1.72,1.4,-0.41,-0.47,1.35,0.16,-0.73,1.0
2.29,-0.95,3.49,0.52,3.69,4.83,7.13,5.08,4.45,4.56,3.84,0.65,1.15,-0.64,0.69,-1.73,2.48,-0.85,1.09,-1.48,-0.11,1.0
-0.9,-1.05,0.51,1.24,1.59,0.14,2.59,2.54,-0.8,-0.35,1.75,3.25,3.7,4.87,3.61,5.16,3.82,0.56,2.03,0.67,-0.27,1.0
-1.31,1.39,0.01,1.3,1.98,1.71,1.5,2.64,2.27,1.84,1.04,2.24,2.75,3.13,4.3,2.2,3.52,0.52,2.75,0.17,-1.11,1.0
1.24,-0.54,1.29,1.82,2.7,2.69,4.35,2.08,3.88,1.9,1.85,2.79,2.07,1.48,2.57,1.49,1.59,2.12,1.31,0.16,-0.88,1.0
1.46,3.18,-0.26,2.1,2.28,4.72,5.49,4.88,3.13,2.69,2.63,0.88,0.8,1.09,-0.17,0.06,2.0,1.08,-1.73,-0.25,0.29,1.0
0.39,0.69,-0.1,-0.09,0.21,0.49,3.7,1.68,2.07,1.12,0.47,1.64,1.54,3.13,4.83,3.85,2.74,-0.24,2.91,0.71,0.68,1.0
-0.17,2.86,1.75,3.8,2.02,1.23,2.5,2.57,1.11,1.0,0.96,1.91,3.38,3.43,4.11,1.73,4.02,3.29,3.19,0.42,1.94,1.0
-0.94,1.51,1.41,2.49,1.54,2.29,4.48,4.1,2.39,1.51,1.09,1.32,0.72,4.28,2.25,0.06,0.76,0.53,-0.01,0.98,-1.48,1.0
0.17,1.19,0.14,0.81,0.3,1.08,1.99,1.33,-0.37,2.74,2.64,3.45,1.23,5.3,4.71,5.54,3.38,2.36,-1.45,0.7,0.3,1.0
1.42,-1.9,-0.06,-1.01,0.74,1.73,3.31,3.16,2.19,0.23,0.96,2.75,3.87,1.23,4.18,1.9,4.73,2.04,1.18,-0.45,-1.75,1.0
0.04,0.32,2.82,3.26,2.59,2.56,4.36,2.73,0.18,2.38,2.64,2.8,1.83,2.26,1.56,1.68,4.33,2.23,1.73,-0.59,-0.68,1.0
0.22,0.19,1.71,2.21,0.81,1.93,3.0,3.66,2.34,3.03,1.36,-1.0,1.61,1.18,1.43,2.03,1.86,1.49,0.73,-1.3,-0.4,1.0
0.23,1.2,2.24,2.01,2.97,4.46,3.86,3.32,2.11,3.12,1.33,0.06,1.48,2.67,2.79,-0.19,0.71,1.65,1.57,2.06,0.7,1.0
-0.04,2.03,2.39,1.0,3.2,2.95,4.56,3.74,2.93,2.57,1.75,0.31,3.08,1.2,1.42,0.69,1.65,0.8,-0.07,1.56,0.88,1.0
-1.78,-0.4,1.38,-1.2,2.0,1.12,2.13,3.19,0.71,1.33,1.7,1.76,3.36,4.15,4.16,2.71,3.44,1.45,0.54,-0.18,1.88,1.0
0.37,-0.13,1.35,2.55,3.34,4.09,3.69,3.93,3.3,1.32,2.68,1.82,1.93,0.24,2.75,1.66,0.44,-0.69,-0.32,2.01,-1.21,1.0
0.36,0.39,1.19,0.03,1.95,2.12,2.65,0.88,1.03,0.7,2.83,2.27,2.36,4.55,4.3,3.07,2.6,1.06,-0.83,0.93,2.34,1.0
0.26,-0.67,0.26,0.94,0.4,3.12,2.03,0.99,1.95,0.85,1.03,0.83,3.27,3.5,3.05,3.37,3.25,1.11,0.76,-1.12,1.58,1.0
-0.69,1.01,1.27,1.93,1.78,4.69,4.49,4.24,1.62,2.77,2.33,1.4,1.53,2.18,1.16,2.17,1.13,0.61,0.07,-0.04,-0.4,1.0
-1.14,0.85,1.73,0.23,2.38,2.54,3.02,1.45,0.63,2.46,1.89,4.21,2.3,1.08,3.84,3.48,3.18,1.22,0.72,0.13,1.16,1.0
-0.56,-0.63,0.77,0.69,0.83,-0.13,0.04,-1.21,-1.01,-0.16,1.97,1.59,3.44,6.03,6.28,4.21,3.25,3.44,1.68,1.82,1.4,1.0
0.78,1.18,2.21,2.42,4.08,4.9,3.43,4.33,1.47,3.4,1.63,1.65,1.33,2.5,0.55,1.47,1.13,-0.35,-1.15,0.37,0.34,1.0
-1.08,-0.67,0.92,2.47,1.95,2.99,2.13,0.38,0.82,2.27,1.98,3.61,2.04,2.99,3.94,3.54,2.07,0.78,0.42,2.4,0.44,1.0
-0.01,2.38,0.25,3.27,-0.2,1.55,2.54,2.06,2.68,0.64,3.26,1.82,2.34,3.36,2.64,1.71,2.59,1.36,1.35,-0.81,1.93,1.0
-0.38,0.16,1.76,2.43,2.39,4.45,5.13,5.07,4.53,1.09,0.74,2.08,0.17,-0.01,2.13,1.44,0.45,-0.32,1.52,1.13,0.13,1.0
-0.19,0.33,-0.23,1.42,-0.88,1.98,-0.0,1.88,0.51,1.86,-0.05,3.18,4.2,4.35,7.73,6.37,2.97,2.41,0.24,1.85,-0.9,1.0
1.23,1.13,0.65,0.73,1.13,2.29,2.07,4.89,1.48,3.55,1.63,1.2,1.23,4.15,0.72,2.73,2.92,0.88,0.31,2.07,0.42,1.0
2.51,0.0,0.85,2.12,1.42,2.59,3.14,2.38,3.23,2.58,2.59,1.93,2.35,1.9,2.2,3.97,2.13,3.49,2.31,1.86,0.26,1.0
-0.27,-0.2,-1.41,-1.06,-0.66,2.28,2.42,2.4,2.32,0.96,3.08,1.29,0.21,2.36,4.13,4.47,4.09,0.92,3.35,1.08,0.72,1.0
0.23,0.08,2.19,-1.81,2.58,3.09,1.09,2.99,0.65,3.95,2.52,0.61,2.16,3.0,2.4,4.16,2.04,-0.03,-0.88,-1.62,0.44,1.0
-0.85,-0.71,0.26,1.61,3.16,1.78,2.37,3.7,3.01,1.11,4.99,3.81,2.33,1.06,3.63,2.54,3.34,1.86,0.05,2.38,-1.65,1.0
0.12,0.32,0.86,1.35,2.4,1.84,2.48,0.53,2.57,2.58,1.32,1.89,1.73,3.55,4.61,3.97,2.32,2.09,1.32,-0.78,-0.07,1.0
0.76,-1.83,-0.64,1.21,-0.21,-0.82,1.09,0.65,-1.81,1.56,1.16,4.73,5.08,5.86,4.9,5.82,4.37,5.01,2.55,1.95,-1.65,1.0
0.25,0.93,2.91,3.28,1.66,1.75,2.19,2.24,2.46,2.04,1.9,1.4,2.06,2.34,2.88,4.74,1.52,2.09,0.45,1.41,1.16,1.0
0.13,0.37,1.83,4.13,2.16,2.85,4.13,2.95,2.17,2.58,2.89,2.21,3.09,0.28,2.2,3.0,2.68,0.22,1.35,1.22,-0.03,1.0
-0.14,-0.47,3.56,1.16,2.61,3.47,5.85,4.75,4.41,4.24,0.15,1.53,-0.67,0.4,-0.75,1.98,-0.17,0.65,1.26,2.22,-0.56,1.0
1.19,0.2,-0.27,-0.1,1.95,1.66,3.24,2.31,0.87,3.2,1.04,2.44,1.94,2.92,3.8,0.84,2.24,0.37,0.33,0.54,-0.23,1.0
-0.66,-0.81,1.08,0.29,-0.27,-0.18,0.61,-1.14,0.46,0.06,3.13,2.42,4.07,4.64,5.17,4.8,3.61,1.91,0.54,2.92,0.99,1.0
-0.25,0.51,1.11,0.94,0.7,3.8,2.88,1.67,1.99,0.82,2.09,1.28,3.73,2.43,3.04,1.91,0.15,2.17,1.06,0.02,0.54,1.0
-0.55,1.21,3.48,3.17,3.26,5.01,5.99,4.48,4.94,2.99,2.05,0.3,1.33,0.06,-0.55,0.3,-0.39,-0.51,0.5,-1.05,2.94,1.0
0.8,0.51,1.67,1.79,1.08,0.44,3.61,1.53,0.73,2.27,2.57,2.2,3.52,2.92,2.8,3.32,2.85,0.13,1.24,0.08,0.86,1.0
1.41,2.04,0.27,2.26,1.87,5.86,6.44,2.73,3.57,4.92,1.3,1.06,0.35,-0.11,0.97,-1.16,0.28,0.73,1.16,0.54,-0.87,1.0
0.76,-0.12,-1.39,2.35,1.03,2.17,3.39,3.3,0.33,1.22,1.6,3.1,3.91,3.38,4.44,0.13,3.31,0.93,1.55,0.73,-0.07,1.0
0.15,-0.22,-0.1,2.41,3.01,2.3,4.09,1.6,3.7,3.05,0.92,1.26,1.82,3.02,2.91,1.77,0.63,0.02,2.71,1.29,0.58,1.0
0.35,0.26,1.19,0.2,2.01,5.15,3.9,1.56,2.15,1.79,2.02,2.53,0.88,3.0,0.48,3.22,-0.49,1.65,0.07,-1.01,-0.11,1.0
0.42,-0.07,0.12,0.2,3.57,3.77,4.17,1.75,2.66,1.48,2.63,1.01,0.77,1.24,4.28,1.81,1.29,2.52,-1.06,0.73,0.61,1.0
0.57,-1.25,2.14,0.95,2.1,3.03,3.17,2.85,3.26,4.06,1.97,1.75,1.83,3.8,2.82,2.15,2.57,1.15,1.61,0.25,0.38,1.0
0.75,2.08,1.02,1.28,4.32,3.09,2.34,3.13,0.78,2.14,1.44,0.68,1.47,2.19,2.22,2.27,1.01,2.15,0.05,0.29,0.32,1.0
0.34,1.33,-0.67,1.48,2.84,2.9,5.38,2.77,2.64,1.21,2.48,1.92,3.17,1.35,3.36,1.46,2.37,0.55,1.03,1.9,-0.22,1.0
-0.89,0.06,0.97,-0.86,2.56,1.89,1.23,0.57,3.61,2.67,1.81,1.49,1.8,4.34,4.46,5.17,2.72,2.21,2.13,0.12,0.18,1.0
-2.46,3.36,2.33,4.26,3.14,4.58,5.75,5.04,2.45,3.64,1.8,0.52,0.49,0.8,0.78,-1.62,-0.23,0.52,1.58,1.44,0.5,1.0
0.83,0.33,0.86,1.37,3.17,3.93,4.04,2.46,3.33,3.45,3.13,-0.9,2.7,1.74,1.28,1.73,0.98,0.96,1.13,-0.07,-1.27,1.0
0.49,0.36,1.28,0.73,2.04,3.8,4.05,4.41,1.8,3.9,4.54,1.12,0.66,0.16,2.23,1.42,1.56,-0.49,0.84,-0.87,1.3,1.0
1.51,1.69,-0.4,2.1,0.8,2.59,0.95,2.68,1.48,2.82,1.83,3.34,2.2,2.15,4.93,2.78,3.67,1.47,1.02,-0.19,0.06,1.0
-0.98,0.62,-0.46,0.97,1.68,0.86,1.08,0.15,1.43,1.85,1.44,3.74,3.78,2.56,3.54,4.41,1.44,0.82,0.55,-1.04,-0.39,1.0
-0.16,0.88,2.08,1.9,1.67,3.46,0.97,2.58,2.37,1.18,2.66,2.98,0.71,1.73,4.57,1.1,2.0,0.51,0.77,-0.73,1.07,1.0
0.69,0.21,0.38,-0.56,1.57,1.2,1.89,1.16,1.13,0.55,2.34,3.81,2.32,5.22,3.81,4.15,4.08,1.64,4.7,1.44,0.38,1.0
0.85,1.09,0.73,-0.37,-0.77,0.41,-0.48,0.78,0.74,2.62,3.41,3.74,3.62,6.29,5.12,5.6,4.03,2.49,0.5,1.21,0.62,1.0
0.34,0.82,-0.22,0.61,2.61,1.44,1.51,0.98,-1.72,0.04,2.38,1.74,3.74,5.26,6.69,3.63,3.37,2.36,1.42,-0.71,0.78,1.0
-1.4,0.03,1.17,2.17,1.97,2.43,3.41,3.81,1.38,2.77,1.72,2.55,1.53,1.63,4.13,1.98,4.45,-0.16,2.54,0.53,-1.12,1.0
-0.85,0.98,3.43,2.68,3.99,4.72,4.88,3.46,3.08,2.43,1.24,2.95,1.42,0.82,1.72,0.88,-0.07,0.39,-1.67,0.07,-0.62,1.0
1.96,0.65,0.19,3.74,3.28,3.94,5.57,2.83,2.13,3.0,2.2,2.16,-0.29,-0.9,-0.9,1.93,2.65,0.76,-0.42,-0.63,-0.65,1.0
0.51,0.82,0.74,3.12,1.28,3.17,2.32,1.55,1.1,3.85,3.71,2.68,2.24,3.43,2.73,1.58,3.13,1.39,0.19,0.79,-2.14,1.0
-0.03,0.87,0.97,-0.78,0.41,2.06,2.95,1.96,2.45,1.12,2.64,1.76,1.27,3.13,2.76,2.33,0.96,1.53,2.4,0.64,-1.45,1.0
-0.71,-0.29,2.43,3.52,4.58,5.52,5.92,5.05,3.33,0.49,1.03,0.5,0.84,0.6,-0.76,0.36,1.52,0.74,0.03,0.76,0.44,1.0
0.09,0.96,2.55,4.53,4.35,3.15,6.64,4.79,4.24,3.57,1.47,0.95,0.61,0.42,1.13,1.36,1.19,-1.43,0.06,0.37,0.24,1.0
-0.09,0.9,3.08,1.65,4.86,3.1,4.94,4.13,1.54,2.56,2.72,1.73,1.51,1.98,2.27,0.71,0.34,1.1,0.03,2.47,-0.09,1.0
-0.27,-0.77,0.94,1.4,0.63,2.49,2.45,2.56,2.05,1.79,3.08,3.52,3.32,2.57,2.82,4.17,2.38,0.91,1.86,-1.0,-0.67,1.0
0.38,0.65,2.83,1.74,2.58,3.79,4.67,4.82,4.89,4.1,2.15,2.19,1.6,2.19,2.54,0.44,-0.49,-0.26,0.36,-0.69,0.74,1.0
0.5,0.93,1.93,0.63,2.13,1.65,4.22,4.03,4.19,1.33,0.91,4.12,0.57,-0.18,2.91,2.17,0.27,1.79,0.32,0.83,1.06,1.0
-0.41,0.77,2.59,1.74,3.57,3.39,5.17,3.76,3.85,2.6,2.66,1.93,-0.16,-1.09,1.31,0.54,-0.07,0.47,1.1,0.16,-0.78,1.0
-0.08,0.44,-0.52,-0.45,0.44,0.35,-0.35,-1.03,0.2,1.59,1.43,1.72,4.55,4.61,4.28,5.53,2.42,2.41,1.5,1.29,-1.76,1.0
-0.03,-0.65,-0.06,-0.14,0.05,3.06,2.17,1.39,-0.25,1.8,1.86,3.03,1.62,4.35,5.52,2.72,2.33,1.72,0.57,0.52,0.85,1.0
-0.17,-0.1,2.13,1.24,1.35,5.03,4.45,4.84,3.79,3.32,2.46,-0.26,0.68,-0.45,0.53,0.55,0.06,0.8,-0.88,0.54,-1.16,1.0
-1.71,0.71,0.75,2.4,1.56,3.38,2.28,2.58,1.32,2.5,1.18,2.35,2.6,4.69,3.79,3.44,1.85,3.75,-0.56,0.47,-1.45,1.0
-0.88,-1.07,1.24,1.17,2.37,0.61,2.68,1.89,0.31,2.07,1.4,4.02,1.53,3.57,3.52,1.46,2.46,0.86,1.96,0.42,0.02,1.0
1.39,0.56,1.02,2.98,3.94,3.38,4.51,4.74,2.43,2.33,0.74,4.14,2.48,1.67,1.04,1.28,0.8,0.73,-2.04,1.21,-0.08,1.0
-0.06,1.0,-0.43,0.13,0.71,2.84,1.67,3.59,0.83,1.02,0.62,2.65,2.27,3.85,3.4,2.72,1.39,1.63,1.62,-0.7,2.43,1.0
-0.64,-0.4,0.77,0.59,1.09,1.34,1.31,1.6,1.77,1.73,0.38,1.18,1.71,3.1,3.24,3.54,2.6,3.63,1.59,0.88,0.85,1.0
0.03,1.51,1.71,1.85,1.31,2.17,1.21,-0.27,3.34,1.22,2.35,2.32,2.09,3.36,5.5,5.06,3.3,2.92,2.4,0.87,0.45,1.0
0.86,2.08,-0.12,1.27,0.88,-0.39,0.25,1.35,-0.3,2.16,2.72,3.62,4.08,5.69,5.19,3.77,3.81,5.26,2.3,0.07,0.5,1.0
0.96,0.03,0.6,0.82,3.24,0.97,2.7,1.62,1.7,1.79,2.72,3.32,3.24,3.75,3.89,3.37,3.0,2.29,0.38,-0.58,-0.76,1.0
0.57,0.18,2.14,1.46,1.91,0.9,3.17,2.3,0.73,2.2,2.68,0.53,2.42,3.52,3.69,3.26,1.62,3.77,1.4,0.03,2.64,1.0
-1.53,1.94,1.58,1.48,3.77,3.71,6.22,3.85,4.66,2.48,0.85,1.04,0.27,0.83,0.74,-0.96,1.21,0.53,-1.61,1.78,-0.84,1.0
1.33,-0.1,-0.45,1.55,-1.1,1.59,0.01,0.67,0.1,0.79,2.13,3.37,4.35,4.7,6.33,5.44,3.9,2.49,0.82,2.72,2.46,1.0
-1.34,0.75,1.1,1.74,1.22,2.48,3.85,2.27,3.69,3.49,1.82,2.19,0.59,0.89,1.05,1.6,0.19,0.12,0.95,0.8,-2.15,1.0
0.43,0.62,0.45,0.98,2.51,4.62,6.21,3.13,1.54,3.68,4.03,0.99,-0.41,0.82,1.26,0.98,1.96,-1.15,-0.66,-0.28,-0.21,1.0
0.02,-0.65,2.48,1.23,2.93,4.03,4.58,3.65,2.98,3.44,2.92,0.86,0.12,0.59,1.94,3.13,0.5,-0.03,-0.54,1.36,0.12,1.0
1.4,1.59,-1.23,0.34,1.25,1.75,1.66,1.24,0.91,0.45,2.95,2.42,4.01,2.76,5.57,3.2,2.22,1.45,0.29,-0.15,-1.26,1.0
0.19,0.31,1.05,1.82,2.32,2.45,2.39,3.31,2.1,0.05,1.72,1.92,0.86,2.39,1.9,2.13,1.48,1.45,1.02,0.98,0.9,1.0
-0.65,-1.24,3.02,3.36,5.01,4.07,5.02,4.26,4.3,3.26,3.44,1.56,1.37,-0.05,-0.84,1.52,2.88,-0.72,0.66,-1.25,0.86,1.0
0.73,1.08,0.33,2.66,1.31,3.17,2.52,2.4,2.08,2.46,1.26,1.51,2.02,5.02,3.44,2.89,3.82,2.29,1.66,1.15,0.15,1.0
-1.0,-0.05,0.85,2.04,0.48,2.07,3.69,-0.44,0.53,2.37,2.35,2.9,1.82,3.45,4.83,4.55,3.43,3.46,1.66,3.29,1.39,1.0
0.32,0.61,1.86,2.3,2.91,2.04,2.05,2.36,0.51,1.7,2.76,2.66,2.83,2.3,2.42,3.95,1.82,2.74,1.19,1.24,1.52,1.0
-0.68,1.71,1.78,0.29,1.48,0.4,1.62,2.03,2.23,1.22,0.23,2.77,2.01,3.65,5.47,2.15,3.28,1.55,-1.16,1.19,1.02,1.0
0.71,0.63,1.39,-0.66,0.26,0.37,-0.0,0.09,0.01,1.75,2.24,3.14,2.92,6.35,5.93,5.04,3.66,2.14,2.27,1.09,-0.76,1.0
-0.58,1.02,1.72,2.2,1.23,2.65,4.07,3.3,0.89,-0.39,1.8,2.64,2.8,0.74,2.93,2.42,2.3,2.46,-0.77,1.08,1.08,1.0
0.13,-0.09,1.43,-0.05,0.9,3.32,3.23,2.58,1.76,1.32,3.58,3.87,2.1,1.59,4.1,1.64,-0.98,1.88,0.14,-0.11,-1.1,1.0
-0.39,-0.8,1.48,0.77,-0.94,0.59,1.9,1.76,0.73,-0.53,3.63,2.83,4.41,4.2,3.51,4.27,2.84,2.46,-0.22,0.45,-0.11,1.0
-1.16,-0.83,0.39,-0.23,2.32,2.04,0.41,2.19,-0.29,0.69,2.87,3.33,2.74,4.88,6.66,6.58,3.53,-0.96,1.35,1.32,-0.65,1.0
-0.58,0.86,1.82,0.4,2.13,1.11,2.59,2.65,2.21,3.43,2.88,1.58,1.84,3.2,1.6,2.89,2.46,2.39,0.48,0.77,0.23,1.0
-2.65,-0.09,-0.38,1.11,0.12,1.11,1.57,2.59,-1.27,-0.96,3.52,3.29,3.69,5.96,4.08,6.31,3.31,1.91,1.11,3.01,1.92,1.0
-0.17,0.56,0.49,0.68,2.2,2.73,3.54,4.79,1.52,3.16,3.28,2.0,3.08,3.81,3.4,2.77,1.8,3.08,2.32,2.17,-0.48,1.0
-0.12,1.85,0.36,0.07,2.13,3.67,4.48,2.17,3.84,-0.22,0.77,1.94,1.82,4.1,2.6,3.16,3.86,1.65,1.45,-1.6,1.78,1.0
-0.29,-1.69,2.18,1.98,2.78,3.96,4.4,1.86,2.43,2.15,2.64,1.92,1.71,0.91,1.99,1.49,1.25,1.21,1.44,0.27,-0.25,1.0
-0.63,-0.63,0.19,0.87,1.39,2.13,-1.0,2.14,0.65,0.7,1.72,3.13,3.49,4.54,4.58,4.1,4.86,3.72,0.62,-0.02,-0.97,1.0
-0.3,2.01,0.33,0.83,1.61,2.26,1.98,2.69,1.49,2.74,2.84,0.35,1.26,2.25,1.6,1.57,-0.72,1.36,0.39,1.52,-0.1,1.0
-0.08,1.08,1.04,1.18,1.96,0.09,2.16,0.53,0.43,3.1,2.3,3.4,2.92,5.94,4.53,6.71,4.59,1.03,1.91,1.51,-0.31,1.0
0.12,0.11,2.24,0.42,1.75,3.08,2.51,3.63,1.32,1.56,0.48,1.17,-0.05,3.38,4.51,4.37,2.42,1.79,-0.42,0.6,0.27,1.0
0.91,-0.46,2.61,3.01,3.42,2.33,3.57,2.66,2.99,0.97,2.11,2.26,2.14,2.26,2.0,1.43,-1.05,1.25,0.89,0.11,1.29,1.0
0.56,-0.66,1.19,-0.15,3.04,0.88,2.48,4.21,1.25,-0.55,1.94,3.2,1.67,2.87,4.03,1.99,1.53,0.12,1.34,-0.81,-0.59,1.0
0.84,0.34,1.89,0.07,3.53,4.9,5.19,6.45,2.2,1.29,2.32,1.83,-0.04,-0.75,0.02,1.2,1.05,1.95,0.51,0.76,2.2,1.0
-0.81,0.2,1.88,1.45,3.47,2.96,5.51,4.42,4.52,2.51,2.71,0.91,1.96,-0.58,1.8,-0.68,-0.53,1.99,-0.42,0.18,1.29,1.0
0.03,-0.95,0.12,1.65,0.62,0.87,0.81,2.83,1.2,3.4,-0.41,2.1,1.88,2.88,1.73,4.14,1.66,2.77,1.35,1.7,0.99,1.0
1.51,-0.26,2.98,1.31,2.31,3.58,2.75,1.39,2.65,2.62,1.41,1.37,2.12,1.95,2.17,2.01,4.44,-0.13,0.42,0.68,1.41,1.0
-0.24,0.06,1.8,2.44,1.39,2.41,2.92,2.58,2.32,2.17,2.58,1.77,2.37,3.31,3.84,4.5,1.01,2.9,1.54,0.84,0.52,1.0
0.9,0.79,1.09,1.48,-0.87,-1.03,0.33,0.42,0.24,2.03,0.89,1.75,7.04,6.35,6.04,4.1,2.38,2.34,0.26,1.19,-0.41,1.0
-0.9,0.85,1.4,3.3,3.31,4.58,4.73,3.38,3.97,3.24,1.09,0.43,1.83,3.09,0.28,2.8,2.29,-2.59,-0.76,0.02,1.34,1.0
-0.48,0.29,0.87,2.46,2.34,4.56,4.37,4.44,4.05,2.62,1.08,-0.49,1.3,0.28,2.24,1.05,-0.95,0.11,0.46,-0.21,1.31,1.0
0.53,1.45,1.16,2.52,4.46,3.68,3.58,2.41,2.08,1.19,1.63,1.12,1.95,0.74,2.48,1.84,1.78,0.66,0.84,1.52,0.26,1.0
1.52,-1.04,1.49,2.94,1.12,0.46,1.67,2.26,-0.05,1.43,2.42,2.38,4.6,4.84,5.68,3.37,3.6,1.13,0.89,0.98,0.45,1.0
1.45,1.89,-0.41,1.22,2.48,2.38,7.05,2.9,2.64,1.12,3.76,3.16,3.0,3.2,2.49,2.78,1.86,1.74,-0.13,0.81,-1.84,1.0
0.53,-0.41,-0.11,1.44,0.81,2.1,1.52,4.37,0.49,2.22,0.6,3.48,2.4,4.3,4.05,3.31,2.19,3.89,2.52,2.58,-1.19,1.0
-0.88,0.52,2.49,1.44,1.89,3.44,5.08,3.71,4.72,0.88,2.82,0.04,0.92,1.17,3.08,-0.01,0.57,0.34,0.73,1.5,0.28,1.0
0.09,-1.78,0.87,1.5,3.21,2.98,4.59,3.9,2.92,3.66,2.45,1.54,0.13,1.47,2.9,-0.94,1.12,0.63,1.03,0.13,1.47,1.0
-0.14,0.38,1.34,3.57,2.93,4.58,3.67,2.82,3.15,3.8,1.7,2.58,-0.84,0.63,-1.0,2.16,0.87,0.69,-0.34,-0.12,-0.04,1.0
-1.48,-0.51,0.93,2.42,2.54,4.82,3.61,3.13,3.4,2.0,1.78,0.84,2.42,0.07,2.17,0.85,2.04,2.2,1.7,-0.03,1.27,1.0
0.57,0.65,1.1,0.41,2.68,2.75,3.72,4.44,3.05,2.52,1.69,1.03,0.92,1.66,2.82,1.13,1.46,0.81,-0.48,-2.38,1.74,1.0
-0.46,1.4,-0.95,0.92,2.72,2.79,1.44,2.87,2.45,0.35,2.77,1.7,2.66,3.84,3.09,1.12,2.77,1.16,0.18,-0.88,1.49,1.0
-0.08,0.78,1.61,1.01,0.01,0.91,1.47,-0.04,0.29,0.11,2.65,3.69,1.56,6.08,5.38,3.42,4.76,3.58,0.33,0.42,-0.31,1.0
-0.97,0.26,0.77,2.68,2.99,5.46,3.33,3.59,2.44,3.46,2.9,1.91,-0.32,0.29,0.03,1.44,0.27,0.5,0.56,0.87,-1.41,1.0
-1.6,0.38,2.45,2.55,3.31,4.85,5.38,1.38,0.84,2.57,2.16,2.36,1.14,2.7,1.22,1.85,2.17,-0.01,0.69,0.23,1.09,1.0
-0.5,-0.46,0.0,3.0,1.92,3.11,3.98,2.31,3.09,0.4,3.16,1.97,2.27,2.52,2.54,1.36,0.59,1.99,2.52,-2.77,-1.34,1.0
0.89,-0.17,0.55,1.79,0.03,0.6,1.88,3.17,-0.48,1.51,1.85,2.96,1.59,3.98,4.05,3.81,4.79,1.84,3.5,-0.86,0.54,1.0
1.02,2.25,2.17,2.91,3.06,2.51,3.29,4.42,4.08,1.24,2.59,1.84,1.59,2.72,1.85,1.25,0.14,1.82,0.89,-0.62,-0.48,1.0
0.24,0.62,-0.55,0.75,1.77,1.31,2.51,2.66,3.67,1.84,2.63,3.11,3.03,3.71,4.25,1.0,2.0,1.97,2.31,0.71,-0.29,1.0
-0.08,-0.81,-0.48,-0.5,-1.94,0.04,1.99,-0.4,-0.62,1.04,2.55,2.1,5.1,6.14,6.41,4.86,3.54,1.05,3.14,2.3,-1.22,1.0
1.63,0.29,1.79,2.79,1.55,4.58,1.65,4.35,0.47,1.68,0.3,1.3,1.2,2.89,3.58,4.12,2.01,2.63,0.44,0.97,0.78,1.0
0.67,0.25,0.85,0.56,3.36,2.35,1.97,2.1,1.52,1.49,1.86,1.79,1.89,3.28,3.46,2.61,1.82,1.36,0.11,2.06,-0.56,1.0
0.57,0.23,3.42,2.97,2.68,2.61,3.67,1.95,2.61,2.91,1.45,1.18,1.2,2.87,1.24,-0.05,0.52,0.51,1.03,-0.23,-0.27,1.0
0.13,1.34,0.78,3.73,2.96,2.19,3.45,3.59,1.39,3.76,2.46,1.21,1.23,1.9,0.29,1.96,2.55,0.07,0.33,0.2,0.03,1.0
0.08,0.42,0.55,1.2,0.78,0.68,1.59,2.6,0.84,1.77,2.47,3.8,1.99,3.74,4.53,5.75,2.54,0.7,2.75,1.23,-1.39,1.0
0.13,0.58,1.12,2.35,3.71,2.68,4.38,3.46,1.06,1.64,1.77,2.88,1.56,2.48,3.02,0.85,2.46,1.93,1.18,1.71,-1.61,1.0
1.39,-0.39,0.37,-0.46,1.24,-0.75,1.28,2.33,-0.06,-0.39,1.6,3.5,0.85,4.4,6.13,4.41,2.41,2.87,1.86,-0.2,0.25,1.0
-0.18,1.38,0.91,2.57,2.25,3.61,2.78,3.7,3.15,3.79,0.95,0.68,0.75,0.08,3.71,1.01,1.53,-0.07,1.11,0.27,0.82,1.0
0.87,1.22,1.08,2.97,4.44,3.99,3.63,3.68,2.97,3.42,0.59,0.7,0.73,-0.14,-1.62,0.57,0.93,0.43,0.16,-0.36,0.21,1.0
-0.82,1.58,0.69,1.02,1.59,0.57,3.2,3.37,0.53,1.84,1.52,2.99,1.79,1.89,1.76,1.27,1.22,1.08,0.5,-0.17,0.18,1.0
-0.65,1.87,0.45,1.73,5.54,4.66,4.57,4.2,1.96,1.89,1.21,-0.42,0.96,0.13,1.17,-1.25,1.22,-0.6,-0.16,1.46,-0.23,1.0
0.61,0.63,1.68,1.16,2.44,4.47,4.51,3.87,5.16,3.19,1.39,0.72,0.98,1.98,1.71,-0.08,-0.37,2.28,0.96,-1.63,-0.16,1.0
0.4,0.76,1.53,1.99,1.72,3.05,1.49,2.19,0.85,2.4,1.85,2.52,2.91,2.72,4.55,4.23,2.65,0.25,2.29,0.29,-1.26,1.0
1.53,0.48,0.37,-0.04,0.52,1.61,3.12,0.42,0.32,2.41,2.63,2.73,2.42,4.47,3.83,4.56,2.12,1.76,0.42,0.25,0.69,1.0
0.42,0.58,1.21,2.2,0.06,1.59,0.68,1.72,1.87,0.58,1.94,1.64,3.12,5.24,3.81,2.49,4.0,1.07,1.63,1.51,-2.14,1.0
-0.03,-0.68,1.87,1.81,1.12,2.42,1.44,1.18,0.64,1.01,3.12,2.5,2.08,2.91,2.86,2.54,2.51,1.2,2.7,-0.5,0.93,1.0
0.09,1.22,3.67,3.55,4.18,3.42,3.43,4.56,3.01,2.34,1.67,2.64,1.27,1.65,2.8,-0.57,0.62,1.2,-0.37,-0.13,1.67,1.0
0.55,0.65,0.12,1.2,2.59,1.76,0.65,0.55,-0.18,1.85,1.61,1.85,2.82,2.33,4.94,3.77,3.08,1.83,0.93,2.19,0.08,1.0
0.41,0.3,2.18,1.89,3.46,3.93,3.58,3.81,1.7,1.88,0.63,0.04,1.93,2.38,2.32,1.34,1.88,1.44,0.22,1.2,-1.01,1.0
0.25,2.44,0.83,3.47,2.84,4.6,4.75,4.03,2.86,2.85,3.56,2.89,0.77,2.24,1.23,0.52,3.43,1.53,1.6,2.04,-0.95,1.0
1.4,0.3,-0.37,0.49,2.04,1.16,2.61,0.92,3.29,0.54,3.09,4.0,2.82,3.61,6.35,3.49,4.48,1.82,-1.5,-1.27,0.92,1.0
-0.45,1.06,-1.09,0.54,2.12,2.28,1.91,1.71,0.69,3.09,2.4,0.86,4.44,4.31,4.01,3.49,2.16,2.29,0.83,1.73,1.95,1.0
0.07,1.98,3.38,1.25,5.73,6.76,6.58,2.82,3.02,5.58,3.94,0.73,0.72,-0.35,1.32,-1.04,0.73,0.67,-0.03,0.33,1.29,1.0
0.23,1.26,0.29,0.84,0.58,0.34,0.01,1.78,-0.59,0.91,2.62,2.44,3.56,4.91,5.37,4.04,2.74,3.26,3.0,1.23,1.23,1.0
1.33,0.81,0.85,1.73,1.11,2.63,0.74,1.52,-0.54,0.77,3.27,3.35,1.92,2.44,2.21,5.25,3.42,3.55,3.87,-1.72,0.87,1.0
1.26,0.33,1.46,1.14,3.89,3.51,2.18,1.89,3.55,2.14,2.92,3.52,1.22,1.41,2.6,4.82,1.0,1.45,1.72,0.04,-0.26,1.0
-0.5,0.14,-0.43,2.15,1.4,3.07,3.0,2.42,1.41,2.94,1.12,1.2,3.89,3.44,4.37,3.58,3.58,2.22,0.97,0.61,-0.25,1.0
-1.28,0.36,1.14,2.87,2.56,3.28,5.61,4.37,2.82,4.35,1.91,2.31,1.02,1.82,3.38,2.8,0.98,0.72,0.31,-0.99,1.02,1.0
0.78,-0.36,1.15,-1.36,2.5,2.4,1.45,1.74,0.94,2.72,2.81,1.44,2.69,4.53,5.03,2.03,2.6,1.57,0.7,-0.85,0.77,1.0
-0.32,0.08,2.34,1.62,2.59,3.14,1.34,2.22,1.79,2.01,2.74,2.49,1.59,2.61,3.01,2.47,2.11,1.73,2.21,1.3,0.24,1.0
-1.47,-0.4,-0.45,1.38,2.14,1.77,1.12,3.25,0.35,0.09,1.46,3.5,3.02,2.92,3.1,3.98,1.98,0.24,-0.37,0.36,0.76,1.0
0.82,0.84,1.33,2.33,1.16,4.25,5.02,2.47,3.92,3.29,3.87,2.23,-0.5,1.32,0.13,1.91,0.07,0.96,2.67,0.36,-0.97,1.0
-1.61,0.87,-0.54,-0.3,1.77,-2.65,-2.11,0.29,0.52,0.82,3.09,1.93,3.91,4.63,5.88,3.9,4.15,3.59,1.98,-1.5,-1.15,1.0
-0.54,-1.02,2.28,0.6,2.38,3.9,1.71,3.65,1.27,2.91,1.03,2.24,4.28,2.12,4.78,2.59,2.41,2.1,0.69,1.45,1.32,1.0
1.45,1.88,-0.3,1.48,3.2,-0.43,3.06,0.43,1.16,1.43,3.3,0.08,3.85,2.96,5.1,4.37,3.63,0.94,1.35,1.44,1.4,1.0
0.39,1.06,0.99,2.95,3.57,3.63,5.76,3.99,3.23,4.26,1.96,1.68,0.75,-0.51,2.78,1.0,1.92,1.6,-0.25,0.42,0.72,1.0
0.21,3.04,0.82,1.95,3.97,1.61,2.12,3.18,4.25,4.27,1.09,1.06,2.11,0.74,2.62,2.99,1.23,0.61,1.79,2.76,0.5,1.0
-0.57,-1.29,1.25,0.98,-0.68,0.81,0.78,0.58,-0.21,1.41,1.75,1.84,4.21,5.6,4.73,5.56,3.53,1.88,2.36,0.6,-0.69,1.0
0.33,0.94,0.56,3.99,4.49,5.41,5.25,3.81,1.96,2.91,2.99,1.18,-0.0,0.73,0.99,-1.11,-0.81,-0.54,1.81,0.77,-0.52,1.0
-0.4,-1.39,1.73,0.38,2.49,1.97,2.95,1.99,1.33,1.74,3.13,2.76,4.02,4.82,1.63,2.62,2.16,0.35,0.33,0.18,-1.6,1.0
1.35,0.45,1.09,2.88,2.56,3.93,1.74,2.3,2.56,2.31,1.65,0.77,2.01,-0.75,2.84,2.37,0.35,1.64,1.72,1.65,-0.97,1.0
0.76,0.05,0.08,0.68,1.31,2.33,0.26,2.11,-0.56,1.36,1.37,2.32,2.53,4.18,5.03,4.56,2.67,1.18,2.42,1.88,-1.86,1.0
0.44,0.24,0.46,3.07,0.12,0.93,0.4,0.53,3.54,0.77,1.75,1.99,4.89,4.93,4.55,4.57,2.72,2.5,2.53,-0.28,-1.17,1.0
1.15,1.94,0.17,0.81,3.04,4.53,2.94,3.94,3.23,2.3,0.12,-0.49,-0.02,1.37,2.29,0.55,0.97,1.74,0.7,0.01,-0.67,1.0
0.56,0.2,1.43,0.57,3.63,1.17,-0.06,2.44,0.74,2.62,3.14,1.24,1.17,3.36,1.98,3.88,3.14,0.38,2.82,-0.08,-0.56,1.0
-2.3,-0.33,2.24,1.49,1.03,5.3,4.96,5.49,3.12,1.02,1.2,1.09,-0.45,1.14,0.56,0.34,-0.09,0.52,-1.97,-0.4,-2.29,1.0
0.36,1.28,0.42,-0.25,0.14,0.2,0.47,-0.42,0.78,-1.79,1.51,2.31,3.28,6.12,5.75,3.6,3.9,3.35,2.0,0.02,0.44,1.0
-1.14,0.14,0.61,0.43,0.41,-0.11,1.88,2.25,-0.32,0.13,2.58,3.65,1.56,4.39,4.02,3.66,1.35,3.78,0.78,-0.03,0.45,1.0
-0.86,0.52,3.18,1.26,2.83,2.67,3.47,4.43,3.4,2.78,1.72,3.18,1.96,2.68,4.79,1.42,0.05,1.17,0.58,0.68,-1.19,1.0
-0.15,1.2,3.05,3.71,2.35,6.15,6.31,3.39,3.58,3.0,3.97,1.84,0.14,0.97,-0.98,-0.08,0.58,-0.14,1.14,0.17,-1.29,1.0
-1.05,-1.12,0.98,3.67,3.86,4.66,5.1,5.54,4.02,3.43,0.98,1.53,1.1,-0.85,0.17,-0.09,1.58,0.98,2.93,-1.05,-0.08,1.0
-0.92,0.57,0.47,-0.06,0.41,1.57,1.45,0.84,-1.44,1.54,2.95,2.78,3.25,3.38,3.57,2.81,2.83,2.38,0.3,-0.27,-0.1,1.0
-0.41,0.64,0.39,1.16,3.5,1.65,4.49,2.27,1.85,1.99,1.45,1.46,1.36,4.0,4.4,3.35,1.62,0.99,2.05,2.19,0.69,1.0
-0.29,1.32,2.27,1.61,3.41,2.7,2.02,3.3,1.21,2.69,2.24,3.35,2.76,2.65,4.53,2.64,5.03,1.13,1.3,0.04,-0.29,1.0
-1.01,1.69,2.14,2.16,2.49,3.83,3.13,2.36,2.73,1.49,2.65,1.91,-0.4,1.06,1.42,2.75,0.99,1.0,3.11,0.65,-0.48,1.0
-1.94,-1.14,0.61,-0.13,1.22,-1.3,1.37,0.57,0.18,2.04,3.06,2.65,3.73,2.84,6.26,5.58,4.65,3.86,2.15,2.41,-0.1,1.0
-0.37,0.07,0.32,0.19,2.3,0.95,0.97,2.72,1.13,0.57,1.78,1.08,3.22,3.19,3.41,3.5,2.71,2.38,0.38,1.01,0.75,1.0
-0.04,-0.25,1.34,2.37,2.9,3.4,3.97,1.35,2.61,1.13,3.1,2.23,1.12,0.57,1.7,2.41,1.4,0.74,1.84,-0.81,0.27,1.0
-0.38,1.57,0.6,2.33,2.46,0.57,2.86,3.87,1.9,0.52,1.92,1.02,1.91,2.95,4.98,2.89,2.1,2.26,1.27,0.54,-0.51,1.0
-0.52,-0.27,3.25,2.87,3.16,4.23,3.83,2.43,3.69,4.34,2.35,-0.05,0.14,-0.56,2.71,0.42,1.35,0.76,1.47,1.04,-0.47,1.0
1.18,-0.64,0.36,-0.0,0.57,0.71,0.79,-0.45,0.92,1.7,0.61,2.54,3.85,3.21,5.23,3.63,5.8,1.8,1.28,0.41,-0.77,1.0
-0.68,1.23,0.76,1.58,1.7,0.89,4.0,1.78,1.41,1.16,2.63,2.27,3.87,3.78,3.89,3.04,3.08,2.23,2.2,1.98,-1.74,1.0
0.72,-0.04,0.66,-0.07,0.57,1.6,-0.45,-0.61,0.77,0.9,1.81,3.2,4.61,4.03,5.08,5.3,2.65,3.04,2.85,0.08,0.21,1.0
1.64,-0.47,1.36,2.12,3.27,3.31,4.29,4.19,4.08,1.02,2.06,2.45,1.13,3.67,1.86,1.67,1.82,0.52,-0.09,-1.64,-0.96,1.0
-0.59,0.68,1.57,1.55,2.57,4.68,4.2,7.1,5.38,2.47,1.04,1.34,1.95,-0.21,2.77,0.77,-1.54,0.54,0.38,-0.86,0.51,1.0
-0.48,0.18,0.63,2.55,0.5,1.05,-0.59,-0.15,0.3,1.79,3.25,3.1,1.03,3.23,3.75,5.39,3.93,3.79,-0.71,-0.23,-0.56,1.0
2.17,1.1,0.63,0.91,2.56,2.38,5.0,3.29,2.39,2.59,5.32,1.78,3.21,2.05,1.72,-1.38,1.44,-0.07,0.72,1.06,-1.17,1.0
0.67,1.23,1.98,3.56,2.49,2.72,4.66,4.51,2.05,1.91,1.55,1.85,1.1,-0.31,1.38,0.91,1.89,1.21,0.69,0.54,-1.29,1.0
-1.6,-1.84,1.32,1.45,1.79,3.19,4.46,2.63,2.4,2.05,2.74,3.29,-0.95,3.68,1.93,2.24,0.76,0.43,2.26,1.49,-0.75,1.0
-1.16,0.91,1.25,0.89,5.16,3.41,6.03,5.79,3.37,3.23,1.48,2.55,1.53,-0.13,2.31,2.33,0.81,2.0,-0.99,1.05,0.06,1.0
0.67,1.25,2.24,0.91,3.56,5.28,6.83,6.39,4.02,3.39,2.18,1.9,1.89,0.76,-0.38,-0.4,-0.21,-0.25,-1.06,-1.28,-0.65,1.0
0.44,-0.22,1.07,1.05,2.3,3.23,3.72,5.46,3.06,3.29,1.44,1.2,1.06,0.68,0.61,0.83,1.35,-0.04,0.77,-0.05,0.24,1.0
0.78,1.61,-0.08,0.93,1.41,2.65,1.51,0.54,0.42,0.93,2.71,2.84,1.91,3.19,4.35,3.24,4.65,1.13,2.4,2.24,-1.51,1.0
-1.0,1.02,0.9,-0.26,-1.48,-1.44,1.76,0.44,2.64,2.48,2.94,2.6,3.97,3.99,7.57,4.13,3.42,1.56,1.64,1.29,0.2,1.0
-0.56,0.53,0.34,0.4,2.83,3.2,3.76,3.35,2.43,3.65,2.77,0.92,1.41,2.59,1.37,1.78,1.2,0.02,0.42,0.42,0.12,1.0
0.17,1.37,1.99,2.55,1.72,2.02,3.84,3.61,2.2,2.72,0.09,1.71,1.91,0.66,0.72,1.38,0.15,-0.18,0.58,0.09,1.48,1.0
-0.48,-1.94,0.63,1.35,0.01,-1.43,0.74,-0.77,1.65,1.55,2.05,2.43,3.9,6.71,5.3,4.12,4.43,2.75,1.06,0.34,-0.61,1.0
-0.91,1.11,0.38,0.4,2.22,3.61,2.99,2.57,1.03,0.34,1.42,3.09,3.23,2.64,2.57,3.48,2.15,3.17,1.49,-0.3,0.11,1.0
-1.14,0.97,0.78,3.61,4.8,5.64,6.55,6.5,4.81,3.67,0.68,0.43,0.02,0.65,1.23,-0.21,-0.28,2.02,0.2,-0.79,-1.66,1.0
-0.03,2.54,2.62,2.44,3.41,5.67,3.71,6.12,3.09,2.68,2.22,0.83,1.69,0.43,-0.68,-0.12,0.85,0.32,-0.62,-0.24,-0.75,1.0
-1.66,1.3,1.3,0.96,3.39,4.2,3.9,3.98,2.23,1.06,0.94,2.82,2.77,1.55,2.73,4.4,-0.17,2.08,-0.95,0.04,0.64,1.0
-2.63,0.88,1.83,0.49,4.29,5.16,4.2,5.28,4.3,2.22,3.56,0.69,0.07,0.42,0.07,0.12,0.5,0.27,-0.51,-0.73,0.41,1.0
0.24,0.37,0.32,2.15,2.72,1.84,3.34,2.15,2.65,2.48,1.5,1.83,1.38,1.69,3.18,0.13,0.09,1.73,-0.2,1.57,0.45,1.0
1.68,0.14,2.77,2.97,4.35,4.67,6.27,4.7,4.29,3.95,2.23,-0.01,0.49,-0.5,-1.2,-0.84,0.57,2.01,0.11,0.73,-0.65,1.0
0.29,1.66,0.33,0.97,1.72,2.57,2.61,2.01,1.19,3.02,2.56,2.37,0.93,1.4,2.72,4.01,2.11,1.81,0.51,-0.25,0.55,1.0
-1.47,0.48,1.77,2.16,1.62,0.49,4.42,3.27,2.21,1.15,2.3,0.5,1.62,0.75,1.8,1.62,2.41,0.81,1.1,-0.67,0.27,1.0
0.66,-0.03,1.96,1.07,0.6,4.39,6.73,4.27,3.44,3.04,1.86,1.39,3.22,1.06,2.41,2.84,0.92,1.65,0.43,0.87,0.85,1.0
1.43,1.52,1.58,2.13,2.84,3.57,5.99,5.59,3.54,2.61,2.23,2.32,0.56,0.24,1.58,1.16,0.43,1.44,0.32,0.74,1.04,1.0
0.06,0.27,1.36,2.78,0.33,2.08,0.56,0.0,1.93,1.19,2.99,1.69,3.63,3.73,4.19,3.84,2.56,2.73,2.3,1.2,-0.11,1.0
0.21,1.25,0.04,0.34,0.4,-0.1,-0.01,0.07,0.4,1.33,1.59,3.57,2.86,6.6,6.54,3.94,2.26,3.44,0.42,0.25,0.61,1.0
1.82,1.08,0.77,3.48,1.24,5.78,4.92,4.24,4.21,1.88,2.37,0.98,1.53,1.49,0.44,-0.05,0.11,0.44,-1.54,-1.35,-0.64,1.0
-2.47,0.86,0.46,3.27,2.89,4.21,5.93,5.1,4.19,2.07,3.14,0.98,0.91,0.56,2.51,0.93,1.1,0.56,-0.13,0.9,-0.97,1.0
-0.21,0.11,0.66,0.08,-1.51,0.32,0.82,0.6,-0.55,0.87,1.89,2.12,2.72,4.96,5.37,5.86,4.39,3.72,0.87,1.61,-0.85,1.0
-0.64,-0.78,0.11,1.46,1.18,0.68,0.32,2.37,3.37,2.36,2.7,3.99,2.93,1.58,4.13,3.98,5.07,2.65,0.99,2.64,0.14,1.0
-0.12,-0.94,1.29,2.59,2.42,3.55,4.94,3.25,1.9,2.07,0.51,1.45,2.5,0.12,1.41,2.78,0.64,0.62,-0.01,-0.79,-0.12,1.0
-0.6,0.08,2.31,0.94,2.45,6.63,7.52,4.68,3.61,2.25,0.78,1.81,-0.08,-0.08,0.14,2.29,1.81,1.8,-0.81,1.26,0.7,1.0
1.05,2.06,0.78,4.38,2.7,4.44,5.28,4.54,2.49,2.01,1.92,1.24,-0.7,0.18,0.75,0.24,1.89,0.59,2.12,1.25,-0.96,1.0
1.91,-0.64,-0.25,-0.58,0.06,0.54,0.72,-0.63,0.85,1.12,2.3,3.7,4.32,3.98,5.39,4.85,2.87,2.76,1.09,0.53,0.03,1.0
-0.71,0.02,0.59,1.65,2.84,3.82,3.31,1.75,1.91,3.34,1.27,1.23,1.57,1.69,1.19,2.5,0.75,3.1,-0.32,0.85,-0.74,1.0
-0.96,1.19,-0.38,2.61,1.32,2.74,1.82,1.83,2.13,2.54,2.45,0.67,1.91,2.06,2.57,-0.45,0.75,1.78,0.55,3.0,0.4,1.0
-0.33,-0.52,0.19,2.2,2.16,3.52,3.61,3.98,3.02,2.41,2.95,1.4,2.48,1.97,2.53,3.05,1.83,2.05,2.54,1.53,-1.81,1.0
-0.93,0.52,0.67,1.31,2.29,5.1,6.48,4.75,4.53,2.3,2.18,0.78,1.02,2.04,-0.34,-0.28,1.12,-0.32,0.34,1.52,0.88,1.0
-0.56,-0.26,0.8,1.15,1.39,1.99,3.1,3.52,3.09,3.02,1.77,3.56,2.14,3.91,3.06,1.16,0.75,1.88,0.07,-0.51,-0.98,1.0
-2.17,1.28,1.1,0.86,-0.89,1.24,-0.44,0.57,1.39,1.22,3.12,1.21,4.09,4.53,5.42,4.45,5.85,5.06,1.17,1.19,-0.53,1.0
0.15,0.64,2.4,3.23,5.77,4.04,5.98,4.95,3.57,4.22,1.65,2.24,-1.58,-1.25,0.86,-0.82,-2.03,-0.91,-0.31,0.86,-1.58,1.0
1.27,1.37,1.04,3.01,3.2,4.15,6.8,5.18,3.83,2.58,2.6,0.79,-1.62,0.67,-0.78,-1.95,-1.2,0.29,0.06,0.59,-0.29,1.0
0.08,0.05,1.77,1.39,-0.32,4.51,2.87,1.95,1.25,3.74,2.72,3.58,2.53,3.34,2.3,4.76,2.39,0.71,0.57,-0.34,1.13,1.0
1.32,0.17,-0.17,-1.98,-0.87,-0.05,1.69,-0.02,0.51,1.25,2.33,1.69,3.4,3.19,6.26,4.34,5.48,1.91,0.35,2.23,-0.06,1.0
0.67,1.3,1.94,0.81,1.76,3.34,3.44,5.92,1.23,2.85,1.7,1.3,-0.23,1.56,1.52,0.86,1.03,1.55,1.26,0.49,0.48,1.0
-0.69,0.9,1.77,2.61,0.71,4.15,2.77,3.49,3.52,2.55,1.78,2.12,3.08,3.83,2.22,1.7,3.21,-1.3,1.36,2.57,0.3,1.0
1.26,1.98,0.66,2.98,4.42,2.91,4.09,2.58,2.76,1.78,0.92,1.6,1.2,2.24,2.65,2.24,1.0,2.14,-1.78,0.95,-0.35,1.0
0.05,0.83,1.6,2.95,2.7,5.11,7.45,3.56,3.54,3.1,1.96,1.34,1.55,0.63,0.65,1.75,-1.33,1.44,-0.64,-0.92,-0.92,1.0
1.94,-0.37,1.13,2.37,3.63,5.42,5.39,5.16,4.12,2.2,1.41,2.64,0.91,1.11,-0.37,0.06,-0.16,-0.08,0.95,0.7,0.02,1.0
-0.27,-1.32,-1.21,0.46,-0.25,-2.41,0.19,-0.75,-0.71,0.68,1.85,2.64,5.16,3.26,6.32,5.07,3.46,3.5,3.38,1.61,-0.56,1.0
-0.01,-0.47,-0.79,0.47,0.4,0.78,1.23,1.86,0.13,0.34,3.43,2.45,3.36,3.87,5.19,5.04,4.5,2.18,2.58,-1.05,-0.34,1.0
0.95,1.02,0.73,1.3,-0.06,2.36,0.79,2.29,2.03,1.68,0.94,2.43,1.91,4.64,5.11,3.28,2.0,2.26,1.49,-1.03,-0.61,1.0
-0.0,1.46,0.17,-0.15,0.89,2.05,2.38,3.3,2.75,1.49,2.89,3.18,2.67,3.87,0.6,2.08,4.81,0.67,0.27,3.19,2.04,1.0
0.03,1.44,0.08,2.17,-0.46,-0.62,2.01,-0.67,3.27,-0.17,2.05,2.93,2.11,4.64,2.94,3.03,2.93,1.97,0.36,-0.42,-0.98,1.0
1.52,-1.62,2.5,1.23,-0.25,3.27,2.87,0.01,0.03,1.3,1.43,1.81,2.85,2.54,3.16,3.7,2.15,2.19,2.66,0.0,0.48,1.0
-0.25,1.02,0.2,1.02,2.26,1.25,3.63,3.14,1.94,1.47,2.25,1.47,0.8,1.12,1.05,-0.59,1.98,0.25,0.64,-0.51,-0.61,1.0
-0.73,1.99,-0.03,2.17,3.47,3.78,4.88,3.01,2.56,2.23,2.89,2.38,-0.19,0.21,1.85,0.58,2.25,1.83,1.4,0.37,-0.48,1.0
-0.63,0.73,2.38,1.13,1.63,2.6,4.77,2.56,1.9,2.03,2.98,0.71,1.4,1.82,2.4,1.66,1.31,0.2,-1.03,-0.01,-0.46,1.0
0.25,-0.55,0.44,3.81,2.94,2.4,3.21,3.97,3.59,1.04,2.76,1.98,0.98,1.91,1.57,1.77,1.66,-0.26,-0.1,2.28,-1.02,1.0
-0.82,-0.19,0.27,1.45,1.5,0.49,-0.88,0.74,0.4,2.38,2.07,3.24,4.84,5.42,5.67,4.68,4.96,2.56,1.36,1.32,0.12,1.0
-0.42,1.65,1.34,1.9,0.73,1.2,2.08,2.59,1.45,2.03,-0.54,1.52,1.44,5.0,3.68,2.1,2.38,3.8,1.95,-0.42,-0.72,1.0
1.41,1.06,-0.23,1.7,1.65,2.02,1.69,1.94,2.85,2.85,3.91,0.87,2.42,3.41,4.04,2.96,4.01,1.82,2.29,0.63,-1.47,1.0
0.74,0.92,1.5,0.59,2.66,3.86,3.82,3.39,2.22,2.0,2.14,2.55,1.01,1.43,3.3,3.22,1.85,1.3,0.32,0.42,-2.72,1.0
0.21,-0.64,-0.96,0.43,2.57,0.53,1.68,3.31,0.94,1.86,1.93,-0.65,3.58,3.38,-0.18,2.37,3.24,2.32,2.33,2.32,-0.42,1.0
-0.23,-1.58,-0.92,1.5,-0.34,0.73,0.2,1.39,0.36,1.66,2.45,2.23,2.6,3.96,5.14,4.44,4.17,1.12,1.68,-1.66,0.22,1.0
1.02,0.06,0.3,0.84,-0.25,-0.26,2.53,1.15,0.95,1.22,1.11,2.94,3.05,3.2,4.35,5.02,5.09,2.43,2.44,-0.14,-0.1,1.0
-1.32,0.19,1.29,0.2,2.26,2.05,2.58,-0.21,2.68,2.8,2.72,1.52,4.24,2.81,4.57,3.62,3.98,3.2,0.7,-1.46,0.09,1.0
0.2,1.35,-0.74,-0.21,4.44,3.82,5.31,4.13,2.85,1.81,-1.38,1.08,0.65,-0.38,0.64,-0.38,0.23,0.75,1.05,2.09,-0.07,1.0
0.25,2.36,2.6,2.68,3.26,3.73,5.88,5.42,4.59,2.78,1.85,2.51,-0.23,-0.12,-0.39,0.79,1.19,0.95,-2.09,1.54,-0.48,1.0
0.17,2.3,2.06,3.43,2.79,3.88,7.08,3.28,5.19,0.67,0.99,0.31,0.89,0.36,-0.93,-0.63,2.22,-0.97,-0.19,-0.02,1.17,1.0
1.08,-1.31,0.48,0.83,-0.02,0.21,0.25,0.47,1.24,0.25,2.34,2.36,3.02,4.22,6.0,4.79,2.53,3.8,2.51,2.11,-0.32,1.0
0.16,-0.83,-0.11,2.51,3.7,6.17,5.12,3.7,2.56,1.91,1.92,2.71,-0.27,2.52,3.08,1.33,2.2,1.08,0.51,0.32,-1.08,1.0
-0.4,0.41,-0.48,1.04,0.79,-0.66,1.18,0.52,2.2,0.59,0.85,4.85,3.64,3.62,5.97,2.63,3.83,1.72,2.08,1.31,1.37,1.0
-1.06,1.37,0.03,1.36,0.71,2.87,4.11,3.29,3.98,1.1,1.73,2.57,0.87,1.39,1.21,0.46,1.71,0.03,1.11,-0.09,-0.42,1.0
0.67,1.57,2.71,-1.44,0.3,2.24,1.37,2.49,0.4,0.88,1.79,1.52,4.79,4.74,3.21,3.11,2.09,3.29,2.74,1.33,-1.17,1.0
-1.1,2.56,2.08,3.01,3.9,6.13,5.34,4.56,4.83,2.59,2.6,0.93,-1.05,-1.71,1.02,-0.42,-0.46,-0.28,-0.08,-0.81,0.77,1.0
-1.22,1.5,-1.37,1.54,-1.27,1.68,-0.34,1.01,-0.37,3.03,2.72,3.1,4.06,5.55,6.69,4.74,4.37,2.26,3.3,0.8,-0.76,1.0
-1.48,0.31,0.94,-0.41,1.41,1.59,1.88,-1.91,-0.78,0.25,1.73,2.41,4.03,2.67,6.86,1.62,3.95,2.96,2.48,-0.55,0.43,1.0
-1.94,0.76,3.69,1.97,2.21,4.24,6.78,4.34,5.19,2.85,0.56,1.9,0.04,-2.82,0.03,0.62,0.8,-1.4,0.64,-1.61,-0.61,1.0
0.79,-0.45,0.12,0.83,0.64,-0.02,0.14,0.72,1.06,1.62,-0.23,2.46,4.23,3.08,7.06,5.02,3.24,4.03,0.72,1.89,1.68,1.0
0.02,-0.13,-0.23,1.5,1.91,3.36,6.34,4.16,3.04,3.24,1.03,1.86,-0.26,0.86,0.32,-0.8,1.59,1.72,-0.66,0.23,-0.47,1.0
2.37,1.24,1.04,1.86,2.81,2.34,2.05,2.34,2.76,1.06,2.33,1.34,2.2,3.68,2.7,1.52,3.16,0.51,2.27,1.7,-0.79,1.0
1.26,-1.23,-1.88,1.96,0.33,-0.54,0.64,1.07,1.15,1.35,2.4,3.96,4.02,5.87,6.16,4.86,3.64,0.38,0.72,0.99,-1.48,1.0
0.65,0.14,2.98,1.43,2.63,4.94,3.95,1.72,2.6,3.51,0.85,2.11,1.4,2.5,0.7,1.2,1.39,1.29,0.65,0.48,1.39,1.0
1.37,0.76,3.25,3.29,1.51,3.4,6.09,5.04,4.7,2.34,1.69,-0.07,-0.12,1.19,0.58,0.37,-0.37,1.23,0.46,1.14,1.11,1.0
-0.34,1.84,1.28,3.67,5.06,5.6,4.98,6.1,4.12,3.01,2.22,1.45,1.11,1.43,0.57,-0.73,0.09,0.21,-0.15,1.61,0.45,1.0
1.84,1.11,-0.14,-0.21,4.18,3.31,2.03,0.48,1.44,-0.21,2.27,1.98,2.63,2.28,2.97,2.22,2.7,0.84,1.21,1.09,0.03,1.0
-0.65,1.73,2.92,2.83,3.88,3.84,3.49,1.08,-0.18,3.87,2.51,1.77,0.14,1.21,2.21,2.51,1.51,0.89,0.77,3.0,-0.46,1.0
-0.42,0.42,-0.43,0.6,-1.05,0.34,1.75,0.71,1.09,-0.79,1.17,5.27,3.49,3.54,4.5,4.08,3.38,2.72,0.21,2.36,0.83,1.0
-0.01,0.63,1.77,0.49,3.73,0.69,3.45,3.48,2.69,-0.52,0.49,1.55,1.98,1.78,4.14,4.03,1.74,2.39,1.92,-1.44,0.28,1.0
1.24,0.23,-0.11,3.43,3.44,5.38,4.21,1.98,1.75,3.78,2.84,2.17,0.52,0.89,1.63,0.61,-0.55,0.44,0.36,-1.59,-1.47,1.0
-0.93,1.11,3.14,3.46,3.86,4.34,6.06,3.79,3.98,3.54,-0.15,3.23,0.68,1.57,1.35,-0.24,0.3,-0.95,-0.81,-0.91,-2.77,1.0
-0.76,0.9,0.84,3.95,1.96,0.8,2.9,2.07,1.28,0.5,2.96,0.33,2.88,2.28,1.53,1.16,3.63,-0.49,1.8,1.16,-0.16,1.0
-0.58,-1.94,1.51,2.21,-0.15,1.56,0.6,-1.45,-1.18,2.81,1.64,2.46,3.33,4.48,4.44,2.93,4.01,2.45,0.8,-1.21,-1.33,1.0
-0.76,0.2,2.1,-0.62,0.52,1.52,0.11,1.17,2.6,0.99,2.93,1.09,1.1,4.23,5.37,4.56,3.04,4.12,0.83,0.47,-0.11,1.0
1.01,-0.43,0.39,0.01,1.49,2.15,0.52,-0.33,0.07,0.88,1.19,2.68,3.79,4.89,4.88,5.34,5.16,3.88,1.49,1.89,-1.02,1.0
-1.18,0.68,1.93,1.63,-2.2,1.25,-1.85,0.9,0.72,0.76,3.16,2.1,3.49,5.85,5.47,5.8,3.05,3.01,1.01,0.1,-0.29,1.0
0.48,3.03,-0.02,1.19,1.52,2.82,2.4,1.41,2.32,2.42,2.15,2.04,1.28,2.99,4.27,1.87,1.43,2.69,0.61,-0.38,-1.43,1.0
-0.45,0.6,1.21,-1.07,1.73,0.5,2.88,3.55,1.4,0.35,0.54,2.14,1.69,2.35,3.52,3.38,3.1,1.75,1.47,1.89,0.75,1.0
-1.54,0.83,1.71,2.32,3.39,2.19,4.72,2.72,3.6,1.78,2.13,1.92,2.02,2.4,3.8,1.78,1.92,0.01,1.17,1.52,-0.14,1.0
-0.19,0.34,0.14,1.88,1.44,0.55,0.41,1.21,2.06,0.36,0.84,1.32,1.98,5.23,5.88,3.6,4.64,4.36,1.07,-1.3,-0.52,1.0
0.1,-0.14,0.41,0.05,0.64,1.45,-0.41,-0.21,0.07,0.96,2.69,0.25,3.03,1.95,4.4,4.65,4.97,0.84,1.43,2.76,-0.78,1.0
-0.06,1.4,0.64,1.5,1.73,2.73,2.34,1.99,2.47,0.5,1.61,2.08,3.22,2.79,4.66,3.29,2.69,1.77,1.04,0.19,0.28,1.0
0.21,0.71,1.12,3.3,2.83,5.6,5.25,3.45,3.64,3.45,0.69,-1.05,1.75,0.93,-0.89,-0.72,-0.3,0.52,-1.29,1.36,0.04,1.0
1.0,1.75,1.52,0.63,2.01,2.31,1.06,2.11,1.36,0.68,1.57,2.51,2.97,4.39,5.2,1.82,1.72,3.64,2.67,0.33,0.22,1.0
1.32,1.23,0.33,-0.98,0.74,2.45,1.49,1.42,-0.56,1.45,2.38,3.39,3.94,4.18,4.38,3.71,1.92,2.02,0.29,-0.68,-1.44,1.0
1.77,-0.44,1.07,3.49,0.72,2.5,2.81,3.38,1.69,1.14,1.36,3.15,2.76,1.64,2.19,2.51,0.7,0.15,0.03,2.13,0.25,1.0
-0.39,-1.7,0.85,2.35,-0.19,2.32,2.2,2.02,1.18,0.94,2.13,3.29,3.83,3.65,2.89,2.83,0.05,2.92,1.64,-0.16,-0.32,1.0
-0.37,0.41,1.59,1.89,1.75,2.33,4.09,3.21,1.54,3.72,1.23,1.0,0.51,4.62,5.17,3.83,2.32,1.76,0.52,0.02,-1.03,1.0
0.23,0.54,1.95,1.61,2.65,4.6,4.91,6.12,3.32,4.7,3.96,-0.35,-0.38,1.51,1.02,-0.83,0.11,0.75,-2.04,0.39,-2.45,1.0
-2.07,1.65,1.5,1.31,1.56,1.6,1.23,2.34,0.39,0.11,1.97,2.54,4.18,4.15,4.28,3.58,3.06,1.51,0.89,0.42,0.16,1.0
-0.39,1.22,1.01,2.74,3.81,2.52,5.65,3.76,3.78,3.88,1.65,-0.34,0.51,0.88,0.76,-0.45,-1.05,-1.21,1.32,-0.89,0.66,1.0
-0.23,0.62,2.1,2.24,2.68,4.19,5.57,5.21,2.78,2.58,0.02,1.91,0.65,-0.85,2.64,1.7,1.65,0.41,-0.23,-0.74,-0.06,1.0
2.49,-1.17,-0.14,2.61,2.61,6.65,3.99,3.74,4.59,3.02,2.95,1.49,1.38,-0.22,-0.74,-0.45,-1.13,0.36,-0.69,1.34,0.36,1.0
-0.89,0.4,-0.09,1.27,1.13,0.31,1.11,2.21,-1.55,0.45,2.21,4.02,3.41,2.17,5.7,4.69,4.25,1.77,3.38,-0.19,-0.03,1.0
-0.72,-0.01,2.1,1.42,3.22,3.18,5.91,4.89,4.16,2.93,1.67,-0.36,1.56,2.55,-0.02,0.42,0.46,1.59,0.11,1.51,-1.8,1.0
-0.95,-0.28,0.51,-0.19,0.43,2.19,3.01,0.11,2.24,2.81,4.47,2.67,2.44,3.19,4.44,3.19,2.18,2.58,1.1,1.26,-0.79,1.0
1.52,-0.17,2.97,3.25,2.82,2.17,3.02,3.19,1.38,2.95,3.27,4.25,-1.2,2.31,-0.33,1.47,2.83,0.63,-0.38,1.15,-0.22,1.0
-0.21,1.1,2.3,2.74,2.03,4.21,3.68,1.73,4.48,4.54,1.83,-1.04,1.45,1.95,1.74,0.2,3.14,0.62,-0.51,-0.24,-0.44,1.0
-0.5,1.22,1.06,3.63,3.42,5.47,5.71,6.34,3.55,3.91,2.36,1.11,-0.06,-0.74,0.62,-1.34,-0.18,-0.66,-0.25,0.5,0.34,1.0
-1.07,0.02,-0.99,2.19,1.97,2.25,4.05,4.26,2.53,2.51,1.49,1.4,2.96,2.34,1.85,1.81,2.46,2.14,0.61,0.99,-0.43,1.0
0.24,0.48,1.91,-0.1,1.06,0.47,1.17,-0.72,-0.81,2.48,1.36,2.0,5.12,6.14,5.04,4.32,3.23,3.66,1.28,2.1,-0.54,1.0
-0.96,1.63,1.63,1.58,-0.73,0.94,1.0,0.63,1.95,2.37,1.46,3.2,3.32,2.94,3.78,4.62,1.67,2.05,2.26,1.49,-0.94,1.0
-0.91,0.12,0.48,0.31,-0.99,0.32,0.78,2.69,2.38,1.94,3.95,1.7,3.04,5.8,4.78,4.66,2.01,1.57,1.5,0.79,0.63,1.0
0.54,0.11,-0.26,1.32,2.66,5.24,2.17,3.71,3.49,2.85,2.21,2.38,0.64,2.26,-0.34,0.96,0.89,0.03,2.45,1.34,-0.14,1.0
1.22,0.42,1.41,3.67,4.84,3.78,5.12,4.24,4.64,2.26,3.28,1.28,-0.1,0.07,-0.37,0.24,0.07,1.36,-0.03,2.45,0.02,1.0
0.75,1.06,2.59,3.88,3.72,4.04,5.86,3.08,3.29,3.77,-0.12,2.08,2.11,-0.33,0.03,0.63,-2.31,1.3,1.88,-1.83,-0.27,1.0
1.28,1.46,0.4,1.03,2.26,1.25,1.47,1.82,-0.3,0.2,2.4,1.91,3.48,4.43,6.99,4.34,2.95,2.88,0.84,1.17,-0.38,1.0
0.06,1.23,-0.01,-1.16,-0.27,1.16,1.71,1.73,0.69,2.0,2.26,3.07,5.58,5.77,5.67,2.48,4.3,3.85,0.89,0.17,-0.44,1.0
0.1,0.24,2.92,2.41,3.57,2.99,4.64,4.26,3.46,3.82,3.11,2.81,-0.28,1.42,1.44,0.38,-0.04,2.13,-0.23,0.81,-1.63,1.0
0.55,1.25,1.99,2.21,2.08,2.9,4.4,4.05,3.49,1.32,1.66,2.16,0.86,2.15,2.47,2.01,1.44,0.93,1.33,2.99,-0.93,1.0
2.84,-0.97,2.71,0.95,2.51,2.84,5.92,4.7,3.96,2.75,1.43,2.38,0.13,1.25,-0.41,1.85,1.22,-0.65,-0.53,0.57,0.95,1.0
0.56,0.65,1.17,0.8,1.52,-0.02,-0.32,-1.25,1.8,-0.07,1.83,4.37,3.79,2.84,6.07,3.79,2.48,1.72,2.06,0.77,-0.19,1.0
2.08,-1.37,-0.13,1.61,2.25,0.88,-0.05,3.09,2.83,1.15,2.44,2.55,1.97,2.48,2.33,3.11,1.66,1.69,0.6,1.0,1.02,1.0
1.11,0.09,1.49,0.76,1.7,4.86,3.36,4.11,1.83,1.75,1.85,1.8,1.33,2.99,0.07,1.99,0.69,2.47,0.97,1.3,1.57,1.0
-1.53,0.81,1.97,-0.66,2.77,-0.72,2.54,3.29,1.7,0.94,4.39,3.83,2.09,5.02,4.72,3.68,2.2,2.62,1.58,0.46,-1.27,1.0
0.7,-0.35,1.38,1.12,1.66,2.6,1.99,2.52,1.8,2.22,3.64,2.99,4.38,4.6,5.96,5.72,3.96,2.23,1.62,-1.09,-0.55,1.0
-0.49,2.51,1.47,1.59,0.67,3.95,3.6,4.42,3.1,2.41,2.35,2.01,1.2,2.32,1.76,1.93,1.48,0.73,0.37,-0.3,-0.71,1.0
-0.12,-0.73,-0.37,1.16,2.01,0.25,2.2,-0.07,-0.09,1.18,3.31,1.79,3.82,5.08,5.84,5.75,6.74,4.23,0.45,0.02,1.42,1.0
-1.27,2.07,1.27,3.37,4.09,4.58,4.99,4.82,2.39,2.24,0.65,0.6,-1.27,1.3,0.24,-0.08,-1.15,-1.23,1.53,1.5,-0.53,1.0
-0.19,0.02,0.5,0.43,0.52,2.6,0.73,0.97,0.35,2.85,2.91,1.16,1.18,1.81,1.3,1.9,2.1,2.15,1.15,0.61,0.25,1.0
1.52,-0.84,3.01,1.83,4.08,5.78,3.92,4.79,3.34,2.89,2.61,2.46,-1.23,0.8,0.55,1.74,-0.7,2.24,-0.67,-1.38,0.31,1.0
-2.08,-0.65,0.94,-0.21,-0.56,0.8,-0.01,1.77,1.02,-0.83,1.76,2.18,3.11,4.18,5.62,3.68,3.25,0.45,1.52,-0.17,-0.82,1.0
0.6,-1.36,0.05,0.94,0.19,2.84,-1.34,-0.13,0.6,0.17,3.37,3.08,2.01,3.3,5.6,4.48,3.07,2.98,-0.04,-0.31,-0.1,1.0
2.6,1.63,0.07,0.54,0.29,2.79,2.49,1.57,-0.29,1.76,2.75,1.32,2.64,3.66,3.19,4.03,1.17,1.59,2.13,-0.04,-1.05,1.0
-1.63,2.46,2.61,0.75,2.55,4.65,3.01,1.5,2.7,3.2,0.5,1.14,1.46,0.93,2.79,2.44,1.49,-1.03,1.39,0.89,-1.15,1.0
0.62,1.32,0.95,1.08,3.82,0.55,0.87,2.77,1.07,1.28,0.42,1.38,1.42,3.85,3.12,1.32,2.49,1.56,1.67,0.04,-0.81,1.0
0.86,0.1,-0.82,2.92,3.27,4.86,2.92,3.63,1.07,1.58,1.96,1.4,0.8,2.46,2.15,2.29,1.71,1.28,2.8,-0.61,0.44,1.0
1.04,0.63,1.5,2.57,5.19,3.64,5.75,4.82,3.67,5.25,0.89,0.75,1.34,-0.07,-0.84,-1.62,-1.58,1.16,0.73,-0.09,0.17,1.0
-1.6,2.46,2.05,0.76,2.46,3.33,5.72,4.85,4.93,3.81,2.94,1.1,-0.07,-2.31,1.5,-0.8,1.34,0.13,0.56,0.23,-0.81,1.0
-0.43,-0.73,1.4,2.07,2.64,2.99,2.5,4.72,2.49,2.64,3.16,1.66,-0.16,2.57,2.89,2.59,1.16,2.93,1.75,0.95,0.5,1.0
0.64,0.72,0.26,0.89,-0.82,0.77,1.2,1.99,1.92,0.74,2.25,1.16,2.97,2.36,6.12,2.98,2.88,2.41,0.33,2.14,0.12,1.0
-0.86,0.66,3.17,0.14,0.36,0.33,0.58,1.88,1.89,0.89,1.29,2.18,3.56,2.85,5.01,2.56,3.36,2.94,-0.16,0.29,1.64,1.0
-0.41,0.68,2.3,1.4,-0.76,2.72,1.78,2.36,-0.73,2.64,1.44,2.28,2.79,3.77,2.24,3.26,-0.07,2.57,1.96,0.51,0.78,1.0
0.14,0.73,2.7,0.06,0.77,2.58,1.91,3.53,2.52,1.17,2.4,1.17,2.66,0.98,3.04,1.76,0.57,1.67,1.01,1.56,-1.08,1.0
1.91,-0.68,0.93,2.01,2.62,3.04,3.18,3.16,0.65,0.83,2.56,0.86,1.09,2.33,2.75,2.36,1.93,2.86,1.3,0.5,-0.86,1.0
-0.02,0.56,0.97,0.59,2.04,3.9,2.34,0.8,1.91,1.96,1.9,3.13,4.22,2.74,2.5,3.09,2.1,-0.26,0.36,0.37,0.62,1.0
-0.94,0.44,4.5,2.9,4.76,5.26,4.35,3.92,2.56,2.38,1.41,2.43,-1.05,1.36,1.3,-0.33,0.4,-0.82,0.35,0.07,-0.12,1.0
0.2,0.9,2.85,2.27,2.79,5.15,6.35,4.31,3.26,3.4,0.33,2.98,0.17,0.14,1.6,0.3,0.22,0.29,-0.13,-0.08,-0.03,1.0
-2.1,-0.47,-1.8,0.89,2.05,3.91,3.89,3.78,3.0,2.65,0.65,1.71,4.46,2.05,1.59,1.22,1.94,-0.14,0.03,-2.5,0.04,1.0
0.1,0.41,2.28,2.3,1.59,3.84,5.07,3.11,3.66,1.9,2.37,1.39,-1.95,0.52,3.16,-0.55,2.16,1.26,0.36,-1.55,1.26,1.0
1.17,1.29,1.52,0.16,-0.88,2.08,0.61,0.52,1.42,1.17,2.06,2.53,5.77,4.93,5.42,3.85,3.62,3.92,1.37,-0.6,0.08,1.0
1.64,1.15,2.44,2.09,2.3,3.94,2.5,1.75,2.51,-0.51,3.36,1.75,1.99,1.71,3.44,2.06,1.71,3.14,1.32,0.12,-0.06,1.0
1.26,1.65,3.06,2.05,4.09,3.7,5.81,4.17,4.48,0.76,2.06,1.13,-1.21,1.09,1.0,1.77,-0.86,0.34,2.03,0.27,-1.1,1.0
0.51,1.02,-0.21,0.41,-1.22,-0.44,1.31,0.69,1.24,-0.07,3.29,3.63,4.53,5.3,7.01,6.56,4.38,3.14,1.14,1.41,-0.15,1.0
0.61,-0.26,3.0,1.77,1.66,2.22,3.76,2.84,1.25,2.52,1.54,3.52,0.91,0.69,-0.29,0.96,0.27,1.0,0.16,1.46,-0.93,1.0
-0.69,-0.82,1.68,0.65,1.95,0.04,1.29,1.84,1.35,1.59,2.96,2.55,3.3,3.67,3.42,2.43,3.33,1.59,1.76,1.28,-0.82,1.0
0.8,0.86,-0.11,1.46,1.82,3.12,5.01,2.31,2.6,1.99,2.25,1.38,1.62,3.0,1.07,2.16,1.16,1.43,1.02,-1.01,-2.31,1.0
-0.29,0.23,2.21,2.85,4.0,5.47,5.82,1.93,4.7,3.33,1.35,2.5,-0.66,1.74,-1.34,0.17,0.53,-0.58,1.68,1.19,0.44,1.0
-1.65,-0.66,1.05,-0.91,-0.29,-0.11,1.3,1.68,1.24,1.52,2.09,3.09,2.15,4.55,5.59,2.94,1.69,4.74,2.03,2.46,1.25,1.0
1.22,-0.76,1.02,1.53,3.1,3.09,2.66,4.03,1.36,2.01,0.24,0.7,1.02,3.46,2.94,0.84,3.54,2.71,2.01,0.62,0.15,1.0
0.01,0.96,0.55,0.73,2.5,3.87,3.4,4.18,2.97,1.45,1.36,1.33,1.27,1.16,4.05,-0.11,0.05,-0.06,1.16,-0.02,0.43,1.0
0.51,1.19,-0.74,1.51,1.12,1.52,1.1,2.09,-0.44,0.97,-0.86,4.08,4.92,4.27,6.54,4.62,3.48,3.79,2.53,3.07,-0.14,1.0
0.03,0.72,-0.44,0.2,3.14,2.92,3.42,3.04,1.76,2.2,0.82,0.98,1.8,3.06,2.83,4.49,3.48,1.79,1.53,1.55,1.27,1.0
-0.25,2.1,2.65,3.8,3.92,5.85,5.91,6.06,4.27,2.68,3.06,1.9,1.19,-1.13,1.37,0.58,-0.04,1.53,0.69,0.19,-1.16,1.0
-1.2,0.93,1.67,3.74,2.67,5.66,3.9,1.77,3.44,0.79,2.01,2.23,2.96,1.37,-0.02,1.85,-1.89,1.36,-0.11,-0.73,0.1,1.0
1.04,1.69,0.56,2.06,4.39,5.22,4.78,6.32,3.9,4.13,1.63,2.86,-0.07,-0.4,-0.26,0.25,0.77,-0.46,-1.64,-1.39,0.26,1.0
-1.18,1.94,0.02,3.15,4.62,5.18,6.21,4.26,4.88,1.52,0.71,1.01,1.14,-0.66,0.57,0.59,1.01,0.59,0.26,2.29,-1.69,1.0
0.94,-0.91,1.87,3.83,3.65,3.29,2.79,1.69,0.17,3.01,2.36,1.51,2.5,0.7,2.62,0.02,0.83,1.39,1.43,0.48,0.43,1.0
-1.66,-0.13,1.12,1.53,3.71,2.42,6.84,6.06,2.33,2.07,2.91,0.67,-0.86,-0.02,2.3,0.37,1.5,1.11,1.31,0.61,-2.05,1.0
0.39,0.28,1.66,1.85,3.92,3.08,5.26,2.87,2.28,2.68,3.67,1.62,0.79,0.81,0.34,1.12,2.0,-1.24,0.12,1.08,-1.3,1.0
1.18,0.05,2.68,3.36,4.58,5.16,4.99,4.5,4.84,2.88,2.49,2.59,-0.1,0.47,-0.04,0.01,0.27,-0.17,2.21,0.56,0.95,1.0
0.85,0.63,1.69,0.88,1.26,2.29,2.11,1.51,1.32,1.79,2.33,1.9,2.03,3.08,4.92,1.84,1.97,3.07,0.87,0.11,0.24,1.0
1.85,0.07,1.39,2.6,3.3,4.44,4.56,4.18,3.42,2.47,0.08,2.3,-0.21,0.78,-0.92,0.76,1.04,-0.41,0.87,-1.52,0.68,1.0
1.66,-0.35,2.11,3.19,3.55,4.65,6.48,4.66,3.39,1.35,0.5,1.46,0.27,-0.86,-1.1,0.3,1.97,0.19,0.76,-0.01,0.36,1.0
-0.54,-1.48,-0.08,-0.57,-0.52,1.61,1.5,0.93,0.83,1.19,3.38,1.19,3.62,2.5,4.85,5.6,2.69,2.03,1.74,1.89,-0.55,1.0
-0.54,0.72,-0.37,-0.23,1.2,2.11,3.16,2.06,2.13,1.76,1.63,1.79,4.0,3.6,4.02,4.53,1.72,1.57,0.83,0.09,1.12,1.0
-0.25,1.39,-0.32,1.91,1.17,0.31,1.32,-0.41,1.29,1.23,-0.5,1.61,2.54,2.57,4.29,5.33,3.7,0.87,1.14,0.43,1.24,1.0
-0.11,2.16,0.5,-0.8,0.3,1.14,1.63,2.37,1.43,-0.45,2.84,1.71,3.2,4.11,4.18,3.28,2.24,1.55,1.75,1.28,-0.42,1.0
0.46,1.55,1.35,2.48,0.8,1.92,1.53,3.74,2.07,1.68,0.73,3.16,2.4,3.33,1.8,1.44,2.07,2.03,1.06,-1.37,0.41,1.0
-0.55,-1.01,1.39,1.53,0.42,1.74,1.02,1.2,0.47,1.42,1.23,3.15,2.54,3.25,4.02,4.1,3.37,2.72,2.54,0.31,1.07,1.0
-0.01,2.75,1.2,-0.2,4.05,2.76,4.97,4.43,2.21,3.51,1.24,0.71,2.45,1.16,2.36,2.19,2.6,0.04,0.11,0.76,2.95,1.0
-0.63,2.96,1.38,3.31,4.93,5.22,4.39,4.28,4.39,2.03,0.58,0.48,-0.4,-0.88,0.08,-0.02,0.7,-1.07,-1.43,-0.08,1.07,1.0
-0.11,0.3,2.74,0.96,4.59,7.62,6.19,5.73,1.41,1.2,2.52,2.02,0.63,0.74,1.6,0.84,-1.23,0.7,-0.12,-0.62,0.98,1.0
0.37,-0.0,1.83,3.98,2.71,4.47,3.27,2.33,3.66,3.96,2.19,-0.72,2.27,3.1,1.05,2.01,0.27,1.09,-0.09,0.11,-1.52,1.0
0.29,-0.2,2.23,0.2,4.3,3.92,3.8,3.86,1.85,1.02,0.1,0.79,2.55,1.22,2.57,0.51,1.02,0.25,0.9,0.34,1.62,1.0
-0.55,0.46,1.36,1.91,4.0,4.54,6.17,5.3,2.79,3.13,2.21,1.21,2.01,0.26,-0.21,-0.62,0.18,-0.75,-0.37,0.06,-0.25,-1.0
1.55,0.77,1.21,0.78,0.18,2.07,0.63,-0.22,3.32,1.72,2.97,3.56,4.56,4.51,5.12,4.76,3.52,1.85,0.56,1.02,-0.42,-1.0
-0.16,-0.45,-1.16,0.5,0.12,-0.43,-0.12,0.98,3.5,2.89,4.11,4.5,3.69,3.83,3.93,3.36,1.9,0.57,1.2,0.86,-1.12,-1.0
0.27,-0.94,-0.23,1.1,0.49,1.67,2.38,4.14,4.4,6.72,7.88,6.12,3.45,2.98,3.04,1.76,1.14,-0.16,0.63,-1.77,1.4,-1.0
0.39,0.33,0.69,-0.03,0.02,0.71,-1.69,2.38,2.8,4.34,6.46,4.72,3.11,2.57,3.94,1.71,0.92,-0.04,0.64,-0.45,-1.24,-1.0
-1.67,-0.05,1.53,-1.21,-0.82,1.06,2.3,1.7,4.36,5.55,4.62,5.64,3.62,4.31,1.91,1.86,0.76,0.67,-0.47,0.14,0.17,-1.0
-0.5,0.79,-1.39,0.19,-0.4,1.15,2.01,2.37,5.03,3.72,2.92,2.28,4.66,3.76,2.37,2.57,1.52,1.46,1.45,-0.02,0.53,-1.0
1.22,0.39,1.01,-0.56,0.78,1.79,3.73,2.07,3.68,3.74,4.83,3.54,4.13,2.81,1.16,2.42,-1.7,1.09,-0.57,-1.28,-0.43,-1.0
-0.09,2.3,-0.43,0.36,0.11,-1.2,1.47,2.25,3.5,2.14,6.68,5.45,2.22,2.79,2.61,1.87,0.48,1.98,1.64,1.32,0.71,-1.0
-0.13,0.58,1.55,1.06,3.3,2.32,5.56,3.38,4.17,2.31,4.57,4.39,2.97,2.67,2.31,1.74,0.62,0.81,0.04,0.05,-0.95,-1.0
1.52,-0.87,0.46,0.8,-1.54,1.39,0.1,3.65,1.4,4.31,5.54,3.44,3.72,3.26,4.05,1.21,0.4,0.21,-1.26,-1.79,0.79,-1.0
0.31,1.6,3.22,0.55,2.57,3.9,2.32,2.29,5.54,3.7,4.05,2.9,3.14,2.85,1.43,0.86,-0.35,0.63,1.59,2.15,-0.18,-1.0
-0.1,0.26,-0.3,3.66,2.73,4.33,5.71,4.57,4.22,4.58,1.42,2.37,1.15,-0.23,1.77,1.02,0.65,0.97,-1.38,1.11,0.16,-1.0
0.94,-1.05,0.05,0.48,0.11,2.61,3.84,3.74,6.13,2.31,5.86,4.38,2.38,1.14,0.32,2.69,0.42,1.55,1.37,-1.1,0.0,-1.0
-0.17,-0.02,2.03,1.1,0.73,0.34,2.43,1.27,0.98,5.69,6.82,4.21,4.97,2.68,4.06,2.36,1.49,0.88,-0.38,3.11,-2.78,-1.0
-0.37,0.21,0.57,1.67,3.06,2.32,4.36,5.02,4.37,5.19,4.09,3.62,1.1,2.92,1.08,0.75,-1.43,0.87,0.85,-0.3,0.56,-1.0
0.74,1.05,1.06,4.32,3.32,4.5,5.42,4.54,4.53,3.93,2.61,0.97,-1.89,-0.31,1.88,1.46,0.63,-2.64,0.77,-0.18,-0.02,-1.0
1.36,1.11,-1.65,-0.73,0.03,-0.78,1.24,0.69,-0.59,2.37,2.13,1.68,5.05,4.88,2.66,3.33,1.32,2.84,0.81,0.52,0.45,-1.0
0.63,-1.62,1.06,0.26,1.14,0.07,3.43,3.67,5.02,5.51,5.41,4.09,2.83,1.65,2.06,0.46,-0.03,0.43,2.11,0.72,1.34,-1.0
-1.96,1.08,1.39,1.43,0.44,3.37,3.89,3.89,3.94,5.12,2.52,2.31,3.8,3.27,0.77,1.3,-0.72,-0.78,0.78,-0.48,0.19,-1.0
0.1,0.65,1.53,1.59,1.54,4.04,3.99,3.76,4.4,3.97,2.47,2.91,5.41,3.04,0.97,0.31,0.1,0.61,0.04,-0.49,0.65,-1.0
-0.76,0.51,0.82,0.83,2.2,3.88,4.26,3.97,3.61,4.5,3.39,1.21,2.22,0.12,-0.2,0.35,2.44,-0.43,-0.5,1.15,0.07,-1.0
-0.63,-0.04,-0.74,-0.59,1.42,2.23,3.03,2.67,3.59,4.05,4.72,4.52,3.06,3.82,2.54,-0.49,0.41,0.72,0.07,-0.19,-0.09,-1.0
0.42,1.48,2.35,2.63,2.66,3.97,5.05,3.81,4.87,-0.39,1.59,1.19,0.36,0.11,0.12,-1.29,-0.62,1.06,-1.14,-0.61,-0.71,-1.0
0.1,0.33,-1.0,-1.56,-0.7,0.71,0.44,1.71,1.63,3.65,5.14,4.8,5.18,3.55,3.71,1.62,2.17,0.23,0.42,-0.08,1.91,-1.0
