-0.781992748962316,-0.8733979568163328,1.5709421361165148,0.42797969098773836,1.0
-0.9558725293687206,-0.8455352594507584,-1.3017255703601727,-1.6695896831684316,1.0
-0.4851277754557628,-0.8921214262928888,0.9633296139119231,-1.8858378029795484,1.0
-0.9419017744994441,-0.3648618003435556,0.4724542075856158,-1.201472126782793,1.0
-0.42814868129747763,-0.9045457729605976,0.4291304743997081,-0.7194659851804222,1.0
-0.3677368585537835,-0.6210925796507102,0.4237650712361694,-1.0083244008932526,1.0
-0.4750526957514162,-1.1186718661251769,1.3217887015266438,0.23382403460849324,1.0
-0.9820363933043462,-0.6915803191012534,0.8889159926992836,-2.2078709394295646,1.0
-0.8374100398826644,-1.0302977606496146,0.3117428941311331,-0.24775032392992324,1.0
-0.9465888887069659,-0.6866273417787471,1.1884703120341025,0.07629657746521161,1.0
-0.9613206147937412,-0.628308338491113,0.4771377986774041,-1.7895517517433672,1.0
-0.5013509031027122,-1.0298263478333862,0.7058657439792648,0.434744641662077,1.0
-0.911403542456075,-0.8999919251558313,0.8649370787300089,-0.5606442268624218,1.0
-0.34551147805133975,-0.6546761334372254,1.328209201653,-0.19456869388045306,1.0
-0.47919552859199077,-0.6947293567136592,0.6285442128417369,-2.055957710134839,1.0
-0.4480550372306511,-0.585357393012525,0.6891137079949505,-1.511847382510318,1.0
-0.807520464281239,-0.8513180280882303,-1.2097386864028707,-1.0039345190749511,1.0
-0.44425036376748284,-0.7255031853570494,-0.881266130921396,-1.4818389835740386,1.0
-0.9752335416701162,-1.031547528404638,-1.0880643106946695,-2.175128001756334,1.0
-0.5348898606152332,-1.0009036001817195,0.6808098721640495,0.6985593776612488,1.0
-0.525944312368632,-1.016983072309656,0.6687950483055994,0.04485082301384973,1.0
-0.9145201483327763,-0.839478233312645,2.12468531761043,1.2064730271094746,1.0
-0.4895990277096781,-0.8548253394409697,1.6649270222973853,-2.3995076865995495,1.0
-0.9406844920529442,-0.5227537710173928,-0.879727207243416,-1.5236493655903178,1.0
-0.9562682306275839,-0.6171306168263195,-0.8305579564042433,-1.7109685441250426,1.0
-0.42945809771656157,-0.38201064625550524,-0.9759398411553962,-1.3859126642230575,1.0
-0.9161456874605679,-0.9899521566687158,2.0358661993585385,-0.7588297711704822,1.0
-0.9655850815230639,-0.8750793291942142,1.8553171656434166,-1.8933219554200014,1.0
-0.5649893933170501,-0.8307822382292849,-1.572873115719522,0.6748113091437393,1.0
-0.967164867169657,-0.6501191428803509,-1.891616753272154,-1.8933937445944695,1.0
-0.4784011127728813,-0.6841236159325562,-2.006648720266823,-1.9680911666414886,1.0
-0.9092515887079193,-1.0660036149347902,0.8012076547917499,-1.1482918067547547,1.0
-0.66644329401651,-0.9260002940191703,0.43459940740596276,-0.0815164643502247,1.0
-0.32066848220623606,-1.0224785934044396,-1.2383236471992698,-0.5805059858000521,1.0
-0.49614306606632763,-1.0357755775741888,0.6305331407364619,-1.2288900893396306,1.0
-0.4194804176528721,-0.4369797900710202,-1.2606572203613984,-1.252349953142121,1.0
-0.963627707907031,-0.8918071510820701,0.2904264707384764,-1.6394374438789294,1.0
-0.9809526278984407,-1.0989532546694027,-1.6323227561995342,-2.784220449085893,1.0
-0.9562069236412678,-0.7784166550185978,0.41971792057191337,-1.6887319783356611,1.0
-0.4540542463473748,-0.9446682415418151,1.612435329692968,-1.0597057994910035,1.0
-0.4719483865793479,-0.8791837634475095,1.1928890977114541,-0.43881118567844435,1.0
-0.9412016537074458,-0.9319086679825662,0.6032577705799947,-0.4786067547324592,1.0
-0.39336818274045554,-0.8975280075030108,0.34630165059308654,-0.0938228056815067,1.0
-0.9774521624285628,-0.9742101113587952,0.16742971783606353,-2.217082224125836,1.0
1.1505591773969197,-1.0192405111489684,0.33925955894094206,1.0142588224923073,1.0
-0.36919146131222197,-0.681965383301459,1.1554529540670864,-0.28812256441826095,1.0
-0.9541067378021214,-0.7811718010334437,-1.0797637746197117,-1.6012251667275106,1.0
-0.43852813487887776,-0.8140449880851045,-0.930250595427753,-1.4578034963543705,1.0
-0.9388272026551641,-1.0417164266427026,0.8952618358474265,-1.2793358706307176,1.0
-0.49203736683875343,-0.5218948568662247,0.6147256598908701,-2.589129358802984,1.0
-0.9582160803850038,-0.8282501228557169,-1.1402516008133328,-1.6673589786741898,1.0
-0.46707536080772194,-0.9142411632143618,0.15975201069537245,-1.7925739711867636,1.0
-0.3550992551785237,-1.2082927642170997,1.4001913152050416,0.5629092784307206,1.0
-0.8566159402125748,-0.9919037009694976,0.9390586715416811,0.3167981720622652,1.0
-0.4647195069993281,-0.9837169364860681,0.222906864630033,-1.390950220637291,1.0
-0.9575526336014517,-0.9326105492867286,0.42450091681148866,-1.6831187985042504,1.0
-0.9687170187119523,-0.805014918452644,0.7713374390554995,-2.4798180264736933,1.0
-0.45381987846204364,-0.8526421743098141,-1.0996291303363745,-0.2430001862178485,1.0
-0.9180783398303066,-0.8812265523178325,-1.4874007749329559,-0.1250537166180363,1.0
-0.7462378887500704,-1.090266677366527,0.38040545320438013,0.7751275103130223,1.0
-0.34825114731869794,-1.0283492543425372,1.5740892783472804,0.6213440944221152,1.0
-0.9574278159619496,-0.9906833703258877,-0.8772284670554765,0.22670013806181327,1.0
-0.4575241085457843,-0.9984019695036008,-0.7410661004094451,-1.6197197872988083,1.0
-0.9310353227147585,-0.7643684483365876,0.6349601758036714,-1.148003864044023,1.0
-0.4690324848371757,-1.0467521631040582,0.7191146765604477,-1.7931498566082278,1.0
-0.9507070672634992,-0.8783216017858295,-1.4432277670611835,-1.5899990690689745,1.0
-0.9513679542627455,-0.8354785574629561,-1.7204703741169973,-1.5825869678072761,1.0
-0.7895351031983131,-0.8161412037412669,1.892933970925671,1.0692404219892098,1.0
-0.9157588282628331,-0.80905953565748,-1.0939259146581573,0.8040580236151338,1.0
-0.9087673907443026,-0.7995610912024957,-1.106358157643414,-1.1721114024424457,1.0
-0.4501065171619914,-0.8972063992039394,0.603108044154075,0.44668941707815446,1.0
-0.4443325447142873,-0.9771014432983294,-2.20279322550819,-0.4074366963929782,1.0
-0.8280537086515918,-0.7943985970727767,1.8438558758444274,1.4712231184110236,1.0
-0.48873764963761684,-0.8835165710206666,1.9111977076014346,1.0751407585184938,1.0
-0.9548770076415642,-0.9536083237055779,-1.23298092985784,-1.653829863338371,1.0
-0.8655981655113609,-0.5795349209400862,0.9744778393658071,-0.7298285167110488,1.0
-0.940471308589456,-1.135181832436893,-1.1582315584779865,-1.483926109719344,1.0
-0.9745092505485409,-0.9375687645294153,0.7319796000437481,-1.517388773167261,1.0
-0.9723542621928309,-0.9933337579371274,-0.8959129226139897,-2.078410167456198,1.0
-0.9770599432068531,-0.9715336389050575,0.9405856336043671,-2.1130240777384697,1.0
-0.9696240650405268,-0.742819749473173,-0.8274000899666626,-1.9968762675646583,1.0
-0.9342617771236884,-0.7128903783212531,-0.6036289555486817,-1.356263997171978,1.0
-0.9592540987928744,-0.8498199829166602,0.16411387558270502,-1.6970794348997371,1.0
-0.9516721455154726,-0.9613773116754255,0.30240747209850927,-1.6959999772398502,1.0
-0.40836437928900254,-0.9917989425658914,-0.6859032966160085,-1.190030399596566,1.0
-0.4923106945803475,-0.6778486923149417,2.3105189104684833,-2.418002045166561,1.0
-0.4538655345436017,-0.8995393688522518,0.8152885383400957,-1.529406385774952,1.0
1.3053944730278926,-0.9429983925883306,-2.2613927663633513,-2.1384269653287564,1.0
-0.7370276265425957,-0.8043130371484816,1.1842759097608841,0.2289297945389094,1.0
-0.565010699488444,-1.0753333983599682,0.724657029136437,1.0724054337686837,1.0
-0.3859901599606796,-1.0943826245683788,-0.5939737046712693,-1.104610452129434,1.0
-0.880844253012969,-0.9086973484955156,0.5973326463146018,0.5969488753172466,1.0
-0.8340528568935401,-0.9483914599643871,1.7755150429756363,1.0565017735854005,1.0
-0.9366359846768685,-0.7215537935410916,1.5787650325187037,0.5385140593258521,1.0
-0.9421451518515361,-0.8160353977536244,1.1617113536827361,-1.881735863871979,1.0
-0.9005280507672409,-1.07814825666487,1.2373182491383121,-0.1747795101301505,1.0
-0.4681434087423026,-0.8106151979510339,-0.8814822649356715,-1.8270443031200991,1.0
-0.4235529401278474,-0.7843983598645182,0.43685190330664575,-1.3286304050874496,1.0
-0.5374496449212528,-0.8129785475363922,-0.9845328181008146,-2.046026961668167,1.0
-0.9726436060878355,-0.9984093025918533,0.5416043055994609,-2.018465158758107,1.0
-0.5637475478986721,-0.8828399364917733,1.566363724745414,-0.7004677923707014,1.0
-0.4220000246071206,-0.8157104371856376,0.5840940254707412,0.27376396802430364,1.0
-0.8766743004599488,-0.9507756564720631,1.4513032973557354,0.455901487787285,1.0
-0.4618736112488783,-1.0914494835499653,0.6714327907126434,-0.8510138832990938,1.0
2.354010874923521,-0.8247093935722272,0.5214419718479161,0.8054964271473616,1.0
-0.4739876915556061,-0.8683622203549775,1.3159609200615734,0.5250575191773608,1.0
-0.03094381548148008,-1.0049492649705918,-1.2970704396633939,-0.10454402108018786,1.0
-0.3982351210345404,-0.950609090610329,-1.8125207783762047,0.856804726549212,1.0
-0.7260093226306481,-1.0352947365016356,0.6876461415392409,-1.6560608298368993,1.0
-0.42876382090300263,-0.8891588586389024,-0.9030981411801677,-1.37159229594237,1.0
-0.3480225625370308,-0.8460434424666526,1.004223901784697,0.5921987376051723,1.0
-0.8525801861019474,-0.7862693449529268,-0.9098696528449753,-0.2709219830173955,1.0
-0.4360140066544161,-0.8261802015588597,2.2226938436944614,0.9932460787246088,1.0
-0.6755440729404087,-0.837783242342295,0.568788519997999,-1.6591553624633366,1.0
-0.8361316695990398,-0.9504404295805229,-1.080064877349523,0.40746999544988954,1.0
-0.4556951259185701,-0.9401196316572291,-0.8305876542077317,-1.6365588027844693,1.0
-0.46101527691558747,-1.0544110499917156,1.1610369660618578,0.7114421284225668,1.0
-0.4775491702910087,-0.9059286886466046,1.1495810383662763,-2.039550215708847,1.0
-0.930615469388751,-0.6745895536203457,0.483655641604083,-1.3939724400806877,1.0
-0.9549287907692674,-0.7841468349374594,-1.1640774886007443,-1.6367746943164465,1.0
-0.8681000883433527,-0.9983495903017977,1.3810609801247125,-0.5199133025060292,1.0
-0.9702968013148067,-0.6776464038375778,-1.430351706901575,-2.177718700140062,1.0
-0.903973471743323,-1.13032946508521,-1.179037344638443,-0.5347375050294259,1.0
-0.9592540987928744,-0.8498199829166602,0.16411387558270502,-1.6970794348997371,1.0
-0.880649423294267,-0.9201944785329049,1.5953739415889845,-0.40477211280049086,1.0
-0.9205346370181281,-0.9046192086015257,-1.5870348432884747,-1.2146415102334116,1.0
-0.4929501840960367,-1.189331515163622,1.4420643931844483,-0.506600078702188,1.0
-0.5168100523182576,-0.9908467934355136,2.674889510855332,-2.6514491743528255,1.0
-0.4887528683314695,-0.8369786978025984,-1.8321885612057724,-2.374680684430727,1.0
-0.7732389258208707,-1.0506910790796555,0.8262457904187709,-0.2573920816687175,1.0
-0.4461709629316901,-0.9767882156715465,-0.7906927799162349,-1.485725031149631,1.0
-0.8579675428510184,-0.7201898391261374,0.7319956863539708,-0.7923642237928676,1.0
-0.9731791032246909,-0.7332762589046379,0.967293033269122,-2.083159519155413,1.0
-0.8586218249371326,-0.6580513444430172,0.21076500016777222,-0.2866107996858468,1.0
2.339376578914791,-0.9681016488445111,-1.42555303682127,-1.9300947810220472,1.0
-0.4733789438014992,-0.9672122499978935,-1.4793526701876478,-1.9117442628082586,1.0
-0.3763597704907081,-0.9664108482103052,1.2087650484928658,-0.0057395846433190454,1.0
-0.9229757155120968,-0.8696402728789744,-1.0926163240182254,-1.0183269385343927,1.0
-0.4243747495958918,-1.172203494174725,1.7414619741119683,1.1758159055601178,1.0
-0.5145729043219147,-0.954938755431378,1.2916982270811892,-0.34346048974464055,1.0
-0.9573331861235737,-0.7394570047174103,1.7257852460956233,-0.5588450434278485,1.0
-0.886106907784611,-0.686376969194128,1.5004667736220076,0.49519427061573656,1.0
-0.8127556036543955,-0.5296049706132457,0.6167686212891642,-0.6979491451657277,1.0
-0.9558358370978417,-1.0768450621240073,0.717380242342837,-1.6392936035257066,1.0
-0.3722595499929209,-0.7369646975372125,-1.2488420317375077,-1.071507520566717,1.0
-0.38342733191588946,-0.9947490439698488,1.04014751979863,0.06823732561615388,1.0
-0.4528032697126851,-0.4456307390408295,1.251888733974721,0.15337037838969952,1.0
-0.47072784733236356,-0.8464614284970416,1.8550519477594871,-1.7783974432592993,1.0
-0.4415718736494123,-1.041904991769194,-0.6739940237007895,-1.4790323936583332,1.0
-0.48375809300902217,-1.062961430894063,0.7733263669502245,-2.049049181111564,1.0
-0.554080633563454,-1.0462859882080102,2.265551073883908,0.755770633635247,1.0
-0.4792411846735488,-0.8601030678146556,1.4534601003340675,0.31003322138792616,1.0
-0.3178530238434916,-1.056639261236422,0.32092446504290834,0.15221755952962635,1.0
-0.3224186319992935,-0.660255461254894,1.6866361166472754,0.5438406064679635,1.0
-0.6972731718363168,-0.8447129059824487,0.26762226988495813,-1.5467494975076084,1.0
-0.565010699488444,-1.0753333983599682,0.724657029136437,1.0724054337686837,1.0
-0.5642832459222862,-0.976232996132433,1.5708200451466188,0.6099731083932111,1.0
-0.3661480269155645,-0.9016753927017847,2.3593903583337883,1.03966275809974,1.0
-0.9532245375131309,-1.0684298195623123,-1.4282361508725323,-1.6765702633704613,1.0
-0.933318492041312,-1.0020967983987954,0.811710777958751,0.1817952234190966,1.0
-0.449409500983539,-0.9965707926085626,1.030747752525115,0.06838142797366298,1.0
-0.9753217857445514,-0.10289256520365435,0.857679265533082,-2.1880091804919344,1.0
0.7047945032358126,-1.0608295973806743,0.7091923104394385,1.1671095031237009,1.0
-0.43731063937066383,-1.05810064096673,1.084115530332435,0.09659142948822816,1.0
-0.35884305386628135,-0.7901600720628653,0.6904080372636454,0.056795598429926854,1.0
-0.19782927290499988,-0.8728563558696881,-0.7865887084619597,-0.028049249628600222,1.0
-0.9715784192676993,-0.9959370042667444,0.730701357085276,-1.6952805134694502,1.0
-0.9436062682109436,-1.0406898990457645,0.6147516454689224,-1.4669427298718876,1.0
-0.9323441303860884,-0.9520537089960601,0.9761075063322232,-1.397714647303057,1.0
-0.9147512289802352,-0.6671945531513724,1.2167257097056807,0.48123206219453096,1.0
-0.40059401858170474,-0.9345202949844716,0.5303682241435911,-1.1288618308810796,1.0
-0.38474527080353094,-0.9233814386874162,-0.8284358008633144,-0.8502941575244073,1.0
-0.9686865965429409,-0.8095162822972035,0.4536860207200455,-1.7697620439844917,1.0
-0.712912175575813,-0.9521291350466567,0.5824396103347516,0.9109924530583827,1.0
-0.49653570836772654,-0.8783540768909474,-1.1673289856132119,-1.6242532474660465,1.0
-0.966768934586647,-1.0258874318577889,1.4863005088886332,0.7777187327053237,1.0
-0.43731368310943436,-0.9567091724523247,0.9334016524466678,-0.6367808384545275,1.0
-0.4626132397701182,-1.0777868401724282,0.19750864313571728,-1.7346440374552239,1.0
-0.868888447122309,-0.7143013692594264,1.8431794258760845,0.8231266955778909,1.0
-0.3783838567731136,-1.0312405862820715,0.2345851133822833,-1.2440742857525133,1.0
-0.9684611133310809,-0.8565454724281854,0.3233510230695918,-1.8636732883689222,1.0
-0.9653809623136342,-0.9402044859641501,1.1569386691804833,-1.882671481178643,1.0
-0.9139300891347204,-0.8954528482859734,-1.0451006633760567,-1.1526816885730566,1.0
-0.4804404177491395,-1.0454667774918087,-1.034058030112353,-1.9602472823158354,1.0
-0.9733130916491086,-0.761822923887358,-0.8872654996955096,-2.1035251123357526,1.0
-0.3434718687012045,-0.8974325725973253,1.3181251474907774,-2.183907503388651,1.0
0.25886851091986746,-0.9561958562746538,1.308882943563547,0.7885133093041915,1.0
-0.9735929177729776,-0.9070484512227523,0.41446759639689157,-0.0011335492887537854,1.0
-0.9594092229393146,-1.0076353751974612,1.102104974795425,-0.16384083117377354,1.0
-0.4921588120156977,-0.8321577160686359,0.9513036533771648,0.6717170385215883,1.0
-0.38777074714144244,-0.7558139818564998,0.6409092232996523,-0.8660539773544679,1.0
-0.9005280507672409,-1.07814825666487,1.2373182491383121,-0.1747795101301505,1.0
-0.9177556730832422,-0.92775394969554,0.37278466685370815,-0.004012976396072999,1.0
-0.40066737268607466,-0.7167359545592372,0.32694115753572345,-0.9223288300089433,1.0
-0.9732218312295516,-1.1320286568675448,0.8392620902059629,0.10825062023215097,1.0
-0.9568493564523483,-0.8782346523108362,0.9235155836410331,-0.5622995699437725,1.0
-0.9504850569575765,-1.0865236596056733,-0.8308557593781115,-1.596043769960054,1.0
-0.9240655261788867,-1.0873388161716553,-1.3318849272109403,0.7087775448300795,1.0
-0.8653759117063365,-0.9720929440219116,1.5254871730608341,0.572841860927397,1.0
-0.7988150365862453,-0.713749082955614,0.955808645178531,-0.5549592578565422,1.0
-0.9114337363446787,-0.9940931516048696,0.3754855170931648,-1.2461611498935323,1.0
-0.43268385206557425,-0.9233291642440166,0.30639687703376034,-1.4017445352318723,1.0
-0.5603020356104268,-0.8833878229426343,0.29428347296650914,-0.4570899147177651,1.0
-0.9724608508808364,-1.1905362137582458,2.076150857320818,-2.032138114447149,1.0
-0.9650951004557833,-1.0318062816615456,0.8278428722952488,-1.6921862428472991,1.0
-0.35193346248329066,-0.9786309159909815,-2.1838798493811216,-0.3451870979918866,1.0
-0.35519056734163973,-1.0631079879007082,0.7956822134649693,-0.6482228276450409,1.0
-0.9566028562242777,-0.9838792072532542,-1.4320180836528587,-1.7119759506061747,1.0
-0.9597375784341411,-0.8771514504175469,-0.6826885093884085,-1.7701938270484465,1.0
-0.9469237304091125,-0.7845763443922452,-1.224249775632303,-1.5545933818332613,1.0
-0.3891039047229365,-1.073575657105858,0.3346827974478127,-1.0809346967949662,1.0
-0.4861017718623339,-0.7723720951305136,1.9657183376413876,-2.295017757148229,1.0
-0.9376433404603647,-0.984429293630591,0.5376969820932954,-1.4244128840852082,1.0
-0.8979197492652189,-0.9704356660768597,0.569891875891485,-0.9725589817723395,1.0
-0.38996528279499787,-0.9779007499178456,1.094297752233966,-0.30035554454935626,1.0
0.7979085597040076,-0.8388989193407019,1.628867289350798,1.685600265613099,1.0
-0.7447008311083382,-0.9039193177070318,-2.181954029318809,1.1874017351038535,1.0
-0.4760878713072749,-0.8452640399438217,0.5785999318254201,0.8139146248687595,1.0
-0.9436062682109436,-1.0406898990457645,0.6147516454689224,-1.4669427298718876,1.0
-0.515047423196241,-0.6819446411375449,-1.2187169098546502,-0.4481665727322253,1.0
-0.5649951764207142,-0.8964373677630654,-0.7439599863715751,-0.30143500220924313,1.0
-0.9786394975292995,-0.7074103614702033,-1.5742656127275252,-2.3055243910363648,1.0
-0.415164396076254,-0.9821036570705308,0.6038269784801857,-0.7078081044579313,1.0
-0.968707844883298,-0.813470912033342,1.151277937860034,-1.9551379367271335,1.0
-0.4907891295689572,-0.8411774146191393,2.1005694637695154,-2.2835757679577156,1.0
-0.8974328119367088,-0.6242961963913949,0.9535272764133454,0.40991711548468146,1.0
-0.9280833526681556,-0.5398712941666642,0.4056423991269751,-1.3622369088885893,1.0
-0.7715223484664523,-0.828823256081847,-1.8200763945469998,1.4068172247330222,1.0
-0.9038427431631284,-1.181022102684002,-0.742433436778382,-0.5095507709754026,1.0
-0.9639047459661862,-0.7916695359004287,1.253763820289408,1.0942094304812509,1.0
-0.9543505656275514,-1.071431147825633,0.3344815123352815,0.4780670504150571,1.0
-0.944184487265182,-0.797872385736362,-0.7535284536676828,-1.5069539284535933,1.0
-0.9114337363446787,-0.8793890899185778,1.108886385728062,-1.0332234542408303,1.0
0.2076576061056223,-0.9327153076903348,0.21737894848629488,-1.838990126553322,1.0
-0.9379601023542142,-0.9055535488032902,0.21926434653830407,-1.6344719386434503,1.0
-0.9493894327497348,-0.7325953292811967,-1.2953038328253375,-1.5314214607415026,1.0
-0.9325816637597409,-1.217251713369352,1.3516667541832592,0.021390959211359282,1.0
-0.8616901266795454,-0.5520232689849965,0.676947920302102,0.21770553091037814,1.0
-0.9376312872548332,-1.011131163125804,-0.9688626895963559,-1.7297505833984994,1.0
-0.9790354301123093,-0.4453163590716069,0.5837318772559822,-2.406919787861248,1.0
-0.44452430025683093,-0.8768687074862136,0.140457925226365,-1.4580914390651025,1.0
-0.4788820234986257,-0.7455937520006679,1.2793794132064777,0.48885900697106105,1.0
-0.8213727629250438,-0.7545475575153031,-1.181480813914335,-0.9173635867777505,1.0
-0.565056355570002,-0.8810589388720624,-1.5552895412375374,0.6889176199224545,1.0
-0.3823681108237434,-0.6756791457762549,1.190366021823434,-0.6694519869532898,1.0
-0.9323657104939715,-0.8169824137222256,0.12040250356737743,-1.3200667949871099,1.0
-0.486865750293738,-0.9152866520823528,-2.658357943487002,0.8554370641743069,1.0
-0.7406799608802987,-0.8360128253213481,2.16948692898937,1.1724334302229484,1.0
-0.9153814655300622,-0.9529012044812352,0.6332834873150655,0.1048681448949813,1.0
-0.5028545100553564,-0.9778609417244752,1.2413790112958336,-2.567684569967044,1.0
-0.41111622351144295,-0.9849520380645864,2.404867594742085,1.0881649915944573,1.0
-0.48443989049362196,-0.9578049453540467,-0.7424948947328228,-1.8942575727266655,1.0
-0.5654523459840485,-0.9246384347722884,0.5866014275180315,0.2965766812394349,1.0
-0.9060160639574533,-0.9261155282631373,0.7627312630863087,-0.39325964445694106,1.0
-0.8933236732843239,-0.9486072622758162,0.8798556878184186,-1.0345908546114488,1.0
-0.5649957851684684,-0.7208415411549722,1.0697702538391451,0.20014600363717133,1.0
-0.9586422038128788,-0.9423111774606732,1.1857632747522524,0.6084613436607965,1.0
-0.4365801420657356,-0.856356907301694,1.0768845276525458,-1.2815665751249592,1.0
-0.9510054449751747,-1.074507797381147,1.140716656494535,0.10889777081951016,1.0
-0.9223456920239838,-0.9842920601218668,0.9970032108421303,-1.221262096545955,1.0
-0.971355952400961,-0.9735490858320394,-1.0125238228274491,-2.0254454769558508,1.0
-0.9574278159619496,-0.9906833703258877,-0.8772284670554765,0.22670013806181327,1.0
-0.9431497378327511,-0.8348500070413182,1.5232256028313076,-1.5466774463288537,1.0
-0.8810878434267748,-0.9527975984200685,1.0915445183689123,0.5950048035123052,1.0
-0.9551326786545504,-0.8928243551810874,1.5999639021058865,-1.6340401555794954,1.0
-0.4412979371600642,-1.1669341674250084,1.0873794014296891,-1.4704690455622798,1.0
-0.9412929049957864,-0.3905696173469482,1.6795061689931448,1.0724787949688703,1.0
-0.5649893933170501,-0.826800371308209,1.1590364890213316,0.4181938308914346,1.0
-0.9325756371569752,-1.0825794742823747,2.227638115505757,0.9646063901803794,1.0
-0.8919840325392485,-0.7942037464420689,0.3438008480576826,-1.1492271620571326,1.0
-0.9598841101060323,-1.1678130904312654,0.8801699895720022,-1.7801245755151183,1.0
-0.4835142895335024,-0.7256497423636946,0.13654276479983438,-2.1859223163509154,1.0
-0.44134024512897463,-0.7685452706467748,0.5876293014943182,-1.4688139644852156,1.0
-0.970330474196825,-0.6990517932048592,-0.7183608922342211,-2.0538708459938206,1.0
-0.43286647639180625,-0.6035434518785808,-0.8859785948776867,-1.4134024159543632,1.0
-0.9467714217210349,-1.0016567083452455,0.4016888790376056,-1.5395530257736012,1.0
-0.9717395791481216,-1.0153508316230662,-0.9350183302960913,-1.976654776741828,1.0
-0.35506881779081845,-0.776771843323575,1.0992609976419352,-0.006963144660715004,1.0
-0.49265189769652434,-1.0830300087487643,1.180164413855737,-2.1960689563495643,1.0
-0.8994018978595307,-0.6235449738791341,-1.3350568176112796,-1.2229171776230192,1.0
-0.41405343142500883,-1.1083605907407708,1.500151646929438,0.6190410767448328,1.0
-0.4756313104916947,-0.7272421748569142,-1.1246606664515093,-1.976366834031096,1.0
-0.9506552628296248,-0.8063084752203747,0.8310444604990762,-1.750188227757593,1.0
-0.7715223484664523,-0.828823256081847,-1.8200763945469998,1.4068172247330222,1.0
-0.49682790728969783,-0.8639351302185746,0.695598140892705,0.06910193976120885,1.0
-0.9194086058599688,-0.9107790027335768,-1.6554099111251759,-1.2619930209023476,1.0
-0.5664869127921531,-0.8679221303014273,1.76588264290813,0.7479969664583443,1.0
-0.21450926574140672,-0.5917057522710676,-0.9680855970717472,0.5816190045211367,1.0
-0.41436663214449687,-0.6975201205857313,1.4878456196090064,0.03297678875509541,1.0
-0.9551419681452781,-0.798718833637501,1.042442087587588,-0.09036696914415071,1.0
-0.48282031709382045,-1.0265432194643644,-1.1007630089723344,-2.183187777613964,1.0
-0.9499671952431576,-0.6821854807074358,-1.012692110380549,-1.514078349008846,1.0
-0.4678697766268315,-0.4146114614577897,-1.044556616114932,-1.831290082580892,1.0
-0.4369362595018881,-0.8435941909903371,1.273474912415729,0.6134263248877031,1.0
-0.7312444620038044,-1.0615890958068201,2.412996131038507,0.5489496900523789,1.0
-0.45253237696210746,-0.7606601056073278,-2.0276067076701563,-1.49997361025585,1.0
-0.9560550532515733,-1.0518486594395051,-1.0090355683260617,-1.6633290907453746,1.0
-0.9684611133310809,-0.8565454724281854,0.3233510230695918,-1.8636732883689222,1.0
-0.5339067329923506,-0.8008203919722473,1.1100833721964345,-0.4950142491584519,1.0
-0.9799910097687015,-1.0300672921616807,0.7633012959254852,-2.4268535979776327,1.0
-0.41107056742988496,-0.8522315213676774,0.4658608827417377,-0.36850285943686834,1.0
-0.40806944100213777,-0.9309375575811358,1.0616755400411404,-0.6965817447951091,1.0
-0.6463238763693993,-0.9362874644949065,0.6426675807478507,0.0033991248656251665,1.0
-0.8394433486935446,-1.1602536925995128,1.3000127871189053,-0.03725870029486723,1.0
-0.8445324190431032,-0.41690577525517153,0.16156852634206872,-0.9079364105495017,1.0
-0.9388945301567683,-0.7645079865301913,1.2675679368080233,-1.3387773070903854,1.0
-0.48295454597360105,-0.9195985079747887,-0.8688701852515138,-2.1888009574453755,1.0
-0.9481716937424193,-0.6167850188528223,-0.9748055500499432,-1.5579755951661445,1.0
-0.4417849353633498,-0.6443257936441146,-0.8692389329781591,-1.4694613770768612,1.0
-0.487657122374077,-0.7984621755486656,1.1134280873142954,-2.0968324748444545,1.0
-0.44257021996614776,-1.2341807237713338,2.3216419752833013,0.7062596836379648,1.0
-0.43929820078782295,-0.9666821724756456,-1.4632267628935434,0.6510632406262307,1.0
-0.9748044018971197,-0.9773422828682203,0.5714588474949815,-2.177574597782553,1.0
-0.8176014184014129,-0.82827432204695,-1.5067744670140915,-0.6041096899557655,1.0
-0.3582008249856985,-1.008098407341401,1.6012759675627757,0.6116997166404571,1.0
-0.8918625569249164,-0.9936218435470449,1.389500105949282,0.31715711793460616,1.0
-0.47164370832841734,-0.7480889924161667,0.5882624421659075,-1.6977273714999557,1.0
-0.4838494051721382,-0.9443015871291931,0.9742456190413089,-2.086109949424342,1.0
-0.8426118503162835,-0.9266319871929164,0.7781720585527194,-2.3030777950101458,1.0
-0.945989424356109,-0.8309383282506584,0.8788249265556815,-1.5710008762592538,1.0
-0.9372755046299456,-1.0065909339135062,1.033760429701198,0.1517145112997759,1.0
-0.9413537493338094,-0.16724575729741556,-1.096060856753366,-1.494504532781948,1.0
-0.4269619275508461,-0.9592610871641744,-1.6032613931388446,-0.5063123979957423,1.0
-0.9752488699385645,-0.7420665365512434,-1.7906714443987315,-2.0823680042062587,1.0
-0.8412908676898715,-1.004344913740187,-2.113543076636226,-0.7040658972355617,1.0
-0.45782482993631307,-0.18840685006748692,0.5119601231453155,-1.679376853286167,1.0
-0.8127556036543955,-0.5296049706132457,0.6167686212891642,-0.6979491451657277,1.0
-0.9429669613195805,-0.8763971899115816,-1.3261087044324813,-2.0535829032830883,1.0
-0.4201436483309715,-1.066847967667857,1.2988982945491112,-0.6168470283381429,1.0
-0.9423156012226861,-0.9130479649972858,0.41775910295016944,-1.48781189529065,1.0
-0.7825620498619568,-0.9912963117453883,-1.870445931610488,-0.04085863918973231,1.0
-0.37056144813283964,-0.914634111986289,1.168045647685078,0.6029199530038535,1.0
-0.5510521134867721,-0.962562129220213,1.4205953560794216,0.3343550792926081,1.0
-0.43618445602556605,-0.7895797105068864,0.3580813668405882,-0.5136527100829726,1.0
-0.4605648035775484,-0.8264064797106493,1.292603597618087,1.189922216338832,1.0
-0.4057473726940969,-0.9176302023294296,2.068277227171003,1.0891003468968357,1.0
-0.4641868527144846,-0.5746406083235993,-1.4517968207760141,-1.7675310774859636,1.0
-0.40252070522345323,-0.9224489841369163,0.6842651291060056,-1.2970387142485742,1.0
-0.9236972033502644,-0.894344399617415,1.5655185747544784,-0.3579257463956963,1.0
-0.8516731519483282,-0.9857712487807878,1.5134438888073747,-0.0843958914575439,1.0
-0.9787369123886503,-0.8337070928579732,0.5375513803623045,0.2541188866315098,1.0
-0.5056730121568715,-0.7407559041637249,1.5354408868633032,0.9094099471686454,1.0
-0.9771786064065611,-0.4364330559625989,0.37042575382385906,-2.241621545588213,1.0
-0.8342446733108593,-0.946711135170542,0.7922801650875962,-0.42182806783527466,1.0
-0.8353038030908422,-0.9609173175251903,0.7748170316975361,-0.7864633632550107,1.0
-0.9330412378767039,-0.9007325670693278,0.8038742700632965,-0.7240714965264146,1.0
-0.9662789504756276,-0.9275936693380223,1.1114152361889826,0.2070550566690194,1.0
-0.48199272452211206,-1.1842821360153648,1.3789346998888543,-2.0999987966453606,1.0
-0.31574066913674054,-0.9015392067770963,0.8739334508394756,-0.7627155567417881,1.0
-0.5649833058395091,-1.1341731032927276,1.3665503033647728,1.0196561107917408,1.0
-0.8716827515005983,-0.6814983703381821,0.5006444350773172,-1.1217374103258269,1.0
-0.8562813115721422,-1.0807284561456934,0.5838774789869728,0.3856659987373224,1.0
-0.48083579941543186,-0.7855297506234664,-1.478879155209808,-2.097192468733941,1.0
-0.837653873795572,-1.1210709488020052,0.676207537562361,-0.3579964875530187,1.0
-0.39526747573326915,-1.0837151287083497,0.3636769279811607,-0.9853683713334715,1.0
-0.30333438990804146,-0.9494745570992729,0.5905235999259413,-0.3768503160009439,1.0
-0.4739268167801953,-0.8655756468190494,1.490584829511302,-1.9263528358039639,1.0
-0.5328535993777457,-0.9394827005633027,2.0471257915755032,-0.06906602066143361,1.0
-0.9157316476756121,-0.958988715314798,1.1242129271449417,-0.22882313428181136,1.0
-0.9766277840449961,-0.8771650690100158,-1.3069527962435925,0.8011052353076275,1.0
-0.9324049442867237,-0.43100625638058115,-0.8734069372038326,-1.3338835910293745,1.0
-0.4545683338257181,-0.5796166324948991,1.504527948249022,-0.20263056577237468,1.0
-0.8905238293014723,-0.7915218265513438,1.7218449250300265,0.821688292045663,1.0
-0.4330798424796207,-0.90442006287627,-1.0820109084169873,-1.2679656706146725,1.0
-0.8777671244281214,-0.9261668598809044,-1.53828177416763,-0.33943086382011206,1.0
-0.44922687665730693,-0.6346336509008621,-1.1463648111674845,-1.5427913987532613,1.0
-0.43569715344840343,-0.8202361049798339,0.8151383994446831,0.3186688826670203,1.0
-0.47356430749262474,-1.0947985468582169,1.4831616160477252,-1.9170694999289377,1.0
-0.4268097406123194,-0.22551217186643924,0.5773843842298676,-1.1999608860589515,1.0
-0.4500636004453269,-0.8152182822054952,-1.1388562165188791,-1.444130540665329,1.0
-0.4886527293259189,-0.8205557228692368,1.2237525399865885,-2.3831001921735573,1.0
-0.5640123531717085,-0.9071825419793684,-1.0617116347938018,-0.5109899605204898,1.0
-0.814140778731478,-1.0267380700950721,-1.0947863260203299,-0.6369967299865048,1.0
-0.9774068776831347,-0.8552380875511786,0.5943851393183959,-2.2332017758410965,1.0
-0.9479281033286134,-0.7845030135097207,0.6291880777201413,-1.4013127521679176,1.0
-0.9254657982002712,-0.6931747420041416,0.5501514984311684,-1.2896986641656303,1.0
-0.8681000883433527,-0.9983495903017977,1.3810609801247125,-0.5199133025060292,1.0
-0.8789542129860177,-1.017032308759351,2.0711199669160147,0.49440039762800403,1.0
-0.49435030393048274,-0.7184634206347053,-0.9608583066172943,-0.13951897326909166,1.0
-0.974287018049688,-0.8793829091727651,1.1442618317859414,-2.1076988406177906,1.0
-0.49022299415763776,-0.8897685525478911,-1.4690916666129743,-2.396916988215821,1.0
-0.8535420379908242,-0.9734559556112334,0.738615821714887,-0.9476596664204753,1.0
-0.9275049205522031,-0.8931795909277163,-1.0455395309164937,-1.2952397928182873,1.0
-0.839340013762285,-0.9771717361871493,0.7491696786295137,0.8307536403544209,1.0
-0.44579658306291436,-0.9533411897763817,2.008995461774598,0.8190263284960388,1.0
-0.4709138197712432,-0.4142240648812536,-1.0823334595604286,-1.886269586043503,1.0
-0.4338986082088946,-0.25233577062664264,-1.049959141532831,0.549885045354757,1.0
-0.9317663678926656,-1.159684864943771,2.238751693522239,0.5758627703493614,1.0
-0.9438802960124548,-0.8186962612052249,1.5081296318609545,-1.8532387056595412,1.0
-0.9663551200383602,-0.8709686094367025,1.4021575572776577,0.5651415549506803,1.0
-0.4281794230590601,-0.7741529879918208,1.5235997126613605,0.7747685644406813,1.0
-0.9246680038311264,-0.9648049018830205,-0.717436960570143,-1.5200512607254575,1.0
-0.8878721240845825,-0.9947228543689473,0.3531325578648704,0.8982564246974365,1.0
-0.9460838106953834,-0.6570477589364687,-0.703387012233764,-1.552434466513488,1.0
-0.4323797825623978,-0.8285958255876176,0.2689071123553167,-1.2039910359920531,1.0
-0.42418603779211855,-0.9446556705333824,0.895583562051882,0.06931678327604074,1.0
-0.9809802620027382,-0.993642795227766,1.432043859324131,0.42272650504581355,1.0
-0.46579699052409734,-0.994985797961999,0.4404445125897347,-1.6181364953962123,1.0
-0.9028321305791478,-1.0247822306997425,1.0847391842056875,-0.08245181965260245,1.0
-0.9821460005898399,-0.9013254996337395,1.1004262239593547,-2.8000522414934217,1.0
-0.9613206147937412,-0.628308338491113,0.4771377986774041,-1.7895517517433672,1.0
-0.9617283905643073,-1.1070542220202788,-1.2386470232816973,-1.7891199686794124,1.0
-0.43128373223112826,-1.0233627543308768,1.2351210241496766,0.3722801997461539,1.0
-0.9704793251976592,-0.774766872236954,0.3805230070098543,-2.0290435818207113,1.0
-0.5281659372972454,-1.1249364919917166,2.2235550799956196,0.5080744013341907,1.0
-0.9443396266303162,-0.8812286474859047,1.2556248826413363,-1.514510132072801,1.0
-0.44711117383790827,-0.3675750429969591,0.37883518184494036,-1.538545619292469,1.0
-0.8237133067274217,-0.26524713911271697,0.34748791285464387,-1.4962316650377667,1.0
-0.4646434135300647,-1.0782247302995025,-0.8315515954126201,-1.7619178976545524,1.0
-0.4543315309493705,-1.017259529736773,0.7899843598901595,0.659269214875661,1.0
-0.840688268288081,-0.9865202713665729,2.408302228209396,1.2407982086681555,1.0
-0.8192479593267212,-0.770206738927971,1.2817746235517014,1.1714273337632484,1.0
-0.8100767178502848,-0.9054360098744441,0.8826947153379939,-0.6151919472610786,1.0
-0.45412425233909715,-0.9712391630325201,-1.3248007636705208,-1.5689140121182348,1.0
-0.9353576143932439,-0.9371151606418001,0.2283646609599795,-1.2955277355290191,1.0
-0.8466019483453527,-1.157725767562089,0.38084597062278874,-1.5964755530240087,1.0
-0.49517515713729754,-0.8464268582238517,-3.2017749512263665,-2.8107027419352093,1.0
-0.9766461286585661,-0.8464593333289695,1.6283207672727162,-2.110433379354742,1.0
-0.2708424785325844,-0.9187909254413876,1.0237745432782834,-1.4329762321812614,1.0
-0.4784924249359973,-0.6914252766639162,1.4689644161023836,-2.0257334196665826,1.0
-0.9627513150716146,-0.8609966569974176,0.6161321808616319,-1.8454666105083566,1.0
-0.4683263374424117,-0.8909795596935801,-1.2566018203072844,-1.8138031304950124,1.0
-0.47654412774897814,-0.9688254246550271,-1.4796752213310893,-1.9778060235761832,1.0
-0.5374496449212528,-0.8129785475363922,-0.9845328181008146,-2.046026961668167,1.0
-0.9793396359749827,-0.7357066538683044,1.1903115758503722,-2.4271415406883645,1.0
-0.43454083708947744,-1.0223989770176987,0.9375906926164786,0.6394066699251721,1.0
-0.5159760678951312,-1.1132350097364128,0.7203727085137682,0.22317356036713448,1.0
-0.8659056135645726,-1.0360238549907357,0.9767827188920876,0.43848606287158803,1.0
-0.9813485610901983,-0.8869882645161796,1.3972879424445752,-2.270478435685851,1.0
-0.47048769634336823,-0.9119731437762851,0.33069298004306885,-1.737378838196461,1.0
-0.4190877753514731,-0.9658850657826051,1.7751813551558868,0.8981123223399278,1.0
-0.4544773260364791,-1.0335346905626461,0.6145140630410166,-1.641668148373171,1.0
-0.3820153415002385,-0.7063407781693829,0.14553212492792195,-0.24552066745282672,1.0
-0.5649893933170501,-1.0177518942337227,1.8543585865419356,0.39221348585396554,1.0
-0.3077389842828821,-0.883541713037532,-0.8628992768724097,-0.07763094078320494,1.0
-0.4261857741643599,-0.6504825497824611,-1.515114600160367,-0.7465239538477733,1.0
-0.9808615981942824,-0.9674427184858274,0.9207961722743965,-2.2597561722700243,1.0
-0.928542683286017,-0.995102079790002,1.2606652598444763,0.6432921934921911,1.0
-0.44005913548045666,-0.6315852861143221,0.29545282397885786,-1.4715485032221667,1.0
-0.1767970380006057,-0.632980458533551,1.3338777698938145,1.2395039074934373,1.0
-0.9191921655959961,-0.8765794695338565,0.916819553893425,0.8770262173720426,1.0
-0.7975612901492743,-1.0540800134363197,-1.3771992381695446,-1.9172853914609151,1.0
-0.43192017800804705,-0.9051900371427763,0.7051682580667846,-0.14541930979837564,1.0
-0.8466019483453527,-1.157725767562089,0.38084597062278874,-1.5964755530240087,1.0
-0.9583679538184373,-0.7482986139817831,1.1039606750439461,-1.9333331540017071,1.0
-0.9153814655300622,-0.9529012044812352,0.6332834873150655,0.1048681448949813,1.0
-0.9330626049228731,-0.7348004936771098,-0.8311952217707614,-1.1466367256776906,1.0
-0.7319443697340889,-0.8018928037499651,1.6899061747869228,0.9928871328522678,1.0
-0.30323394652861385,-0.8118451663677755,2.1237510742090295,1.1060834647400055,1.0
-0.87637914911137,-1.0355618704308318,0.6536615426113931,0.38178047517030334,1.0
-0.47026519903924224,-1.0087384811874356,0.8768359986609565,-0.12785978252516922,1.0
-0.4140503876862383,-0.94743700614913,-1.0197729741650254,-1.1949956428277586,1.0
-0.7774817759174452,-0.9192685190034287,0.25883048264396596,1.0814000409201188,1.0
-0.316614222163884,-1.0321100810320039,0.4367005270027544,0.21151698966607593,1.0
-0.9816831885131353,-0.8862549556909355,-1.7441638591971906,-2.592007999897444,1.0
-0.9651589611389279,-0.38153315745186767,0.8990639796329045,-1.8908750973894959,1.0
-0.6870801472546119,-1.0392755558386757,1.5915371503661035,0.04233034177887151,1.0
-0.4673401660807585,-0.9415359652739864,0.23609928889068962,-0.8632476494430484,1.0
-0.5290790589284057,-0.7237536152584204,1.0844236450436253,-0.4930712253706555,1.0
-0.9698553526622221,-1.036127565810306,0.3221709478504278,-1.8663357759271184,1.0
-0.771117348585645,-0.8188324471299129,1.7086240403743602,1.2307948850141563,1.0
-0.5248485664112396,-1.1246505225015522,-1.133573719723412,-2.053654954461843,1.0
-0.9358139317097225,-0.8087964873060247,0.39412088878202384,-1.3949801085661062,1.0
-0.37433568420830254,-0.3455131327142769,0.11724199732504208,-1.0202702243264754,1.0
-0.22598324778469098,-0.5455387238017658,0.9758905473789623,0.7893045622490594,1.0
-0.9060160639574533,-0.9261155282631373,0.7627312630863087,-0.39325964445694106,1.0
-0.9096685200447071,0.11925705789985518,0.8544653032444677,-0.2864666973283377,1.0
-0.939722396664966,-1.0628001029525092,-1.6992772791027153,-1.194563859763804,1.0
-0.8312982733062063,-0.754073944772599,2.4205913442806195,1.0715434396664922,1.0
-0.14285965508302165,-0.8884759386057929,0.937913656229413,0.268293318524683,1.0
-0.8903071759757856,-1.0790491789358843,-2.121224496002353,0.6925149387744552,1.0
-0.9444796386137608,-0.7972417401466521,-0.9889379922849005,0.11199204144166126,1.0
-0.45094658906265894,-0.862631935677712,-1.0458954920888595,-1.57618227302671,1.0
-0.44065844764437484,-0.8474313865560326,1.9304455964872382,0.8717730314301178,1.0
-0.37180907665488183,-0.8902043475068935,-0.8828104167027836,-0.8531727986188675,1.0
0.7961641930146142,0.22632119396954214,0.9035273120154885,0.3406903429372829,-1.0
-0.24852882960579512,-0.4018667635918529,0.9701081375581098,-0.3911714702944901,-1.0
-0.2823548116843775,1.0887971308603104,-0.8314864252327433,0.45489277128472094,-1.0
2.70055575264274,-0.7125498087511289,-2.0288478283742686,-0.6826931595783766,-1.0
2.599671031093371,2.491983567965059,-0.9891665003839629,0.8065025236070618,-1.0
0.5677632531692045,1.4930179070156262,-0.602351496282246,0.6948886976090605,-1.0
-0.4637515980702981,-0.5478297900886359,0.7144793443993277,-0.743357370042581,-1.0
0.2611357919300386,0.96796878814079,0.23020633724574213,0.0919853941336629,-1.0
0.306275046644821,0.5440429562671264,-0.827237576986463,1.2859913280258906,-1.0
-0.3767889376573535,-0.48657021841177267,2.5698718906785873,-0.7032023311076525,-1.0
0.8985856982692273,1.2373550230144217,-0.6730129237649967,0.11450990263377597,-1.0
0.168240884653322,1.2343170293098384,-0.9846363479435304,0.8214708284879668,-1.0
-0.10742992704624453,-0.12541562197901152,0.2932601361546442,-0.1038968704928283,-1.0
-0.25127732571558786,-0.5334181765045155,0.6837379930940896,-0.09526120921373417,-1.0
-0.2173697714379551,0.3547864243119628,-0.934534503580929,1.6722878278221165,-1.0
-0.26855663071591285,-0.6309859632872904,0.9018926954151576,-0.5601403926197127,-1.0
-0.377583353476463,-0.5354138240932157,0.5943995757506471,-0.008763114108147731,-1.0
-0.41095186161783404,-0.08262181410583291,1.6842862779462697,1.5532619005624182,-1.0
-0.2563305408224294,-0.24389758597455774,1.7104050836446678,0.34752603476894506,-1.0
-0.9822920662348879,-0.12975785780849305,1.1596176585368163,0.6735877491263438,-1.0
-0.15147252268200354,0.6207900103331467,-0.8721588045183415,0.5425436852503813,-1.0
-0.4821753488483442,0.28427354284455414,-1.2191145304457982,-2.1289277379217535,-1.0
0.023967971303858034,0.7405697214325679,-1.2083259783897158,0.8818497162843036,-1.0
-0.25027289192131136,-0.2118288387041898,-1.3324916698349845,-0.4748645475100899,-1.0
-0.2747323766813276,0.22182077295061503,-0.6346958690246596,0.008869774365245395,-1.0
