-0.9181179388717112,-0.9571659190920482,-1.6351312609766353,1.380551295023399,1.0
-0.46925132965477717,-1.0518528497756494,2.2892297100623575,1.2019377329122316,1.0
-0.3178530238434916,-1.056639261236422,0.32092446504290834,0.15221755952962635,1.0
-0.40315958599138835,-1.1039427717230872,1.0064339133276123,-0.9707597983377658,1.0
-0.45972168793811025,-0.7386964587072283,0.39545234030507903,-1.6806722024780314,1.0
-0.9419017744994441,-0.3648618003435556,0.4724542075856158,-1.201472126782793,1.0
-0.8847525049064985,-0.9861997106515376,0.6329823845852544,-1.0625123894067094,1.0
-0.6755440729404087,-0.837783242342295,0.568788519997999,-1.6591553624633366,1.0
-0.945989424356109,-0.8309383282506584,0.8788249265556815,-1.5710008762592538,1.0
-0.4461709629316901,-0.9767882156715465,-0.7906927799162349,-1.485725031149631,1.0
-0.7370276265425957,-0.8043130371484816,1.1842759097608841,0.2289297945389094,1.0
-0.47417031588183817,-1.1490309562486896,0.547037766229327,-1.9440556794218204,1.0
-0.3224186319992935,-0.660255461254894,1.6866361166472754,0.5438406064679635,1.0
-0.4019119574693462,-0.8154277990127078,1.4115321639121063,-0.8009998850719617,1.0
-0.386601951453557,-0.8961860523528138,2.171392950516023,1.0639138748470982,1.0
-0.8890745530858822,-0.7979520021231029,0.9439163247594697,1.3450732946046442,1.0
-0.7905062384904399,-0.7682655657091461,0.3093497461333739,-0.07173060425392093,1.0
-0.4415718736494123,-1.041904991769194,-0.6739940237007895,-1.4790323936583332,1.0
-0.9372755046299456,-1.0065909339135062,1.033760429701198,0.1517145112997759,1.0
-0.9358139317097225,-0.8087964873060247,0.39412088878202384,-1.3949801085661062,1.0
-0.9436914928965185,-0.9910374537300772,0.43211469118078155,-0.05345056519316861,1.0
-0.9352967700552209,-0.4749001322500294,0.5929600572204541,-1.3774931564802269,1.0
-0.25419931493530107,-0.6887016629285556,-1.3883029169181964,-0.06647741831199648,1.0
-0.32502711612564167,-0.881436069125045,1.0595839072426854,-1.0520057555185736,1.0
-0.9443396266303162,-0.8812286474859047,1.2556248826413363,-1.514510132072801,1.0
-0.4269619275508461,-0.9592610871641744,-1.6032613931388446,-0.5063123979957423,1.0
-0.4084894769524715,-1.0198512526419932,-1.056930700901691,-0.10692039995765698,1.0
-0.4235529401278474,-0.7843983598645182,0.43685190330664575,-1.3286304050874496,1.0
-0.821247847885901,-0.8104098714799656,1.9347946748202907,0.8590370030691724,1.0
-0.9228784071836028,-0.932987784298115,-0.8947254229439539,-1.2626406954982794,1.0
-0.9582160803850038,-0.8282501228557169,-1.1402516008133328,-1.6673589786741898,1.0
-0.928819724388911,-0.9239176969554768,1.7903165107280645,-0.557477905061516,1.0
-0.3891039047229365,-1.073575657105858,0.3346827974478127,-1.0809346967949662,1.0
-0.8777671244281214,-0.9261668598809044,-1.53828177416763,-0.33943086382011206,1.0
-0.33704379679171237,-0.9375006715670713,0.4068406230038263,-2.0965445321337226,1.0
-0.47654412774897814,-0.9688254246550271,-1.4796752213310893,-1.9778060235761832,1.0
-0.9515443084871101,-0.8595268965948211,-1.0235462450860011,-1.3024360025480082,1.0
-0.3401605852927398,-0.9403541857229036,-1.2510037843497548,-0.9716233644656752,1.0
-0.8515542635119511,-1.0310939245170228,0.1910200855430338,-1.7223384821368009,1.0
1.45298810537601,-0.9555892003593696,0.4802589553301176,0.4609372101715144,1.0
-0.9053159431654549,-0.6369519543726698,0.4588752994101194,-1.4333362260707478,1.0
-0.431128805927708,-0.9138367957764414,1.8310606597054258,-0.6937754168836897,1.0
-0.8878721240845825,-0.9947228543689473,0.3531325578648704,0.8982564246974365,1.0
-0.4346047556036586,-0.6120718335161707,1.429748466596187,-0.7651621527680071,1.0
-0.9379601023542142,-0.9055535488032902,0.21926434653830407,-1.6344719386434503,1.0
-0.4756313104916947,-0.7272421748569142,-1.1246606664515093,-1.976366834031096,1.0
-0.9687200350570738,-1.0331964256774013,0.8606717317040132,-1.9703221331400167,1.0
-0.6520467140057585,-0.6270408665658802,1.3862378847299994,0.8470188664529082,1.0
-0.41447042363657205,-0.8398324214752378,0.5275960166818642,-1.1551282845992756,1.0
-0.822742384497009,-1.0877305183185797,0.829101729187555,-0.17758557603728303,1.0
-0.9617408151059685,-0.7745877353667872,-0.8877666501293733,-1.678081504094303,1.0
-0.9297785629764048,-1.1015932397711645,0.5399309168667985,-0.32129492711686886,1.0
-0.9800578889275849,-0.8423444232353137,1.1017176659415997,-2.3950460156067797,1.0
2.1054013358850243,-0.952084088933106,1.6638434649395581,0.7343255827950208,1.0
-0.38474527080353094,-0.9233814386874162,-0.8284358008633144,-0.8502941575244073,1.0
-0.9731791032246909,-0.7332762589046379,0.967293033269122,-2.083159519155413,1.0
1.9848023183189007,-0.8456620171191218,1.8328565518774773,0.02721793454045661,1.0
-0.911281853780029,-1.1073790359265006,0.5016500357009879,-1.1833377621052683,1.0
-0.43889338353134183,-1.0300463404809597,0.420922331491158,-1.3661950076429363,1.0
-0.4673401660807585,-0.9415359652739864,0.23609928889068962,-0.8632476494430484,1.0
-0.4714005136006516,-1.0322923606542789,0.20895962119738404,-1.831578025291624,1.0
-0.9609585864168962,-0.8057900258809272,-0.937959237780411,-1.568626069407503,1.0
-0.9696240650405268,-0.742819749473173,-0.8274000899666626,-1.9968762675646583,1.0
-0.9423156012226861,-0.9130479649972858,0.41775910295016944,-1.48781189529065,1.0
-0.8426147418681155,-0.9914114412309516,1.3920297813491884,-0.20644272813920778,1.0
-0.515047423196241,-0.6819446411375449,-1.2187169098546502,-0.4481665727322253,1.0
-0.9766277840449961,-0.8771650690100158,-1.3069527962435925,0.8011052353076275,1.0
-0.8525801861019474,-0.7862693449529268,-0.9098696528449753,-0.2709219830173955,1.0
-0.7129486395662841,-0.8418132981290297,2.3332443296488594,0.6343683274980788,1.0
-0.554080633563454,-1.0462859882080102,2.265551073883908,0.755770633635247,1.0
-0.9258001833416021,-0.37757968005816916,-0.7753501521891325,-1.2706284201771552,1.0
-0.8176014184014129,-0.82827432204695,-1.5067744670140915,-0.6041096899557655,1.0
-0.49682790728969783,-0.8639351302185746,0.695598140892705,0.06910193976120885,1.0
-0.4540542463473748,-0.9446682415418151,1.612435329692968,-1.0597057994910035,1.0
-0.9325756371569752,-1.0825794742823747,2.227638115505757,0.9646063901803794,1.0
-0.8950586043835287,-0.7844716907470427,1.0406734184020674,-0.38318295960275556,1.0
-0.47651399473514977,-0.8188951974136732,0.3071290103836436,-1.7830032166095786,1.0
-0.9499671952431576,-0.6821854807074358,-1.012692110380549,-1.514078349008846,1.0
-0.9413537493338094,-0.16724575729741556,-1.096060856753366,-1.494504532781948,1.0
-0.9532243061889842,-1.106415153854919,0.3486461271906845,-1.7188842176251637,1.0
-0.5046990157503003,-1.0183972059999375,-2.170304653431061,-1.8348881874457525,1.0
-0.9469237304091125,-0.7845763443922452,-1.224249775632303,-1.5545933818332613,1.0
-0.9387057574782197,-1.079974195639728,0.7781939194358427,0.4556132830722668,1.0
-0.9433443240523514,-1.0271455802851008,0.5370638414217064,-1.532788599107835,1.0
-0.9353576143932439,-0.9371151606418001,0.2283646609599795,-1.2955277355290191,1.0
-0.5206780355478531,-0.09321288871043118,0.7492591845094713,-2.2791140969649457,1.0
-0.9048623956512576,-0.9142652576471912,-1.0510451737076156,0.3248574239113225,1.0
-0.4268097406123194,-0.22551217186643924,0.5773843842298676,-1.1999608860589515,1.0
-0.44065844764437484,-0.8474313865560326,1.9304455964872382,0.8717730314301178,1.0
-0.8616901266795454,-0.5520232689849965,0.676947920302102,0.21770553091037814,1.0
-0.9388945301567683,-0.7645079865301913,1.2675679368080233,-1.3387773070903854,1.0
-0.9816831885131353,-0.8862549556909355,-1.7441638591971906,-2.592007999897444,1.0
-0.4804404177491395,-1.0454667774918087,-1.034058030112353,-1.9602472823158354,1.0
-0.4939975346069777,-1.0566088812993761,-2.225940600979794,-2.8167475738284318,1.0
-0.8426118503162835,-0.9266319871929164,0.7781720585527194,-2.3030777950101458,1.0
-0.4948281709174566,-0.8724834159528497,0.40687279562427187,-2.11748574873124,1.0
-0.45574960884256266,-0.7921766713322869,0.543891448937547,0.4743963703628696,1.0
-0.14285965508302165,-0.8884759386057929,0.937913656229413,0.268293318524683,1.0
-0.4201436483309715,-1.066847967667857,1.2988982945491112,-0.6168470283381429,1.0
-0.9520950243178181,-0.9365609886867227,1.1752440652750287,0.35781494309509854,1.0
-0.5339067329923506,-0.8008203919722473,1.1100833721964345,-0.4950142491584519,1.0
-0.5649954807945912,-0.9222605237688286,0.3781789428817493,0.2693020350272475,1.0
-0.9551326786545504,-0.8928243551810874,1.5999639021058865,-1.6340401555794954,1.0
-0.4907891295689572,-0.8411774146191393,2.1005694637695154,-2.2835757679577156,1.0
-0.9194086058599688,-0.9107790027335768,-1.6554099111251759,-1.2619930209023476,1.0
-0.40059401858170474,-0.9345202949844716,0.5303682241435911,-1.1288618308810796,1.0
-0.5442368780056681,-0.8355676021060214,-1.3554666330585599,-0.6037499580705651,1.0
-0.5374496449212528,-0.8129785475363922,-0.9845328181008146,-2.046026961668167,1.0
-0.880649423294267,-0.9201944785329049,1.5953739415889845,-0.40477211280049086,1.0
-0.9813485610901983,-0.8869882645161796,1.3972879424445752,-2.270478435685851,1.0
-0.35193346248329066,-0.9786309159909815,-2.1838798493811216,-0.3451870979918866,1.0
-0.41429966989154504,-0.9082331640091361,1.547529130291488,-1.2405479700621214,1.0
-0.886106907784611,-0.686376969194128,1.5004667736220076,0.49519427061573656,1.0
-0.8852273890294773,-0.9507024303479424,1.5696626557495639,0.7595120548447574,1.0
-0.773939046612869,-0.7531541659889356,-1.0967876279998419,0.5760068727068709,1.0
-0.8221913460299913,-0.9883420200052866,-1.6819465484198737,-0.51458806538535,1.0
-0.48282031709382045,-1.0265432194643644,-1.1007630089723344,-2.183187777613964,1.0
-0.9369555163729991,-0.9043896829392242,-1.3936551210579626,-0.41851790568114583,1.0
2.8259730086826194,-0.934674289837773,0.7691909478144898,-1.667574870206167,1.0
-0.9678677942888018,-0.8039976095952233,0.42309192102376975,-2.104676359170108,1.0
-0.8241092362666929,-0.9652638484492196,-1.0901163464218073,0.8660167972583432,1.0
-0.43569715344840343,-0.8202361049798339,0.8151383994446831,0.3186688826670203,1.0
-0.45118704442553115,-0.8825349847788753,-0.6457853588227558,-1.3939724400806877,1.0
-0.9755651509216883,-0.8374060073309085,1.577347374871634,-2.1929026345486586,1.0
-0.9202915031651377,-0.9555212121554291,0.33263117419016813,-1.2371657567292382,1.0
-0.9458007429897236,-1.0878341872347885,1.7914788497590342,0.5402406675730981,1.0
-0.3077389842828821,-0.883541713037532,-0.8628992768724097,-0.07763094078320494,1.0
-0.8394433486935446,-1.1602536925995128,1.3000127871189053,-0.03725870029486723,1.0
-0.42945809771656157,-0.38201064625550524,-0.9759398411553962,-1.3859126642230575,1.0
-0.3655179729900638,-1.0213566309018158,1.2730438817956569,-0.6560667119706939,1.0
-0.5649951764207142,-0.744045318036963,1.2962523027522093,1.3033333917414014,1.0
-0.4556951259185701,-0.9401196316572291,-0.8305876542077317,-1.6365588027844693,1.0
-0.9790354301123093,-0.4453163590716069,0.5837318772559822,-2.406919787861248,1.0
-0.5273170385541431,-0.91106289800735,1.5761000671251288,0.4798643998196259,1.0
-0.9096685200447071,0.11925705789985518,0.8544653032444677,-0.2864666973283377,1.0
-0.8213727629250438,-0.7545475575153031,-1.181480813914335,-0.9173635867777505,1.0
-0.9544174456995563,-0.8372982109335977,1.9539947172449188,-0.35281666281128055,1.0
-0.933537489045852,-0.8483774596990011,-1.6171385167577021,-1.3808753698131102,1.0
-0.3608458339772931,-1.1003277163522387,0.5250354060699908,-0.25825669581377253,1.0
-0.9786394975292995,-0.7074103614702033,-1.5742656127275252,-2.3055243910363648,1.0
-0.9771786064065611,-0.4364330559625989,0.37042575382385906,-2.241621545588213,1.0
-0.8400215677477831,-0.8404996277478065,2.077057877735687,0.9212132402700772,1.0
-0.837653873795572,-1.1210709488020052,0.676207537562361,-0.3579964875530187,1.0
-0.428355959907751,-0.5617124784929479,-1.4470109372499886,-0.7989127589266564,1.0
-0.945989424356109,-0.8309383282506584,0.8788249265556815,-1.5710008762592538,1.0
-0.38677240082470704,-1.0395709745368455,0.47344165955159917,-0.10439991872267876,1.0
-0.9344443101377573,-1.0027253488204333,0.7523935401859572,-1.3911661121692684,1.0
-0.9632961016991975,-0.9681426093803212,1.4287086310046064,-1.83510407897773,1.0
-0.4641868527144846,-0.5746406083235993,-1.4517968207760141,-1.7675310774859636,1.0
-0.9696240650405268,-0.742819749473173,-0.8274000899666626,-1.9968762675646583,1.0
-0.44134024512897463,-0.7685452706467748,0.5876293014943182,-1.4688139644852156,1.0
-0.9687200350570738,-0.9633833303460828,-1.4223102016681533,-1.951035997619564,1.0
-0.8340528568935401,-0.9483914599643871,1.7755150429756363,1.0565017735854005,1.0
-0.3859901599606796,-1.0943826245683788,-0.5939737046712693,-1.104610452129434,1.0
-0.43289721815338866,-0.772895887148545,-1.9795663858330292,-1.849856492326658,1.0
-0.9772882144834267,-0.8762191006254508,0.7475251627613535,-2.2725655618311564,1.0
-0.9713345883985306,-0.8068796180368363,-1.5756267620540687,-2.031706331383194,1.0
-0.9777233930341439,-0.9625525962054847,-1.8889109533987827,-2.1531793786776845,1.0
-0.9770507724219373,-0.7557249372134345,1.3002487196688397,-2.037031568503873,1.0
-0.9507070672634992,-0.8783216017858295,-1.4432277670611835,-1.5899990690689745,1.0
-0.48295454597360105,-0.9195985079747887,-0.8688701852515138,-2.1888009574453755,1.0
-0.4084955644300126,-1.0224639272279348,-2.0257600817504793,-0.07906934431543278,1.0
-0.9283571369705651,-0.9591825183614697,-1.1197036080859337,-0.4567301828325647,1.0
-0.4851277754557628,-0.8921214262928888,0.9633296139119231,-1.8858378029795484,1.0
-0.46516693659859676,-1.0590005156537081,0.9454882459968812,-1.65555699559419,1.0
-0.4710961397235981,-0.69453649649262,0.09273854590165687,-1.8774180332324317,1.0
-0.9648213131096349,-0.6220229390331379,-0.6392569979240081,-1.8846145049664393,1.0
-0.7031689547096178,-0.9770804916176081,-1.149306956060283,0.10515372956713598,1.0
-0.5630593585626542,-0.9840562489553488,0.5569155856451037,0.5993959953520386,1.0
-0.9598841101060323,-1.1678130904312654,0.8801699895720022,-1.7801245755151183,1.0
-0.968707844883298,-0.813470912033342,1.151277937860034,-1.9551379367271335,1.0
-0.4261857741643599,-0.6504825497824611,-1.515114600160367,-0.7465239538477733,1.0
-0.9325816637597409,-1.217251713369352,1.3516667541832592,0.021390959211359282,1.0
-0.9310353227147585,-0.7643684483365876,0.6349601758036714,-1.148003864044023,1.0
-0.3480225625370308,-0.8460434424666526,1.004223901784697,0.5921987376051723,1.0
-0.49435030393048274,-0.7184634206347053,-0.9608583066172943,-0.13951897326909166,1.0
-0.39335905152414397,-0.9225118391790802,1.6685414924635975,1.0793144868005318,1.0
-0.39526747573326915,-1.0837151287083497,0.3636769279811607,-0.9853683713334715,1.0
-0.4722527604564013,-0.9907723102105496,0.5835182180586639,-1.9090817752500617,1.0
-0.8795020250899385,-1.0780110231561457,1.241747759022479,1.1183898060712871,1.0
-0.6325059110989262,-0.9178711466577241,1.981763813384378,1.1446557357809106,1.0
-0.9342617771236884,-0.7128903783212531,-0.6036289555486817,-1.356263997171978,1.0
-0.4712118017968785,-0.7793783371637036,0.7261600679685354,-1.841508773758296,1.0
-0.9595918624842407,-0.8462278172569996,-0.6292586136754591,-0.06143907588490355,1.0
-0.9444796386137608,-0.7972417401466521,-0.9889379922849005,0.11199204144166126,1.0
-0.8280537086515918,-0.7943985970727767,1.8438558758444274,1.4712231184110236,1.0
-0.9464672000309199,-0.8683832767941023,1.1277053063412579,-1.136633664027978,1.0
-0.4538655345436017,-0.8995393688522518,0.8152885383400957,-1.529406385774952,1.0
-0.7715223484664523,-0.828823256081847,-1.8200763945469998,1.4068172247330222,1.0
-0.9613206147937412,-0.628308338491113,0.4771377986774041,-1.7895517517433672,1.0
-0.5649890889431731,-0.9809093065110153,0.8177377821888884,0.4141615849240422,1.0
-0.9431860800736712,-0.8617425368310946,1.5287419698292448,0.4428772547113214,1.0
-0.38777074714144244,-0.7558139818564998,0.6409092232996523,-0.8660539773544679,1.0
-0.930615469388751,-0.6745895536203457,0.483655641604083,-1.3939724400806877,1.0
-0.8323882970347102,-0.8787648345914878,0.40428537449536056,-0.7011872561411014,1.0
-0.47906769156362833,-0.7415993140711594,0.8452697083699342,-2.0644492690564245,1.0
-0.4554969785246082,0.43964492156921997,-0.8779948353732699,-1.6262683224325971,1.0
1.2967621255007795,-0.9549754208726402,0.6089622236666907,-1.672684215794869,1.0
-0.47048769634336823,-0.9119731437762851,0.33069298004306885,-1.737378838196461,1.0
-0.4481219994836028,-1.1043116155863446,1.5479976956354133,0.4973531859355096,1.0
-0.9083292141108965,-1.0585720537829584,1.0705098116399006,-0.5411421998099919,1.0
-0.8750854383843419,-0.7914213632422854,-1.3238809567013718,0.9473350676221912,1.0
-0.8579675428510184,-0.7201898391261374,0.7319956863539708,-0.7923642237928676,1.0
-0.42876382090300263,-0.8891588586389024,-0.9030981411801677,-1.37159229594237,1.0
-0.8342446733108593,-0.946711135170542,0.7922801650875962,-0.42182806783527466,1.0
-0.5813129643434274,-0.8303129205811287,-1.088551849635268,-2.6196415919819724,1.0
-0.6650124324204818,-0.7716072540257838,0.6428057580279696,-0.2273847307495835,1.0
-0.9372111904297241,-1.07214245738612,0.7494229348981493,-0.32129492711686886,1.0
-0.8525801861019474,-0.7862693449529268,-0.9098696528449753,-0.2709219830173955,1.0
-0.4929501840960367,-1.189331515163622,1.4420643931844483,-0.506600078702188,1.0
-0.9723542621928309,-0.9933337579371274,-0.8959129226139897,-2.078410167456198,1.0
-0.5649893933170501,-0.8307822382292849,-1.572873115719522,0.6748113091437393,1.0
-0.4669688299507533,-0.9166286072325497,0.7969926290438869,-1.820567557160779,1.0
-0.9712189445876828,-0.953163100490251,-0.9226277467296166,-2.002129453506583,1.0
-0.7732389258208707,-1.0506910790796555,0.8262457904187709,-0.2573920816687175,1.0
-0.9436062682109436,-1.0406898990457645,0.6147516454689224,-1.4669427298718876,1.0
-0.4826319096639244,-0.9234567599796091,-0.9932627349178729,-1.9524751871646508,1.0
-0.8823174530152953,-1.0100186288795048,0.8691677783186019,0.012826039089587949,1.0
-0.9147512289802352,-0.6671945531513724,1.2167257097056807,0.48123206219453096,1.0
-0.967164867169657,-0.6501191428803509,-1.891616753272154,-1.8933937445944695,1.0
2.3078495327295934,-0.9508447970184433,0.5716440462972902,-2.164621367868198,1.0
-0.944184487265182,-0.797872385736362,-0.7535284536676828,-1.5069539284535933,1.0
-0.2854280747209863,-0.7804280163678389,2.1151160253753365,0.9205634696398542,1.0
-0.8928060855063945,-0.8789219721968973,1.3989939162671763,-0.7774679700907166,1.0
-0.4248313104114719,-0.7992635773362539,0.5977649143431525,-1.2168004255531852,1.0
-0.43618445602556605,-0.7895797105068864,0.3580813668405882,-0.5136527100829726,1.0
-0.9617467351778772,-0.8798227897095079,1.316794520906708,-1.8145946454441675,1.0
-0.9484670581527119,-0.7850551950551297,1.176716993834146,-1.0153047190909963,1.0
-0.7172646611429021,-1.0545483882588436,0.6057297002508965,0.28146427400102003,1.0
-0.8490374567973714,-0.5861955649997791,-0.5413650357186678,-0.9662260761662413,1.0
-0.9478979094400097,-0.6917814552361775,0.8180347602237708,-1.5781970859889747,1.0
-0.923070223600922,-1.0044004356940983,1.48003880951704,-0.016749004757018775,1.0
-0.4891150732451631,-0.8043967391129632,1.042357943811038,-2.4041134599498286,1.0
-0.9692435733442997,-0.5617616101842393,1.5129303642887242,-0.25602703933667637,1.0
-0.9547462668864147,-0.828962689517047,-1.0117091955789876,-1.6872925267862882,1.0
-0.8562813115721422,-1.0807284561456934,0.5838774789869728,0.3856659987373224,1.0
-0.4416631858125284,-0.980547994776977,-0.8081447766299868,-1.2090283304020002,1.0
-0.9300493339774316,-1.0134997506313426,-1.7514105357178098,-0.50278608230535,1.0
-0.9202394856695493,-0.9484898281053734,1.5363536818510732,-0.34137493562505355,1.0
-0.9687170187119523,-0.805014918452644,0.7713374390554995,-2.4798180264736933,1.0
-0.39604058538098497,-0.8395651827876383,0.9637878675185262,-1.049558897488068,1.0
-0.2912111783850021,-0.8465723676464608,1.9012501808413589,1.1480382111180798,1.0
-0.4508857142872483,-0.9553431228692983,-1.0627795183108992,-1.555025164897216,1.0
-0.38996528279499787,-0.9779007499178456,1.094297752233966,-0.30035554454935626,1.0
-0.7951935657596754,-1.0598082029455127,2.5997491183962165,1.1553795712224557,1.0
-0.8100767178502848,-0.9054360098744441,0.8826947153379939,-0.6151919472610786,1.0
-0.955771979458436,-1.0528627207864143,-1.2726930801639857,-1.6102926110705593,1.0
-0.9528896775485517,-0.9139174597472183,0.6987980792185611,-1.547181280571563,1.0
-0.4412979371600642,-1.1669341674250084,1.0873794014296891,-1.4704690455622798,1.0
1.0641565649177533,-1.0299667240942187,2.1077035361185747,0.47475531623521056,1.0
-0.9205346370181281,-0.9046192086015257,-1.5870348432884747,-1.2146415102334116,1.0
-0.4243747495958918,-1.172203494174725,1.7414619741119683,1.1758159055601178,1.0
-0.9750814399562749,-0.6488902220476451,0.3440986510315505,-2.0732287706887416,1.0
-0.4719483865793479,-0.8791837634475095,1.1928890977114541,-0.43881118567844435,1.0
-0.814140778731478,-1.0267380700950721,-1.0947863260203299,-0.6369967299865048,1.0
-0.9083292141108965,-1.0585720537829584,1.0705098116399006,-0.5411421998099919,1.0
-0.9487164621075695,-1.0545430455802596,-1.3768218285835485,-1.153257311990234,1.0
-0.7858035707778008,-0.9968557354663716,-1.7021546662851297,0.1792773622269819,1.0
-0.9684611133310809,-0.8565454724281854,0.3233510230695918,-1.8636732883689222,1.0
-0.9352663631049033,-0.7349315464400211,-1.2571664910430536,-1.4403165442684913,1.0
-0.36919146131222197,-0.681965383301459,1.1554529540670864,-0.28812256441826095,1.0
-0.9702968013148067,-0.6776464038375778,-1.430351706901575,-2.177718700140062,1.0
-0.3783838567731136,-1.0312405862820715,0.2345851133822833,-1.2440742857525133,1.0
-0.9481716937424193,-0.6167850188528223,-0.9748055500499432,-1.5579755951661445,1.0
-0.9573331861235737,-0.7394570047174103,1.7257852460956233,-0.5588450434278485,1.0
-0.45185971069381936,-0.9500528234871796,-1.2516802343180975,-1.4938568581860159,1.0
-0.9391625313555139,-0.8273912087045485,1.2645903195388362,-0.6213807505096673,1.0
-0.47919552859199077,-0.6947293567136592,0.6285442128417369,-2.055957710134839,1.0
-0.9592540987928744,-0.8498199829166602,0.16411387558270502,-1.6970794348997371,1.0
-0.9774068776831347,-0.8552380875511786,0.5943851393183959,-2.2332017758410965,1.0
-0.4835142895335024,-0.7256497423636946,0.13654276479983438,-2.1859223163509154,1.0
0.5028330002206517,-0.7692000106693143,0.9320141050725792,0.4463304712058135,1.0
-0.38316252664285294,-0.7863677130939131,-1.8066822727043188,-0.885987525466566,1.0
-0.915360098483893,-0.83371861628237,1.106362484901056,-1.251414335835457,1.0
-0.7715223484664523,-0.828823256081847,-1.8200763945469998,1.4068172247330222,1.0
-0.5649890889431731,-0.9573733407311886,0.9004733878901163,0.9623033725030969,1.0
-0.49064637822061913,-0.9493540849351254,1.2661812143729205,0.5434790405527586,1.0
-0.9482933824184652,-0.7765100520729628,-1.5143197714475642,-1.7382421423200844,1.0
-0.44144403662104986,-1.0684172485538794,-1.7430464793409464,-1.4863006545668085,1.0
-0.4890998545513105,-0.8017976831194906,0.7243790246982279,-2.1384990165075113,1.0
-0.472922382985919,-0.7801346928377412,-0.9887730044877439,-1.889795639729609,1.0
-0.9560550532515733,-1.0518486594395051,-1.0090355683260617,-1.6633290907453746,1.0
-0.9438802960124548,-0.8186962612052249,1.5081296318609545,-1.8532387056595412,1.0
-0.9356560225423072,-0.8959126329194014,-0.8779766867155826,-1.0028550614150642,1.0
-0.9376433404603647,-0.984429293630591,0.5376969820932954,-1.4244128840852082,1.0
-0.8127556036543955,-0.5296049706132457,0.6167686212891642,-0.6979491451657277,1.0
-0.44257021996614776,-1.2341807237713338,2.3216419752833013,0.7062596836379648,1.0
-0.6159233179031766,-1.0998269921346813,0.571461322311939,0.43906247230162443,1.0
-0.7676293152667755,-0.9527891129893764,1.363400273847557,0.5869455516632475,1.0
-0.9358139317097225,-0.8087964873060247,0.39412088878202384,-1.3949801085661062,1.0
-0.48375809300902217,-1.062961430894063,0.7733263669502245,-2.049049181111564,1.0
-0.9181301138267934,-0.7660792578258823,-1.5759678743246903,-0.25768028638373575,1.0
-0.9145201483327763,-0.839478233312645,2.12468531761043,1.2064730271094746,1.0
-0.38168935707791424,-1.0694418904995528,-0.8647166174580916,-1.0096918012638716,1.0
-0.9120274175918714,-0.8459659212479839,0.2470293179828339,-0.32611842602912955,1.0
-0.9467714217210349,-1.0016567083452455,0.4016888790376056,-1.5395530257736012,1.0
-0.8905238293014723,-0.7915218265513438,1.7218449250300265,0.821688292045663,1.0
-0.48443989049362196,-0.9578049453540467,-0.7424948947328228,-1.8942575727266655,1.0
-0.8466019483453527,-1.157725767562089,0.38084597062278874,-1.5964755530240087,1.0
-0.49653570836772654,-0.8783540768909474,-1.1673289856132119,-1.6242532474660465,1.0
-0.28730910528117665,-0.9169994519813159,-0.753898438802807,-0.3457635074219234,1.0
-0.486865750293738,-0.9152866520823528,-2.658357943487002,0.8554370641743069,1.0
0.7979085597040076,-0.8388989193407019,1.628867289350798,1.685600265613099,1.0
-0.4681434087423026,-0.8106151979510339,-0.8814822649356715,-1.8270443031200991,1.0
-0.47514431228840925,-0.7518393432652727,1.300480939993338,-1.9050518873212465,1.0
-0.9052855057777496,-0.951194794844892,0.9853047510847284,0.3124803414227181,1.0
-0.8988934717353007,-0.9612724485134156,0.1787821156889291,0.024341127476001288,1.0
-0.42380557044580175,-0.8010339943572005,1.193298267448403,-1.082085943629321,1.0
-0.815981571065122,-0.695510644887755,0.6639852415489862,0.33816986170230506,1.0
-0.46750757171313784,-0.943736939333755,0.5375674666725273,-1.8232303067232616,1.0
-0.9752456192255576,-0.9703770013708402,0.9260535084307975,-2.0822241638530357,1.0
-0.4788820234986257,-0.7455937520006679,1.2793794132064777,0.48885900697106105,1.0
-0.9728261299706882,-0.6995859563048479,1.3802838876001038,-2.1007905735988017,1.0
-0.8681000883433527,-0.9983495903017977,1.3810609801247125,-0.5199133025060292,1.0
-0.4328670851395604,-1.0003159055374882,0.6255331855436256,-1.3843296343247478,1.0
-0.37433568420830254,-0.3455131327142769,0.11724199732504208,-1.0202702243264754,1.0
-0.7462378887500704,-1.090266677366527,0.38040545320438013,0.7751275103130223,1.0
-0.33872394059304756,-0.852721790696555,-1.136275807371347,0.18740735523336205,1.0
-0.9280833526681556,-0.5398712941666642,0.4056423991269751,-1.3622369088885893,1.0
-0.9579727152078671,-0.8378776296639441,-1.3412549966809673,-1.812003947060439,1.0
-0.4787961900652966,-0.5526727710873557,-1.4625420635353428,-2.0713577980797,1.0
-0.3972245997627229,-0.5368961555042451,0.40037310135528015,0.704747918905551,1.0
-0.44425036376748284,-0.973675843500403,-1.1167919859356092,-1.4450661579719932,1.0
-0.5056730121568715,-0.7407559041637249,1.5354408868633032,0.9094099471686454,1.0
-0.8875709156958503,-0.4377422217324669,0.44183783453672376,0.5620472843285291,1.0
-0.45782482993631307,-0.18840685006748692,0.5119601231453155,-1.679376853286167,1.0
-0.5649893933170501,-0.826800371308209,1.1590364890213316,0.4181938308914346,1.0
-0.6824838582120031,-0.9171063055529943,1.2083257684829358,0.1765420374771718,1.0
-0.7312444620038044,-1.0615890958068201,2.412996131038507,0.5489496900523789,1.0
-0.9821460005898399,-0.9013254996337395,1.1004262239593547,-2.8000522414934217,1.0
-0.9771786064065611,-0.9677255661755645,0.8077824185084479,-1.9952929756620623,1.0
-0.4333172541037224,-0.9286056355168593,0.31222383355984523,-0.11958568716127997,1.0
-0.9763872069325732,-0.1578280815716117,0.15020746662985238,-2.2763795582279944,1.0
-0.9585021735670015,-0.8753087500981119,0.8111857042942996,-1.7701217758696917,1.0
-0.8697314105748085,-0.8424973705045788,1.5529308307704013,0.5374346016659659,1.0
-0.7860502049303771,-0.8157242652949136,-1.3876776131669721,-0.18075320785962082,1.0
-0.9366359846768685,-0.7215537935410916,1.5787650325187037,0.5385140593258521,1.0
-0.41128058540505175,-0.8838874157694329,0.5362149792053346,0.41049352491471863,1.0
-0.40066737268607466,-0.7167359545592372,0.32694115753572345,-0.9223288300089433,1.0
-0.37180907665488183,-0.8902043475068935,-0.8828104167027836,-0.8531727986188675,1.0
-0.9036207328572057,-1.1424993012113571,1.190064094154637,-0.6179985371767841,1.0
-0.47026519903924224,-1.0087384811874356,0.8768359986609565,-0.12785978252516922,1.0
-0.4292748646425754,-0.5479899656877499,0.32304002107195123,-1.3415836350018044,1.0
-0.362507715346005,-0.8712535522945116,-0.944659392222948,-0.6331827335896673,1.0
-0.3715628381883455,-0.7424593805647672,1.25280854094387,0.3569529489929071,1.0
-0.46395583294180104,-0.833570906933285,-1.028448445009022,-1.6921141916685445,1.0
-0.19782927290499988,-0.8728563558696881,-0.7865887084619597,-0.028049249628600222,1.0
-0.8428887696696268,-1.039995246071451,0.8224366346519137,0.16222088318362554,1.0
-0.4784653356609395,-0.9199274493621123,1.6193429562904296,-1.9987472401736999,1.0
-0.9214476977745131,-1.0562568930632588,1.0478281142257713,-0.5771237724671688,1.0
-0.4480550372306511,-0.9623934681904067,-1.3419483578985187,-1.493280972764552,1.0
-0.5765616881226229,-1.1493357822515033,-3.386345974966678,1.0124614730877384,1.0
-0.466250507600907,-0.888704207167251,0.3991262060782679,-1.744215316040982,1.0
-0.6870801472546119,-1.0392755558386757,1.5915371503661035,0.04233034177887151,1.0
-0.512883629304268,-0.9570663986086221,2.1053871074464934,0.36378864082456924,1.0
-0.4345317058731657,-1.0595567827768577,-0.779513619250384,-1.3695051697970648,1.0
-0.968707844883298,-0.813470912033342,1.151277937860034,-1.9551379367271335,1.0
-0.9548770076415642,-0.9536083237055779,-1.23298092985784,-1.653829863338371,1.0
-0.9685646826302258,-0.4576044150562237,0.586759403333809,-1.968882681590643,1.0
-0.45006694855797447,-0.061498329602656235,-0.8711989880083817,-1.1436142442300077,1.0
-0.5649957851684684,-0.7208415411549722,1.0697702538391451,0.20014600363717133,1.0
-0.403026270233239,-0.6998646136584407,-0.9454249356017556,-1.2144974078759025,1.0
-0.9600424819217408,-1.077952358450126,0.2654865028507636,-1.7385300850308165,1.0
-0.9468842531172585,-0.5807019295562605,0.9733064260059939,0.423229553275664,1.0
-0.49022299415763776,-0.8897685525478911,-1.4690916666129743,-2.396916988215821,1.0
-0.4723437682456403,-0.9985349079177773,-0.9512073454226081,-1.899006924425881,1.0
-0.9431497378327511,-0.8348500070413182,1.5232256028313076,-1.5466774463288537,1.0
-0.8655981655113609,-0.5795349209400862,0.9744778393658071,-0.7298285167110488,1.0
-0.4281794230590601,-0.7741529879918208,1.5235997126613605,0.7747685644406813,1.0
-0.9597375784341411,-0.8771514504175469,-0.6826885093884085,-1.7701938270484465,1.0
-0.8127556036543955,-0.5296049706132457,0.6167686212891642,-0.6979491451657277,1.0
-0.9682725506705075,-0.6984052243378012,0.776474334119976,-2.208590665204251,1.0
-0.4605648035775484,-0.8264064797106493,1.292603597618087,1.189922216338832,1.0
-0.8125428767517228,-0.8198802406827833,1.7124711433345636,0.8986153705697776,1.0
-0.9595796692667258,-0.9739105023244811,1.523071339240966,-0.036323344992489466,1.0
-0.9126208553399626,-0.369754122550374,0.984294200827143,-1.2835819120957965,1.0
-0.44452430025683093,-0.8768687074862136,0.140457925226365,-1.4580914390651025,1.0
-0.9201296371373208,-1.069636636371857,0.7302233049430141,0.44445976060105796,1.0
-0.9573975094550115,-0.8256857418938379,1.6426041733420722,-1.629506433407971,1.0
-0.46656096895550164,-0.5693293572607593,-1.4266147332959738,-1.8179768587770504,1.0
-0.9732218312295516,-1.1320286568675448,0.8392620902059629,0.10825062023215097,1.0
-0.3615093690292697,-0.9652490775143112,0.33371184426154504,0.2066934907538149,1.0
-0.9486890684586348,-0.970040726895264,-1.448992028224349,-1.573951306528182,1.0
-0.9613206147937412,-0.628308338491113,0.4771377986774041,-1.7895517517433672,1.0
-0.47627049563350704,-0.39017164017164785,-1.4280022806700623,-1.9634136041167414,1.0
-0.565010699488444,-1.0753333983599682,0.724657029136437,1.0724054337686837,1.0
-0.794097515428406,-0.8442781586074827,0.7665536178769385,-0.13570419085939506,1.0
-0.5016126646369783,-1.039663161932019,0.41822395606865875,-1.5128550509957366,1.0
-0.8561596228960963,-0.7408544818215185,1.8295539086478914,0.7785807268075144,1.0
-0.9661907094449311,-0.7908095741652245,1.4897231807406506,-1.7171570853693447,1.0
-0.911403542456075,-0.8999919251558313,0.8649370787300089,-0.5606442268624218,1.0
-0.43286647639180625,-0.6035434518785808,-0.8859785948776867,-1.4134024159543632,1.0
-0.807520464281239,-0.8513180280882303,-1.2097386864028707,-1.0039345190749511,1.0
-0.4759356843687482,-0.8067434321121482,-0.6199422064864576,-1.9870893594512091,1.0
-0.4640072721270231,-1.0359882371335096,1.0184211017300386,-0.4763757882339311,1.0
-0.48083579941543186,-0.7855297506234664,-1.478879155209808,-2.097192468733941,1.0
-0.8984582779658896,-0.8839973073348157,0.38099280976225824,-0.8903056181103995,1.0
-0.8451412885467608,-0.8951709434218686,0.9897957189233361,-0.2697717842001858,1.0
-0.03094381548148008,-1.0049492649705918,-1.2970704396633939,-0.10454402108018786,1.0
-0.9547462668864147,-1.0248609042608507,-1.2974000027882147,-1.8055274631054052,1.0
-0.9358870727523784,-0.8604498181305926,0.11898649579827936,-1.4906184852063555,1.0
-0.9376707645466871,-0.8092995371601422,-1.1683663463878349,-1.416712840112778,1.0
-0.45253237696210746,-0.7606601056073278,-2.0276067076701563,-1.49997361025585,1.0
-0.8152821198956531,-0.9431281882503988,-1.8880901391079277,0.6673992078820415,1.0
-0.4784924249359973,-0.6914252766639162,1.4689644161023836,-2.0257334196665826,1.0
-0.9639047459661862,-0.7916695359004287,1.253763820289408,1.0942094304812509,1.0
-0.45401163400458733,-0.3275406762331744,-1.0027709816680186,-1.1030274222311245,1.0
-0.9701293713325171,-1.0156012042076852,0.7514691960523863,-2.0108369039601452,1.0
-0.815981571065122,-0.695510644887755,0.6639852415489862,0.33816986170230506,1.0
-0.3720407051753195,-1.0131708092440188,0.4413606073334478,-0.046541512161320533,1.0
-0.49453901573425585,-1.0230715259688512,-0.870266394484953,-2.339059105663036,1.0
-0.9547005194926935,-0.8887345871042969,0.6676215725983218,-1.6887319783356611,1.0
-0.933318492041312,-1.0020967983987954,0.811710777958751,0.1817952234190966,1.0
-0.9770599432068531,-0.9715336389050575,0.9405856336043671,-2.1130240777384697,1.0
-0.6972731718363168,-0.8447129059824487,0.26762226988495813,-1.5467494975076084,1.0
-0.8974328119367088,-0.6242961963913949,0.9535272764133454,0.40991711548468146,1.0
-0.9357289505232491,-0.8620746209705266,-0.9947204021057531,-1.2148571397611025,1.0
-0.880844253012969,-0.9086973484955156,0.5973326463146018,0.5969488753172466,1.0
-0.42418603779211855,-0.9446556705333824,0.895583562051882,0.06931678327604074,1.0
-0.7862752285376828,-0.9778766554850161,1.1762909128479886,-0.07705453135316853,1.0
-0.8933236732843239,-0.9486072622758162,0.8798556878184186,-1.0345908546114488,1.0
-0.44106356927473306,-1.016890780156079,-1.8441670877488479,-0.3570611322506413,1.0
-0.9562069236412678,-0.7784166550185978,0.41971792057191337,-1.6887319783356611,1.0
-0.5649893933170501,-0.8307822382292849,-1.572873115719522,0.6748113091437393,1.0
-0.9275049205522031,-0.8931795909277163,-1.0455395309164937,-1.2952397928182873,1.0
-0.34955965061615074,-0.6437182996616015,2.1604109502677744,0.6197589684895147,1.0
-0.4690324848371757,-1.0467521631040582,0.7191146765604477,-1.7931498566082278,1.0
-0.9223456920239838,-0.9842920601218668,0.9970032108421303,-1.221262096545955,1.0
-0.9552943042270046,-0.7754522017133463,-1.4312591397859373,-1.652390673793284,1.0
-0.41713034694814227,-0.7385560824463959,0.6991367166722253,0.5375787040234746,1.0
-0.3520068165876606,-1.0197423039022426,1.2336749061075976,0.2997416930189088,1.0
-0.5168100523182576,-0.9908467934355136,2.674889510855332,-2.6514491743528255,1.0
-0.45694305881448927,-1.1398750612976576,1.6450773404214523,0.32564867685619114,1.0
-0.4008466488996591,-0.5618074943650189,0.5628114245765016,-1.138001326402883,1.0
-0.3868150131674945,-0.8221217562447476,1.996126826065862,0.9759747561664205,1.0
-0.940471308589456,-1.135181832436893,-1.1582315584779865,-1.483926109719344,1.0
-0.9534648833014073,-0.7062695424549306,-0.5468314526610157,-1.6754908057105746,1.0
-0.9579239514690243,-0.9745610520108764,-1.414939371830174,-1.690962682829903,1.0
-0.9715784192676993,-0.9959370042667444,0.730701357085276,-1.6952805134694502,1.0
-0.9460838106953834,-0.6570477589364687,-0.703387012233764,-1.552434466513488,1.0
-0.9092515887079193,-1.0660036149347902,0.8012076547917499,-1.1482918067547547,1.0
-0.4881015082345751,-1.1298894797900636,-1.2504956219345118,-2.1649810997533985,1.0
-0.9566028562242777,-0.9838792072532542,-1.4320180836528587,-1.7119759506061747,1.0
-0.4739268167801953,-0.8655756468190494,1.490584829511302,-1.9263528358039639,1.0
-0.9266830806467711,-0.8745743936888317,0.24908094124047855,-1.2991258403938797,1.0
-0.8917713056365759,-0.8546808776023965,0.682976986879704,-1.0222132481142714,1.0
-0.42808841526982105,-0.7654057660490973,1.867257744993146,0.2348327511110573,1.0
-0.9510054449751747,-1.074507797381147,1.140716656494535,0.10889777081951016,1.0
-0.8653759117063365,-0.9720929440219116,1.5254871730608341,0.572841860927397,1.0
-0.9590381363958886,-0.7815803588075083,0.47751603320238606,-1.762349680718507,1.0
-0.87637914911137,-1.0355618704308318,0.6536615426113931,0.38178047517030334,1.0
-0.4838494051721382,-0.9443015871291931,0.9742456190413089,-2.086109949424342,1.0
-0.9778478606436874,-0.6058376609175591,1.1541417135491827,-2.217801949900523,1.0
-0.4704660857980975,-0.7567180468796223,0.9279549927930294,-1.6673589786741898,1.0
-0.33808475545123523,-0.9055724053159394,0.39691041996245213,-0.18096805137445268,1.0
-0.5348898606152332,-1.0009036001817195,0.6808098721640495,0.6985593776612488,1.0
-0.821247847885901,-0.8104098714799656,1.9347946748202907,0.8590370030691724,1.0
-0.48294845849606,-0.7801996430479772,0.7533170593805423,-2.1714578457127187,1.0
-0.4047822031299603,-1.0409642613048093,1.1400818659449743,-0.2695543206424904,1.0
-0.9593423428673097,-0.9086943105018112,-1.0107419546181557,-0.6185023714194936,1.0
-0.9661785162274162,-0.8385155035835029,-1.0576236496497495,-1.8392060180852992,1.0
-0.48001429432126463,-0.9086313507012438,1.3244095326844794,-2.0913633973705528,1.0
-0.946756324776733,-1.0643211949728728,1.34434872044037,0.9204927284825314,1.0
-0.9558358370978417,-1.0768450621240073,0.717380242342837,-1.6392936035257066,1.0
-0.3982351210345404,-0.950609090610329,-1.8125207783762047,0.856804726549212,1.0
-0.5557851272749535,-0.6979360114480484,-1.5928650995705027,0.7342522215948349,1.0
-0.4360140066544161,-0.8261802015588597,2.2226938436944614,0.9932460787246088,1.0
-0.9275049205522031,-0.8931795909277163,-1.0455395309164937,-1.2952397928182873,1.0
-0.46629616368246507,-0.3943681570617131,0.24076143156884752,-1.4578034963543705,1.0
-0.4190877753514731,-0.9658850657826051,1.7751813551558868,0.8981123223399278,1.0
1.7062089086518673,-0.7695132382960973,0.9844414524361056,-1.7150702212283258,1.0
-0.39311524804862413,-0.852292281241769,0.530440406304847,0.17100064682022875,1.0
-0.41107056742988496,-0.8522315213676774,0.4658608827417377,-0.36850285943686834,1.0
-0.8353038030908422,-0.9609173175251903,0.7748170316975361,-0.7864633632550107,1.0
-0.9484731151928654,-0.8607022858832839,-1.1524495611266268,-1.056755107217789,1.0
-0.018643458361995602,-0.04208031191019021,0.9166912758811355,1.0854322868875113,-1.0
-0.1862931985907966,0.6431129785576157,0.5134899724944517,-0.02459341309124424,-1.0
-0.0028172342507238606,0.22466601119256255,-1.0613577359689006,-0.25998330406101855,-1.0
-0.0650303415988203,0.30946793891187224,-0.004891168200102814,-0.27214554303479144,-1.0
-0.14899552807054237,-0.14142071564038752,-0.7629834918532455,0.6351595804429475,-1.0
3.2329817570785093,2.0505735585295017,0.04264519841060907,0.4118611872896237,-1.0
-0.3136404893850717,-0.23187624488552255,-1.21230012195373,0.4457540617757771,-1.0
-0.47380202349060346,-0.3161199150720143,0.8289416910243129,-0.08828141502456367,-1.0
0.6584660597833822,1.171723883155067,0.13449815352356898,-0.19068317031343368,-1.0
1.6897145838804633,1.734150800436636,-0.9179297192055771,1.1133514636441946,-1.0
1.9591737334971226,1.0086454286770847,-1.0040302510298178,1.1730805808103077,-1.0
5.140797218449609,2.3912478870572285,-0.9664509804714165,1.1952461434380797,-1.0
-0.032646178575840096,1.1892604399187638,-0.7237143337824657,0.3429199994143794,-1.0
0.049809313465696864,0.3249302792841639,-0.741620046938399,-0.12951564961509246,-1.0
1.0501340604019003,0.5593376831936481,-0.5483097845704898,1.3640712254100793,-1.0
-0.17035039928461335,-0.5598403410620995,0.4682375319597812,-0.03164656848060141,-1.0
0.3312026584277456,0.6922551456893368,-0.6859745713443802,0.08025546223241768,-1.0
0.49879030638562777,2.031193253862334,0.44155694281206437,1.2668492948629475,-1.0
0.22858970200446604,0.2832228160563828,-0.9980605800591924,1.5059806070422317,-1.0
0.00597917079612124,0.2047409628266418,-0.8553403609456715,0.5906869728727585,-1.0
-0.02281398922538213,1.0563744049441568,0.1166665198885592,-0.13865435912403704,-1.0
0.18785199792575352,0.24721840032092926,-0.668544188032056,0.33399613342026707,-1.0
3.2450958373852368,0.7587034010968208,-0.9545900077338151,0.42467057685075577,-1.0
-0.05015011149743059,-0.5604772721560258,-1.05833680940296,-0.021716606026788914,-1.0
0.04573039913930353,0.5444724657219122,0.08224841552368195,-0.2621422193807923,-1.0
